代碼,名稱,首次訊號,訊號次數,已出場,獲利,虧損,勝率,平均單筆估算扣費報酬,停損出場,到期出場,尚未出場,資料待核對
2362,藍天,2024-01-02,11,10,2,8,0.2,-0.07995184682068703,8,2,1,0
2393,億光,2024-01-02,15,15,11,4,0.7333333333333333,0.05353701517188079,3,12,0,0
2467,志聖,2024-01-02,41,41,25,16,0.6097560975609756,0.2380519324230056,16,25,0,0
2501,國建,2024-01-02,17,16,10,6,0.625,0.10925846497001977,5,11,1,0
2610,華航,2024-01-02,16,14,3,11,0.21428571428571427,-0.05909294008405623,4,10,2,0
2618,長榮航,2024-01-02,17,16,9,7,0.5625,0.02491049502440776,1,15,1,0
3217,優群,2024-01-02,16,16,2,14,0.125,-0.10532126791548192,9,7,0,0
3338,泰碩,2024-01-02,17,17,4,13,0.23529411764705882,-0.08506410848711958,13,4,0,0
3390,旭軟,2024-01-02,8,8,0,8,0.0,-0.18195290067105951,8,0,0,0
3402,漢科,2024-01-02,25,25,6,19,0.24,-0.06095683528698748,16,9,0,0
3708,上緯投控,2024-01-02,15,15,7,8,0.4666666666666667,0.013239997929948432,7,8,0,0
5236,凌陽創新,2024-01-02,12,9,0,9,0.0,-0.1650636796851575,9,0,0,3
6113,亞矽,2024-01-02,7,7,4,3,0.5714285714285714,0.02938828240228042,3,4,0,0
6214,精誠,2024-01-02,22,18,8,10,0.4444444444444444,-0.03732178440902532,7,11,4,0
6223,旺矽,2024-01-02,36,36,23,13,0.6388888888888888,0.29818039739467106,11,25,0,0
6263,普萊德,2024-01-02,10,10,1,9,0.1,-0.1427913247511871,9,1,0,0
6275,元山,2024-01-02,8,8,5,3,0.625,0.04966894666448678,3,5,0,0
6412,群電,2024-01-02,11,11,4,7,0.36363636363636365,-0.036870518513615586,4,7,0,0
6416,瑞祺電通,2024-01-02,14,12,3,9,0.25,-0.08899178661233853,7,5,2,0
6689,伊雲谷,2024-01-02,13,13,0,13,0.0,-0.14971052510837682,12,1,0,0
6695,芯鼎,2024-01-02,25,25,5,20,0.2,-0.13133741438134308,19,6,0,0
6756,威鋒電子,2024-01-02,3,3,0,3,0.0,-0.17378388238247547,3,0,0,0
6782,視陽,2024-01-02,18,11,3,8,0.2727272727272727,-0.07585065166955615,2,9,5,2
2101,南港,2024-01-03,19,15,3,12,0.2,-0.05940143509842147,8,7,1,3
2206,三陽工業,2024-01-03,7,2,0,2,0.0,-0.027854673886024806,0,2,1,4
2331,精英,2024-01-03,11,11,1,10,0.09090909090909091,-0.11607089826381686,7,4,0,0
3178,公準,2024-01-03,7,7,1,6,0.14285714285714285,-0.09862555633980587,4,3,0,0
3228,金麗科,2024-01-03,13,13,2,11,0.15384615384615385,-0.03972524224558792,10,3,0,0
6117,迎廣,2024-01-03,11,11,1,10,0.09090909090909091,-0.09501658025419892,10,1,0,0
6176,瑞儀,2024-01-03,11,11,7,4,0.6363636363636364,0.0702784633086849,1,10,0,0
6180,橘子,2024-01-03,17,17,1,16,0.058823529411764705,-0.10211111034628378,10,7,0,0
6625,必應,2024-01-03,7,7,0,7,0.0,-0.14230935480372822,6,1,0,0
8096,擎亞,2024-01-03,29,29,15,14,0.5172413793103449,0.0424790967582333,13,16,0,0
9934,成霖,2024-01-03,2,2,2,0,1.0,0.06108193948765639,0,2,0,0
1325,恆大,2024-01-04,7,7,0,7,0.0,-0.14672023743600102,7,0,0,0
1732,毛寶,2024-01-04,2,2,0,2,0.0,-0.19839878827414048,2,0,0,0
2520,冠德,2024-01-04,24,17,12,5,0.7058823529411765,0.10928005949533061,5,12,7,0
2530,華建,2024-01-04,6,6,4,2,0.6666666666666666,0.06496694193496595,2,4,0,0
2603,長榮,2024-01-04,25,20,11,9,0.55,0.025068630898948376,6,14,5,0
2611,志信,2024-01-04,7,7,3,4,0.42857142857142855,0.11289085057751261,2,5,0,0
8422,可寧衛*,2024-01-04,8,5,1,4,0.2,-0.025715332198397212,0,5,0,3
8932,智通*,2024-01-04,13,9,7,2,0.7777777777777778,0.26908776362189407,2,7,0,4
1795,美時,2024-01-05,17,17,6,11,0.35294117647058826,-0.0651517116433798,9,8,0,0
2409,友達,2024-01-05,15,15,1,14,0.06666666666666667,-0.09895592944938558,13,2,0,0
2609,陽明,2024-01-05,23,19,4,15,0.21052631578947367,-0.07779575089558764,14,5,4,0
3032,偉訓,2024-01-05,17,17,4,13,0.23529411764705882,-0.026231063293174275,7,10,0,0
3207,耀勝,2024-01-05,16,16,12,4,0.75,0.29302504113650607,4,12,0,0
3588,通嘉,2024-01-05,10,10,0,10,0.0,-0.13410347880030288,9,1,0,0
5222,全訊,2024-01-05,12,12,4,8,0.3333333333333333,-0.06994807545635677,6,6,0,0
5225,東科-KY,2024-01-05,22,22,10,12,0.45454545454545453,0.09045910330991776,10,12,0,0
6462,神盾,2024-01-05,12,9,0,9,0.0,-0.14856644904034141,8,1,0,3
6531,愛普*,2024-01-05,22,22,5,17,0.22727272727272727,-0.060808008043900914,17,5,0,0
6684,安格,2024-01-05,15,15,3,12,0.2,-0.10699129926210915,12,3,0,0
6770,力積電,2024-01-05,28,28,17,11,0.6071428571428571,0.2671791839375313,11,17,0,0
8011,台通,2024-01-05,13,13,2,11,0.15384615384615385,-0.11370481935181075,10,3,0,0
2498,宏達電,2024-01-08,21,21,1,20,0.047619047619047616,-0.1384912836497759,19,2,0,0
3046,建碁,2024-01-08,1,1,0,1,0.0,-0.15415739354216362,1,0,0,0
3714,富采,2024-01-08,22,22,9,13,0.4090909090909091,0.0768130516173693,12,10,0,0
4736,泰博,2024-01-08,2,1,0,1,0.0,-0.09979790870047334,0,1,1,0
5309,系統電,2024-01-08,27,27,6,21,0.2222222222222222,-0.04202312345484001,16,11,0,0
6116,彩晶,2024-01-08,11,11,1,10,0.09090909090909091,-0.1117745547589851,10,1,0,0
2371,大同,2024-01-09,17,17,6,11,0.35294117647058826,-0.025694430536500647,8,9,0,0
4909,新復興,2024-01-09,23,23,13,10,0.5652173913043478,0.34030707171706615,10,13,0,0
4956,光鋐,2024-01-09,23,23,7,16,0.30434782608695654,-0.03224433071095269,16,7,0,0
5269,祥碩,2024-01-09,10,10,3,7,0.3,-0.045695686152725234,3,7,0,0
6120,達運,2024-01-09,9,9,2,7,0.2222222222222222,-0.06814992449586071,4,5,0,0
6187,萬潤,2024-01-09,32,30,17,13,0.5666666666666667,0.3222881956393314,10,20,2,0
6196,帆宣,2024-01-09,26,26,17,9,0.6538461538461539,0.12626484749526307,5,21,0,0
8467,波力-KY,2024-01-09,18,18,4,14,0.2222222222222222,-0.09446537970273144,13,5,0,0
9939,宏全,2024-01-09,19,16,9,7,0.5625,0.05011077219846959,5,11,3,0
3055,蔚華科,2024-01-10,24,24,6,18,0.25,-0.031405758793940565,18,6,0,0
3287,廣寰科,2024-01-10,4,4,0,4,0.0,-0.1361639769697896,4,0,0,0
6163,華電網,2024-01-10,25,25,9,16,0.36,0.10155977849339194,15,10,0,0
6164,華興,2024-01-10,2,2,0,2,0.0,-0.1021975352376775,1,1,0,0
6219,富旺,2024-01-10,12,12,7,5,0.5833333333333334,0.021113224809208974,5,7,0,0
8227,巨有科技,2024-01-10,15,15,0,15,0.0,-0.1505196050551921,13,2,0,0
9958,世紀鋼,2024-01-10,7,7,2,5,0.2857142857142857,-0.07708316294683047,4,3,0,0
3017,奇鋐,2024-01-11,16,14,11,3,0.7857142857142857,0.3376645219673379,3,11,2,0
3033,威健,2024-01-11,25,25,13,12,0.52,0.04162683839674454,10,15,0,0
3035,智原,2024-01-11,13,13,1,12,0.07692307692307693,-0.11666531978500684,9,4,0,0
3661,世芯-KY,2024-01-11,14,14,2,12,0.14285714285714285,-0.1168029884592725,11,3,0,0
5426,振發,2024-01-11,16,16,1,15,0.0625,-0.12459599206893524,14,2,0,0
6451,訊芯-KY,2024-01-11,29,27,2,25,0.07407407407407407,-0.05967772574186575,24,3,0,2
6643,M31,2024-01-11,19,19,0,19,0.0,-0.14399890431091056,16,3,0,0
8210,勤誠,2024-01-11,24,24,13,11,0.5416666666666666,0.14285051851322006,9,15,0,0
8464,億豐,2024-01-11,17,15,5,10,0.3333333333333333,-0.014732832723241796,7,8,2,0
2382,廣達,2024-01-12,20,20,7,13,0.35,-0.03803622233129645,12,8,0,0
2630,亞航,2024-01-12,17,16,1,15,0.0625,-0.11706254904439792,13,3,1,0
3622,洋華,2024-01-12,12,12,3,9,0.25,-0.0817131998040282,9,3,0,0
4147,中裕,2024-01-12,16,16,3,13,0.1875,-0.12408420200131867,10,6,0,0
8034,榮群,2024-01-12,8,8,0,8,0.0,-0.11930930714370964,6,2,0,0
8222,寶一,2024-01-12,5,5,0,5,0.0,-0.1322415054846205,4,1,0,0
1519,華城,2024-01-15,21,21,9,12,0.42857142857142855,0.10825986199735725,11,10,0,0
1560,中砂,2024-01-15,27,27,15,12,0.5555555555555556,0.016252435347994962,12,15,0,0
1609,大亞,2024-01-15,18,18,7,11,0.3888888888888889,0.014422697654862501,7,11,0,0
2486,一詮,2024-01-15,28,28,17,11,0.6071428571428571,0.32512641998370906,11,17,0,0
3030,德律,2024-01-15,30,30,21,9,0.7,0.3766650391410707,6,24,0,0
3034,聯詠,2024-01-15,12,11,4,7,0.36363636363636365,-0.030363336266147914,5,6,1,0
3289,宜特,2024-01-15,28,28,12,16,0.42857142857142855,0.014658935277013162,14,14,0,0
3587,閎康,2024-01-15,19,19,5,14,0.2631578947368421,-0.0226795248101735,11,8,0,0
5351,鈺創,2024-01-15,22,21,6,15,0.2857142857142857,-0.006697026947428173,15,6,1,0
6243,迅杰,2024-01-15,5,5,0,5,0.0,-0.14579816925888972,5,0,0,0
6472,保瑞,2024-01-15,6,2,0,2,0.0,-0.12306123108541439,2,0,3,1
8027,鈦昇,2024-01-15,27,27,15,12,0.5555555555555556,0.06222048106754951,11,16,0,0
1528,恩德,2024-01-16,20,20,7,13,0.35,0.013651344624848849,13,7,0,0
3131,弘塑,2024-01-16,21,21,13,8,0.6190476190476191,0.2607221937381721,8,13,0,0
3563,牧德,2024-01-16,30,30,20,10,0.6666666666666666,0.19392694324700438,10,20,0,0
3694,海華,2024-01-16,21,21,1,20,0.047619047619047616,-0.1273975457910282,18,3,0,0
5443,均豪,2024-01-16,37,37,15,22,0.40540540540540543,0.06561001952667722,18,19,0,0
6535,順藥,2024-01-16,23,19,7,12,0.3684210526315789,0.1170518700842252,9,10,0,4
6670,復盛應用,2024-01-16,17,12,9,3,0.75,0.04562256504560123,3,9,2,3
2809,京城銀,2024-01-17,14,13,9,4,0.6923076923076923,0.15235490681934005,2,11,0,1
3029,零壹,2024-01-17,22,22,11,11,0.5,0.040008273134009294,9,13,0,0
3702,大聯大,2024-01-17,17,16,9,7,0.5625,0.10105460371063149,1,15,0,1
4960,誠美材,2024-01-17,10,10,4,6,0.4,0.21837087195607116,4,6,0,0
4746,台耀,2024-01-18,4,4,0,4,0.0,-0.18980058700609845,4,0,0,0
2059,川湖,2024-01-19,23,19,11,8,0.5789473684210527,0.1617961879548444,8,11,4,0
2330,台積電,2024-01-19,18,18,14,4,0.7777777777777778,0.10459124258245295,3,15,0,0
3231,緯創,2024-01-19,21,19,3,16,0.15789473684210525,-0.07905442429997027,11,8,2,0
3265,台星科,2024-01-19,18,18,10,8,0.5555555555555556,0.06290916913177397,5,13,0,0
6233,旺玖,2024-01-19,6,6,0,6,0.0,-0.13586511226022793,6,0,0,0
6274,台燿,2024-01-19,30,30,20,10,0.6666666666666666,0.2140795335678578,9,21,0,0
6669,緯穎,2024-01-19,29,26,11,15,0.4230769230769231,0.0007534803778952992,12,14,3,0
2356,英業達,2024-01-22,18,18,4,14,0.2222222222222222,-0.06944354110762913,11,7,0,0
2453,凌群,2024-01-22,25,25,2,23,0.08,-0.12615348426840878,18,7,0,0
3380,明泰,2024-01-22,16,16,1,15,0.0625,-0.1285784254477643,14,2,0,0
3504,揚明光,2024-01-22,16,14,0,14,0.0,-0.15674634387072942,14,0,2,0
3615,安可,2024-01-22,24,24,3,21,0.125,-0.050990383165150144,21,3,0,0
3680,家登,2024-01-22,20,20,1,19,0.05,-0.0880771563010934,13,7,0,0
3706,神達,2024-01-22,26,26,12,14,0.46153846153846156,0.04029518067182424,11,15,0,0
4129,聯合,2024-01-22,7,7,2,5,0.2857142857142857,-0.03976488288721399,2,5,0,0
5432,新門,2024-01-22,15,15,5,10,0.3333333333333333,0.035351594814015744,10,5,0,0
6111,光聚晶電,2024-01-22,2,2,0,2,0.0,-0.15273469995516542,2,0,0,0
6205,詮欣,2024-01-22,12,12,0,12,0.0,-0.13961550877206103,10,2,0,0
6237,驊訊,2024-01-22,14,14,0,14,0.0,-0.15375632570093462,14,0,0,0
8054,安國,2024-01-22,17,17,0,17,0.0,-0.14548910369153692,15,2,0,0
8059,凱碩,2024-01-22,3,3,0,3,0.0,-0.16294329579780945,3,0,0,0
2421,建準,2024-01-23,20,18,7,11,0.3888888888888889,0.022204880541512,7,11,2,0
2460,建通,2024-01-23,8,8,0,8,0.0,-0.15394249307757807,7,1,0,0
4123,晟德,2024-01-23,14,13,0,13,0.0,-0.11219506202318713,7,6,0,1
5234,達興材料,2024-01-23,24,24,12,12,0.5,0.07549521040611014,9,15,0,0
6806,森崴能源,2024-01-23,14,14,4,10,0.2857142857142857,-0.08790600479458162,9,5,0,0
3293,鈊象,2024-01-24,16,15,8,7,0.5333333333333333,0.020993471354451922,3,12,1,0
3712,永崴投控,2024-01-24,20,20,10,10,0.5,-0.04666523423092811,8,12,0,0
5457,宣德,2024-01-24,9,9,2,7,0.2222222222222222,-0.09366856165277057,6,3,0,0
6546,正基,2024-01-24,20,20,2,18,0.1,-0.1363094493022081,18,2,0,0
8050,廣積,2024-01-24,13,9,1,8,0.1111111111111111,-0.09568176408750527,6,3,4,0
2365,昆盈,2024-01-25,27,27,10,17,0.37037037037037035,0.07133667576615647,14,13,0,0
2504,國產,2024-01-25,23,23,18,5,0.782608695652174,0.1910936644166208,1,22,0,0
3005,神基,2024-01-25,28,24,0,24,0.0,-0.12270983494059345,18,6,4,0
3354,律勝,2024-01-25,7,7,0,7,0.0,-0.17871867374832753,6,1,0,0
3376,新日興,2024-01-25,25,25,3,22,0.12,-0.09287732630092642,20,5,0,0
8110,華東,2024-01-25,30,30,19,11,0.6333333333333333,0.7915101953337611,9,21,0,0
3066,李洲,2024-01-26,3,3,0,3,0.0,-0.15865056641523467,3,0,0,0
3605,宏致,2024-01-26,37,33,8,25,0.24242424242424243,-0.0822215897166658,18,15,4,0
8069,元太,2024-01-26,14,10,0,10,0.0,-0.11741127895678713,8,2,0,4
8215,明基材,2024-01-26,6,6,1,5,0.16666666666666666,-0.1002914313804686,4,2,0,0
2211,長榮鋼,2024-01-29,14,14,6,8,0.42857142857142855,-0.0029986609669595305,5,9,0,0
3360,尚立,2024-01-29,9,9,0,9,0.0,-0.16285499148732416,9,0,0,0
6229,研通,2024-01-29,5,5,0,5,0.0,-0.1733546934724108,5,0,0,0
6442,光聖,2024-01-29,42,42,30,12,0.7142857142857143,0.37930704533235926,11,31,0,0
8040,九暘,2024-01-29,18,18,6,12,0.3333333333333333,-0.014429964337294135,10,8,0,0
8085,福華,2024-01-29,11,11,1,10,0.09090909090909091,-0.1114207178617713,7,4,0,0
2369,菱生,2024-01-30,27,27,9,18,0.3333333333333333,-0.019637781657755166,18,9,0,0
2383,台光電,2024-01-30,17,17,7,10,0.4117647058823529,0.04901411642927128,9,8,0,0
2465,麗臺,2024-01-30,14,12,7,5,0.5833333333333334,0.12261896627655348,5,7,2,0
3324,雙鴻,2024-01-30,19,16,12,4,0.75,0.3038818948065882,4,12,3,0
3535,晶彩科,2024-01-30,29,29,15,14,0.5172413793103449,0.35541026102955736,11,18,0,0
5274,信驊,2024-01-30,16,13,7,6,0.5384615384615384,0.16675063093102852,5,8,3,0
5434,崇越,2024-01-30,20,17,13,4,0.7647058823529411,0.13173950183626396,2,15,3,0
8064,東捷,2024-01-30,45,45,28,17,0.6222222222222222,0.29799727048153024,16,29,0,0
3038,全台,2024-01-31,4,4,0,4,0.0,-0.1172795740789217,3,1,0,0
3312,弘憶股,2024-01-31,33,33,13,20,0.3939393939393939,0.08907478037324987,20,13,0,0
3362,先進光,2024-01-31,21,20,3,17,0.15,-0.08138648587310282,15,5,1,0
3529,力旺,2024-01-31,8,8,4,4,0.5,-0.0049372095211917405,4,4,0,0
4908,前鼎,2024-01-31,19,19,7,12,0.3684210526315789,0.17347126667606003,11,8,0,0
6139,亞翔,2024-01-31,33,33,14,19,0.42424242424242425,0.008642276204087465,19,14,0,0
6179,亞通,2024-01-31,13,9,0,9,0.0,-0.15296982667220962,9,0,3,1
6270,倍微,2024-01-31,10,10,0,10,0.0,-0.17248857457255778,10,0,0,0
6584,南俊國際,2024-01-31,32,32,19,13,0.59375,0.09576103510919465,13,19,0,0
6585,鼎基,2024-01-31,18,18,4,14,0.2222222222222222,-0.044834481262657516,13,5,0,0
6667,信紘科,2024-01-31,20,20,7,13,0.35,0.0001350365149916821,11,9,0,0
8089,康全電訊,2024-01-31,12,12,3,9,0.25,-0.030996091399199528,9,3,0,0
8936,國統,2024-01-31,15,15,4,11,0.26666666666666666,-0.024383818397924733,9,6,0,0
3050,鈺德,2024-02-01,7,7,2,5,0.2857142857142857,-0.08394860764502468,5,2,0,0
3081,聯亞,2024-02-01,44,42,23,19,0.5476190476190477,0.5660796352784105,14,28,2,0
3530,晶相光,2024-02-01,5,5,0,5,0.0,-0.16750658965911436,5,0,0,0
6265,方土昶,2024-02-01,12,12,4,8,0.3333333333333333,0.00018797223055872872,8,4,0,0
7402,邑錡,2024-02-01,29,29,11,18,0.3793103448275862,-0.0026227147319714443,17,12,0,0
8111,立碁,2024-02-01,23,20,9,11,0.45,0.08016856321054237,10,10,3,0
2368,金像電,2024-02-02,17,17,6,11,0.35294117647058826,0.04629623481706394,10,7,0,0
2376,技嘉,2024-02-02,22,21,9,12,0.42857142857142855,-0.020082977869273266,12,9,1,0
3653,健策,2024-02-02,18,15,10,5,0.6666666666666666,0.12993174196512786,5,10,3,0
5284,jpp-KY,2024-02-02,31,31,13,18,0.41935483870967744,-0.019039500666332435,14,17,0,0
6533,晶心科,2024-02-02,14,12,0,12,0.0,-0.15255244584207828,12,0,2,0
6672,騰輝電子-KY,2024-02-02,28,28,11,17,0.39285714285714285,0.19870358842548835,16,12,0,0
6863,永道-KY,2024-02-02,7,2,0,2,0.0,-0.15677164445463526,2,0,0,5
3294,英濟,2024-02-05,19,19,0,19,0.0,-0.13826011720970685,19,0,0,0
3548,兆利,2024-02-05,7,7,0,7,0.0,-0.17792600268335398,7,0,0,0
4714,永捷,2024-02-05,9,9,4,5,0.4444444444444444,-0.006184216410948746,3,6,0,0
6698,旭暉應材,2024-02-05,8,8,0,8,0.0,-0.15448234285004714,7,1,0,0
8996,高力,2024-02-05,27,27,15,12,0.5555555555555556,0.25874198533972215,12,15,0,0
1319,東陽,2024-02-15,19,19,8,11,0.42105263157894735,-0.02077460583150848,8,11,0,0
1785,光洋科,2024-02-15,29,29,17,12,0.5862068965517241,0.11224973041346178,11,18,0,0
2329,華泰,2024-02-15,19,19,9,10,0.47368421052631576,-0.04908254816649299,10,9,0,0
3044,健鼎,2024-02-15,25,25,4,21,0.16,-0.08467673254306489,19,6,0,0
3416,融程電,2024-02-15,21,20,4,16,0.2,-0.09277999980287162,15,5,1,0
3437,榮創,2024-02-15,7,7,0,7,0.0,-0.17730780000303287,7,0,0,0
3483,力致,2024-02-15,12,12,0,12,0.0,-0.15174431250332895,12,0,0,0
3583,辛耘,2024-02-15,34,34,23,11,0.6764705882352942,0.34231199099076615,10,24,0,0
4966,譜瑞-KY,2024-02-15,19,19,0,19,0.0,-0.1202213268572711,14,5,0,0
4968,立積,2024-02-15,17,17,0,17,0.0,-0.1667762529769405,14,3,0,0
6125,廣運,2024-02-15,28,28,12,16,0.42857142857142855,0.07135592725736208,15,13,0,0
6290,良維,2024-02-15,41,41,17,24,0.4146341463414634,0.07723728496305607,21,20,0,0
8299,群聯,2024-02-15,28,28,12,16,0.42857142857142855,0.20933224538052345,13,15,0,0
1316,上曜,2024-02-16,11,11,1,10,0.09090909090909091,-0.09194530412607396,7,4,0,0
1503,士電,2024-02-16,19,19,10,9,0.5263157894736842,0.12602250506220358,9,10,0,0
1809,中釉,2024-02-16,19,19,3,16,0.15789473684210525,-0.08696339282960427,16,3,0,0
2476,鉅祥,2024-02-16,33,33,17,16,0.5151515151515151,0.020459540197312658,10,23,0,0
3010,華立,2024-02-16,19,15,13,2,0.8666666666666667,0.08360801455070146,2,13,0,4
3014,聯陽,2024-02-16,12,12,2,10,0.16666666666666666,-0.1435913553346241,10,2,0,0
3047,訊舟,2024-02-16,13,13,7,6,0.5384615384615384,0.2606136105007229,6,7,0,0
3234,光環,2024-02-16,35,30,11,19,0.36666666666666664,0.12405285211741965,19,11,5,0
3363,上詮,2024-02-16,33,33,11,22,0.3333333333333333,0.05279789469224386,18,15,0,0
3413,京鼎,2024-02-16,18,18,8,10,0.4444444444444444,-0.016352898205120307,10,8,0,0
3450,聯鈞,2024-02-16,35,35,10,25,0.2857142857142857,0.00027052737217190577,25,10,0,0
3526,凡甲,2024-02-16,20,18,9,9,0.5,0.046198392760543786,6,12,0,2
3592,瑞鼎,2024-02-16,14,14,3,11,0.21428571428571427,-0.09390910007448854,8,6,0,0
5381,光譜,2024-02-16,8,8,0,8,0.0,-0.12707073221376808,7,1,0,0
5474,聰泰,2024-02-16,21,21,1,20,0.047619047619047616,-0.14209580709207587,20,1,0,0
6126,信音,2024-02-16,10,10,0,10,0.0,-0.14843639308753526,10,0,0,0
6189,豐藝,2024-02-16,14,14,4,10,0.2857142857142857,-0.085419727835923,9,5,0,0
6197,佳必琪,2024-02-16,22,22,11,11,0.5,0.21697492980501834,11,11,0,0
6213,聯茂,2024-02-16,32,30,8,22,0.26666666666666666,0.09984385032771706,22,8,2,0
6715,嘉基,2024-02-16,19,19,8,11,0.42105263157894735,0.3229595848046172,10,9,0,0
6830,汎銓,2024-02-16,29,29,11,18,0.3793103448275862,0.4851617046551804,16,13,0,0
8147,正淩,2024-02-16,15,15,2,13,0.13333333333333333,-0.08573695742352877,11,4,0,0
8358,金居,2024-02-16,26,26,15,11,0.5769230769230769,0.2948966281253555,11,15,0,0
9914,美利達,2024-02-16,18,14,5,9,0.35714285714285715,-0.024816222300562556,6,8,4,0
9921,巨大,2024-02-16,13,8,3,5,0.375,-0.042647533665205434,3,5,5,0
1522,堤維西,2024-02-19,15,15,6,9,0.4,-0.006248442256470025,7,8,0,0
2031,新光鋼,2024-02-19,9,7,1,6,0.14285714285714285,-0.09326932073564885,4,3,2,0
3037,欣興,2024-02-19,35,35,26,9,0.7428571428571429,0.7451269315248868,9,26,0,0
3551,世禾,2024-02-19,25,25,4,21,0.16,-0.0710150207974786,14,11,0,0
4303,信立,2024-02-19,16,16,8,8,0.5,0.13541613197951752,8,8,0,0
4766,南寶,2024-02-19,16,16,4,12,0.25,-0.044429303121519034,7,9,0,0
4939,亞電,2024-02-19,11,8,0,8,0.0,-0.1489552741788322,8,0,2,1
4945,陞達科技股份有限公司,2024-02-19,4,4,0,4,0.0,-0.1254051016941592,4,0,0,0
5289,宜鼎,2024-02-19,28,28,15,13,0.5357142857142857,0.27329112351753654,13,15,0,0
5536,聖暉*,2024-02-19,31,31,18,13,0.5806451612903226,0.12261551793311697,10,21,0,0
5607,遠雄港,2024-02-19,4,3,0,3,0.0,-0.1238191333403768,1,2,1,0
6207,雷科,2024-02-19,32,32,16,16,0.5,0.16585014661977085,15,17,0,0
8070,長華*,2024-02-19,24,24,6,18,0.25,-0.0708783479694238,15,9,0,0
8086,宏捷科,2024-02-19,20,20,7,13,0.35,-0.04346042975489088,10,10,0,0
2049,上銀,2024-02-20,23,23,8,15,0.34782608695652173,-0.01318605933834008,13,10,0,0
3305,昇貿,2024-02-20,18,18,6,12,0.3333333333333333,0.01950445044260491,11,7,0,0
3438,類比科,2024-02-20,5,5,0,5,0.0,-0.17891958234100858,5,0,0,0
3607,谷崧,2024-02-20,4,4,0,4,0.0,-0.15335919462494144,4,0,0,0
4503,金雨,2024-02-20,13,13,0,13,0.0,-0.16094461431558577,13,0,0,0
4729,熒茂,2024-02-20,9,9,0,9,0.0,-0.1391419056742302,9,0,0,0
4933,友輝,2024-02-20,7,7,0,7,0.0,-0.1262780226875546,6,1,0,0
4953,緯致,2024-02-20,8,8,1,7,0.125,-0.09964980992509437,6,2,0,0
5306,桂盟,2024-02-20,2,2,0,2,0.0,-0.06211489945190285,0,2,0,0
6799,來頡,2024-02-20,9,9,0,9,0.0,-0.18976463933583604,9,0,0,0
6811,宏碁資訊,2024-02-20,9,8,0,8,0.0,-0.14875976401050112,8,0,1,0
8926,台汽電,2024-02-20,17,17,2,15,0.11764705882352941,-0.076996440851638,7,10,0,0
1513,中興電,2024-02-21,19,19,5,14,0.2631578947368421,-0.06185568419722496,11,8,0,0
1773,勝一,2024-02-21,19,19,3,16,0.15789473684210525,-0.09442453103969135,7,12,0,0
2379,瑞昱,2024-02-21,9,9,4,5,0.4444444444444444,-0.03651098974769029,2,7,0,0
2543,皇昌,2024-02-21,24,24,8,16,0.3333333333333333,0.007794042643263925,15,9,0,0
2637,慧洋-KY,2024-02-21,26,21,11,10,0.5238095238095238,0.02389534076489443,5,16,5,0
3163,波若威,2024-02-21,34,34,17,17,0.5,0.2499229207141005,15,19,0,0
3339,泰谷,2024-02-21,18,18,10,8,0.5555555555555556,0.12926465919026164,8,10,0,0
3689,湧德,2024-02-21,26,26,1,25,0.038461538461538464,-0.13363296413638118,23,3,0,0
5272,笙科,2024-02-21,2,2,0,2,0.0,-0.1646061233546593,2,0,0,0
5488,松普,2024-02-21,5,5,0,5,0.0,-0.16714564597345377,5,0,0,0
6165,浪凡,2024-02-21,6,6,0,6,0.0,-0.1498447848210252,5,1,0,0
6530,創威,2024-02-21,23,23,8,15,0.34782608695652173,0.006534398298376407,13,10,0,0
6668,中揚光,2024-02-21,7,7,2,5,0.2857142857142857,-0.07814931071598648,5,2,0,0
8930,青鋼,2024-02-21,1,1,0,1,0.0,-0.12647863759288258,0,1,0,0
2313,華通,2024-02-22,31,31,22,9,0.7096774193548387,0.44957922017791396,8,23,0,0
2484,希華,2024-02-22,21,21,10,11,0.47619047619047616,0.35797062956059955,10,11,0,0
3221,台嘉碩,2024-02-22,15,15,7,8,0.4666666666666667,0.10710336000216018,8,7,0,0
5403,中菲,2024-02-22,2,2,0,2,0.0,-0.16960521181116994,2,0,0,0
6204,艾華,2024-02-22,9,9,0,9,0.0,-0.1597994275849393,8,1,0,0
8105,凌巨,2024-02-22,18,18,6,12,0.3333333333333333,-0.06057254373417104,10,8,0,0
1717,長興,2024-02-23,26,26,9,17,0.34615384615384615,0.04682034252051629,12,14,0,0
2360,致茂,2024-02-23,33,33,25,8,0.7575757575757576,0.2755229203654805,8,25,0,0
2405,輔信,2024-02-23,18,18,3,15,0.16666666666666666,-0.09888257972987136,12,6,0,0
2449,京元電子,2024-02-23,21,19,14,5,0.7368421052631579,0.2924869283744349,5,14,0,2
2454,聯發科,2024-02-23,22,21,8,13,0.38095238095238093,0.021796516496444228,13,8,1,0
4770,上品,2024-02-23,15,14,1,13,0.07142857142857142,-0.1288228303927359,11,3,1,0
6168,宏齊,2024-02-23,11,11,2,9,0.18181818181818182,-0.12011200081167119,9,2,0,0
6288,聯嘉光電,2024-02-23,6,6,0,6,0.0,-0.1564040519553367,6,0,0,0
6292,迅德,2024-02-23,2,2,0,2,0.0,-0.15432979409020503,2,0,0,0
6613,朋億*,2024-02-23,23,23,9,14,0.391304347826087,0.05480725942636499,12,11,0,0
6679,鈺太,2024-02-23,8,8,6,2,0.75,0.22644479402919138,2,6,0,0
6788,華景電,2024-02-23,26,26,12,14,0.46153846153846156,0.09348123326679364,9,17,0,0
6789,采鈺,2024-02-23,31,31,7,24,0.22580645161290322,-0.025199302131288077,20,11,0,0
1342,八貫,2024-02-26,9,9,0,9,0.0,-0.12946797579006528,6,3,0,0
1514,亞力,2024-02-26,20,20,2,18,0.1,-0.09913312721092657,15,5,0,0
2387,精元,2024-02-26,9,9,7,2,0.7777777777777778,0.011605958731744736,1,8,0,0
3227,原相,2024-02-26,21,21,4,17,0.19047619047619047,-0.10424011283158796,16,5,0,0
4755,三福化,2024-02-26,10,10,3,7,0.3,-0.06368769526200738,5,5,0,0
4763,材料*-KY,2024-02-26,14,11,5,6,0.45454545454545453,-0.037616522208569064,6,5,3,0
5452,佶優,2024-02-26,13,13,2,11,0.15384615384615385,-0.111493251180087,11,2,0,0
6414,樺漢,2024-02-26,23,22,9,13,0.4090909090909091,0.00818760570093405,9,13,1,0
6532,瑞耘,2024-02-26,15,13,0,13,0.0,-0.15121678203363517,12,1,2,0
6579,研揚,2024-02-26,8,8,2,6,0.25,-0.0864668231417307,5,3,0,0
6691,洋基工程,2024-02-26,30,30,15,15,0.5,-0.013733177227041616,8,22,0,0
6829,千附精密,2024-02-26,21,21,6,15,0.2857142857142857,0.03940355239822172,14,7,0,0
8182,加高,2024-02-26,10,10,0,10,0.0,-0.18101611627086084,10,0,0,0
1711,永光,2024-02-27,24,24,8,16,0.3333333333333333,0.17860227496994588,12,12,0,0
2428,興勤,2024-02-27,18,18,4,14,0.2222222222222222,-0.05576355866205797,11,7,0,0
3027,盛達,2024-02-27,6,6,0,6,0.0,-0.1467691311818596,4,2,0,0
4542,科嶠,2024-02-27,21,21,6,15,0.2857142857142857,0.1283300392144072,15,6,0,0
4543,萬在,2024-02-27,8,8,0,8,0.0,-0.14815853605169632,8,0,0,0
4973,廣穎電通,2024-02-27,26,26,8,18,0.3076923076923077,0.07114928035560339,18,8,0,0
5508,永信建,2024-02-27,24,23,13,10,0.5652173913043478,0.3050765605643219,9,14,1,0
6167,久正,2024-02-27,2,2,0,2,0.0,-0.12820666407294723,2,0,0,0
6218,豪勉,2024-02-27,11,8,0,8,0.0,-0.16334271310937043,8,0,3,0
6438,迅得,2024-02-27,27,27,9,18,0.3333333333333333,0.01256289179179978,15,12,0,0
6509,聚和,2024-02-27,13,12,2,10,0.16666666666666666,-0.08833091333776684,9,3,0,1
6561,是方,2024-02-27,8,8,4,4,0.5,-0.036932667023413676,3,5,0,0
6712,長聖,2024-02-27,14,7,0,7,0.0,-0.1659867529309487,7,0,4,3
8271,宇瞻,2024-02-27,28,28,13,15,0.4642857142857143,0.17375818552459643,15,13,0,0
8442,威宏-KY,2024-02-27,1,1,0,1,0.0,-0.045671942758762185,0,1,0,0
1402,遠東新,2024-02-29,8,6,6,0,1.0,0.055295853964283236,0,6,2,0
1504,東元,2024-02-29,17,17,7,10,0.4117647058823529,-0.04881053043116652,6,11,0,0
1590,亞德客-KY,2024-02-29,16,16,6,10,0.375,-0.05911389896409292,10,6,0,0
1815,富喬,2024-02-29,44,38,14,24,0.3684210526315789,0.018621277002875917,24,14,6,0
2006,東和鋼鐵,2024-02-29,18,13,5,8,0.38461538461538464,-0.004767674120773442,4,9,5,0
2347,聯強,2024-02-29,12,11,5,6,0.45454545454545453,0.0023079126309351757,3,8,1,0
2399,映泰,2024-02-29,25,25,4,21,0.16,-0.0818078561903031,20,5,0,0
2442,新美齊,2024-02-29,9,9,5,4,0.5555555555555556,0.026911933999876212,4,5,0,0
2495,普安,2024-02-29,25,20,9,11,0.45,-0.0029297357345605068,11,9,0,5
2881,富邦金,2024-02-29,19,17,14,3,0.8235294117647058,0.12894541483191396,1,16,2,0
3004,豐達科,2024-02-29,12,12,2,10,0.16666666666666666,-0.10409281758122509,9,3,0,0
3147,大綜,2024-02-29,21,21,2,19,0.09523809523809523,-0.12833674972669598,18,3,0,0
3372,典範,2024-02-29,8,8,0,8,0.0,-0.12972130160293133,8,0,0,0
3581,博磊,2024-02-29,18,18,2,16,0.1111111111111111,-0.10985347095080121,15,3,0,0
3691,碩禾,2024-02-29,17,17,6,11,0.35294117647058826,-0.07815667109821875,11,6,0,0
4977,眾達-KY,2024-02-29,25,24,4,20,0.16666666666666666,-0.06154367056127511,16,8,0,1
6208,日揚,2024-02-29,7,7,1,6,0.14285714285714285,-0.10933544873822401,6,1,0,0
6227,茂綸,2024-02-29,19,19,4,15,0.21052631578947367,-0.0985305943043502,15,4,0,0
6231,系微,2024-02-29,23,23,10,13,0.43478260869565216,0.06405749051384547,12,11,0,0
6279,胡連,2024-02-29,12,9,0,9,0.0,-0.10995510384520933,5,4,3,0
8091,翔名,2024-02-29,25,25,16,9,0.64,0.16898052629125018,9,16,0,0
8114,振樺電,2024-02-29,20,20,13,7,0.65,0.1409147928380486,6,14,0,0
8473,山林水,2024-02-29,11,11,0,11,0.0,-0.13129724422164743,9,2,0,0
1589,永冠-KY,2024-03-01,3,3,0,3,0.0,-0.18119728777734934,3,0,0,0
1591,駿吉-KY,2024-03-01,6,6,1,5,0.16666666666666666,-0.10204924772302996,5,1,0,0
2404,漢唐,2024-03-01,22,22,10,12,0.45454545454545453,0.014230002384697672,9,13,0,0
2455,全新,2024-03-01,27,24,9,15,0.375,0.19547694510953148,13,11,3,0
3232,昱捷,2024-03-01,1,1,0,1,0.0,-0.15463773420909777,1,0,0,0
3356,奇偶,2024-03-01,16,15,7,8,0.4666666666666667,0.03838761245916655,7,8,1,0
3515,華擎,2024-03-01,19,19,5,14,0.2631578947368421,-0.06559706540969579,11,8,0,0
3533,嘉澤,2024-03-01,18,18,10,8,0.5555555555555556,0.1264084781864036,8,10,0,0
3701,大眾控,2024-03-01,18,18,4,14,0.2222222222222222,-0.08702653451642717,14,4,0,0
6005,群益證,2024-03-01,30,30,15,15,0.5,0.029143892152115762,9,21,0,0
2204,中華,2024-03-04,10,9,0,9,0.0,-0.07794819739475888,2,7,1,0
2230,泰茂,2024-03-04,3,3,0,3,0.0,-0.1563995145987137,3,0,0,0
2305,全友,2024-03-04,8,8,2,6,0.25,-0.04666109184254277,6,2,0,0
2367,燿華,2024-03-04,29,29,16,13,0.5517241379310345,0.23402908794875474,11,18,0,0
2385,群光,2024-03-04,7,7,0,7,0.0,-0.1306083473614974,6,1,0,0
2417,圓剛,2024-03-04,17,17,0,17,0.0,-0.1565027826251037,17,0,0,0
3013,晟銘電,2024-03-04,18,18,4,14,0.2222222222222222,-0.03247174897745348,14,4,0,0
3042,晶技,2024-03-04,20,20,10,10,0.5,0.2124617035049195,9,11,0,0
4109,加捷生醫,2024-03-04,7,7,0,7,0.0,-0.15506969345362867,5,2,0,0
4915,致伸,2024-03-04,15,15,5,10,0.3333333333333333,-0.026205582876472743,8,7,0,0
5251,天鉞電,2024-03-04,8,8,0,8,0.0,-0.1590110630814257,6,2,0,0
5388,中磊,2024-03-04,9,9,0,9,0.0,-0.13499796710414716,6,3,0,0
6217,中探針,2024-03-04,24,24,11,13,0.4583333333333333,0.26431451974451586,11,13,0,0
6239,力成,2024-03-04,19,19,7,12,0.3684210526315789,-0.06908638443087291,11,8,0,0
8016,矽創,2024-03-04,14,14,5,9,0.35714285714285715,-0.03738031116616969,9,5,0,0
8478,東哥遊艇,2024-03-04,7,7,3,4,0.42857142857142855,-0.0015050101924548587,3,4,0,0
1409,新纖,2024-03-05,19,19,7,12,0.3684210526315789,0.08868566544415629,8,11,0,0
2539,櫻花建,2024-03-05,7,6,3,3,0.5,-0.01894408360993638,3,3,1,0
2845,遠東銀,2024-03-05,9,7,6,1,0.8571428571428571,0.06812436265383649,0,7,2,0
3325,旭品,2024-03-05,2,2,0,2,0.0,-0.14397476179416901,2,0,0,0
4768,晶呈科技,2024-03-05,26,26,16,10,0.6153846153846154,0.22015591644676438,8,18,0,0
4906,正文,2024-03-05,20,20,7,13,0.35,-0.01601476076848135,11,9,0,0
5465,富驊,2024-03-05,6,6,0,6,0.0,-0.14796745876044964,6,0,0,0
6143,振曜,2024-03-05,20,20,2,18,0.1,-0.1239919932979584,18,2,0,0
6591,動力-KY,2024-03-05,6,6,0,6,0.0,-0.11919172535057726,4,2,0,0
8163,達方,2024-03-05,11,11,2,9,0.18181818181818182,-0.10463769075368608,9,2,0,0
1455,集盛,2024-03-06,4,4,1,3,0.25,-0.09719703453943346,3,1,0,0
2316,楠梓電,2024-03-06,30,30,18,12,0.6,0.16729139210322874,11,19,0,0
2464,盟立,2024-03-06,36,36,17,19,0.4722222222222222,0.1277610391083306,17,19,0,0
3540,曜越,2024-03-06,2,2,0,2,0.0,-0.1393861855170082,2,0,0,0
3645,達邁,2024-03-06,20,19,0,19,0.0,-0.14138859787305744,19,0,0,1
3663,鑫科,2024-03-06,25,25,10,15,0.4,0.06610788433427536,13,12,0,0
3669,圓展,2024-03-06,1,1,0,1,0.0,-0.1675695733883943,1,0,0,0
4912,聯德控股-KY,2024-03-06,19,18,1,17,0.05555555555555555,-0.13351258133072788,13,5,1,0
5202,力新,2024-03-06,8,8,0,8,0.0,-0.14826105582742383,8,0,0,0
5498,凱崴,2024-03-06,25,25,16,9,0.64,0.22538208453588582,9,16,0,0
6161,捷波,2024-03-06,7,4,1,3,0.25,-0.057398914428001796,3,1,0,3
6703,軒郁,2024-03-06,1,1,0,1,0.0,-0.08141545557192598,0,1,0,0
2025,千興,2024-03-07,2,2,0,2,0.0,-0.15311042143736675,1,1,0,0
2855,統一證,2024-03-07,27,27,18,9,0.6666666666666666,0.09392754567207255,8,19,0,0
3169,亞信,2024-03-07,3,3,0,3,0.0,-0.16272158316251784,3,0,0,0
3564,其陽,2024-03-07,11,11,1,10,0.09090909090909091,-0.1520294245156031,10,1,0,0
3711,日月光投控,2024-03-07,17,17,9,8,0.5294117647058824,0.187229996694344,7,10,0,0
6016,康和證,2024-03-07,18,18,5,13,0.2777777777777778,-0.03112476989040497,9,9,0,0
6121,新普,2024-03-07,11,11,1,10,0.09090909090909091,-0.09466155293852814,7,4,0,0
8150,南茂,2024-03-07,27,27,16,11,0.5925925925925926,0.2340533828764174,10,17,0,0
5386,青雲,2024-03-08,26,26,14,12,0.5384615384615384,1.1176973423683727,11,15,0,0
6190,萬泰科,2024-03-08,26,26,11,15,0.4230769230769231,0.01810180887630136,10,16,0,0
1608,華榮,2024-03-11,22,20,15,5,0.75,0.1819445709934876,5,15,2,0
2395,研華,2024-03-11,18,15,7,8,0.4666666666666667,0.10344213413981757,8,7,3,0
3617,碩天,2024-03-11,24,20,11,9,0.55,0.03758369056590993,8,12,4,0
2317,鴻海,2024-03-12,16,15,10,5,0.6666666666666666,0.19893321227152502,5,10,0,1
5519,隆大,2024-03-12,9,9,3,6,0.3333333333333333,-0.01192309779813885,6,3,0,0
2354,鴻準,2024-03-13,20,19,3,16,0.15789473684210525,-0.08515002762379606,12,7,1,0
3071,協禧,2024-03-13,2,2,0,2,0.0,-0.15549116435414884,2,0,0,0
6026,福邦證,2024-03-13,6,6,0,6,0.0,-0.07449198703828669,3,3,0,0
6122,擎邦,2024-03-13,2,2,0,2,0.0,-0.16313089982715157,2,0,0,0
6278,台表科,2024-03-13,17,17,11,6,0.6470588235294118,0.0777611041238564,5,12,0,0
6605,帝寶,2024-03-13,15,15,9,6,0.6,0.06658427292137928,4,11,0,0
1808,潤隆,2024-03-14,11,3,0,3,0.0,-0.12883006573098912,3,0,3,5
2009,第一銅,2024-03-14,21,21,7,14,0.3333333333333333,-0.021732707987005932,13,8,0,0
2020,美亞,2024-03-14,4,4,0,4,0.0,-0.0814471135800025,1,3,0,0
2241,艾姆勒,2024-03-14,15,15,2,13,0.13333333333333333,-0.09872724082356034,10,5,0,0
2597,潤弘,2024-03-14,23,23,9,14,0.391304347826087,-0.007870257035643596,10,13,0,0
2834,臺企銀,2024-03-14,8,7,5,2,0.7142857142857143,0.023505560827224246,1,6,1,0
2850,新產,2024-03-14,8,7,4,3,0.5714285714285714,0.03563803952911247,1,6,1,0
2883,凱基金,2024-03-14,22,21,19,2,0.9047619047619048,0.11048354077963021,2,19,1,0
3322,建舜電,2024-03-14,4,4,0,4,0.0,-0.1519216616188497,4,0,0,0
6230,尼得科超眾,2024-03-14,11,11,1,10,0.09090909090909091,-0.13478398260444857,10,1,0,0
6491,晶碩,2024-03-14,18,15,3,12,0.2,-0.09661389092390608,8,7,3,0
6596,寬宏藝術,2024-03-14,13,13,5,8,0.38461538461538464,-0.07666757282544681,6,7,0,0
1477,聚陽,2024-03-15,11,11,6,5,0.5454545454545454,-0.0608415340649284,4,7,0,0
2471,資通,2024-03-15,2,2,0,2,0.0,-0.16603182258039728,1,1,0,0
2474,可成,2024-03-15,12,12,4,8,0.3333333333333333,-0.07318872249732611,7,5,0,0
2889,國票金,2024-03-15,19,16,6,10,0.375,-0.002564470630681437,0,16,3,0
2890,永豐金,2024-03-15,14,12,10,2,0.8333333333333334,0.10904524422842649,0,12,2,0
2903,遠百,2024-03-15,10,9,2,7,0.2222222222222222,0.002319739481619355,1,8,1,0
5347,世界,2024-03-15,17,10,3,7,0.3,-0.04814985858056618,7,3,0,7
5515,建國,2024-03-15,5,5,3,2,0.6,0.006326156907074587,2,3,0,0
6409,旭隼,2024-03-15,7,7,2,5,0.2857142857142857,-0.03513875220406285,4,3,0,0
2323,中環,2024-03-18,13,13,3,10,0.23076923076923078,-0.06308038161853893,4,9,0,0
2348,海悅,2024-03-18,27,26,14,12,0.5384615384615384,0.25247109482717245,12,14,1,0
5534,長虹,2024-03-18,24,24,10,14,0.4166666666666667,0.013153260080119702,12,12,0,0
6206,飛捷,2024-03-18,22,19,6,13,0.3157894736842105,-0.06933521084338065,13,6,3,0
9904,寶成,2024-03-18,13,13,3,10,0.23076923076923078,-0.05923277523781176,4,9,0,0
2308,台達電,2024-03-19,20,20,16,4,0.8,0.376454023436096,3,17,0,0
2359,所羅門,2024-03-19,28,27,8,19,0.2962962962962963,0.10519084588241653,19,8,1,0
3264,欣銓,2024-03-19,26,26,19,7,0.7307692307692307,0.16292713258060068,7,19,0,0
3596,智易,2024-03-19,12,12,8,4,0.6666666666666666,0.04976854496997626,4,8,0,0
4938,和碩,2024-03-19,11,10,5,5,0.5,0.0011121632733958164,4,6,1,0
5483,中美晶,2024-03-19,17,16,3,13,0.1875,-0.0935326840290193,13,3,1,0
6146,耕興,2024-03-19,8,8,4,4,0.5,-0.03948417782650142,4,4,0,0
6188,廣明,2024-03-19,22,22,1,21,0.045454545454545456,-0.13559852149826826,19,3,0,0
6577,勁豐,2024-03-19,5,5,4,1,0.8,0.030518722019559498,1,4,0,0
6753,龍德造船,2024-03-19,22,22,7,15,0.3181818181818182,-0.06981577101596637,15,7,0,0
8112,至上,2024-03-19,27,26,12,14,0.46153846153846156,0.029943841211939583,13,13,1,0
1215,卜蜂,2024-03-20,7,7,5,2,0.7142857142857143,0.05123487906798617,0,7,0,0
1723,中碳,2024-03-20,6,4,1,3,0.25,-0.06420712346084118,2,2,2,0
2301,光寶科,2024-03-20,20,17,6,11,0.35294117647058826,0.025889673887375758,9,8,3,0
2451,創見,2024-03-20,28,28,11,17,0.39285714285714285,0.12290167115248116,14,14,0,0
3088,艾訊,2024-03-20,27,27,14,13,0.5185185185185185,0.055633927891802507,12,15,0,0
3406,玉晶光,2024-03-20,27,24,5,19,0.20833333333333334,-0.0994920226721238,17,7,3,0
4583,台灣精銳,2024-03-20,26,26,16,10,0.6153846153846154,0.29756820940913226,10,16,0,0
4958,臻鼎-KY,2024-03-20,41,41,19,22,0.4634146341463415,0.19854722079105752,19,22,0,0
6166,凌華,2024-03-20,26,26,13,13,0.5,0.16136224629834794,12,14,0,0
6191,精成科,2024-03-20,7,7,0,7,0.0,-0.11254134448834653,4,3,0,0
6257,矽格,2024-03-20,21,21,13,8,0.6190476190476191,0.13612160665964648,6,15,0,0
8234,新漢,2024-03-20,26,26,4,22,0.15384615384615385,-0.11786529309534712,20,6,0,0
1616,億泰,2024-03-21,9,9,6,3,0.6666666666666666,0.07210066712577116,3,6,0,0
2236,百達-KY,2024-03-21,21,16,5,11,0.3125,-0.02382085508550051,7,9,0,5
2548,華固,2024-03-21,17,17,8,9,0.47058823529411764,0.02874023334564438,8,9,0,0
3083,網龍,2024-03-21,2,2,0,2,0.0,-0.11548929367995586,1,1,0,0
6640,均華,2024-03-21,35,32,16,16,0.5,0.14721231118291306,15,17,3,0
1618,合機,2024-03-22,14,14,8,6,0.5714285714285714,0.14121139766235272,6,8,0,0
2406,國碩,2024-03-22,26,26,5,21,0.19230769230769232,-0.0515375860151112,17,9,0,0
3062,建漢,2024-03-22,19,19,1,18,0.05263157894736842,-0.10992157003272807,16,3,0,0
5439,高技,2024-03-22,20,20,7,13,0.35,0.01726249704649847,12,8,0,0
6177,達麗,2024-03-22,28,26,10,16,0.38461538461538464,0.05554364580087331,15,11,2,0
1612,宏泰,2024-03-25,11,11,6,5,0.5454545454545454,0.026798156613074074,2,9,0,0
3059,華晶科,2024-03-25,23,23,4,19,0.17391304347826086,-0.10263224508266093,16,7,0,0
5258,虹堡,2024-03-25,6,6,0,6,0.0,-0.14619089278200484,6,0,0,0
6284,佳邦,2024-03-25,16,16,6,10,0.375,-0.06815043321602574,10,6,0,0
8033,雷虎,2024-03-25,23,23,10,13,0.43478260869565216,0.06757998782774294,10,13,0,0
1603,華電,2024-03-26,4,4,0,4,0.0,-0.10285196255705056,3,1,0,0
3703,欣陸,2024-03-26,9,9,6,3,0.6666666666666666,0.062486376105468894,2,7,0,0
4576,大銀微系統,2024-03-26,38,36,15,21,0.4166666666666667,0.037349309537690716,21,15,2,0
6215,和椿,2024-03-26,29,29,10,19,0.3448275862068966,0.019183581562763202,14,15,0,0
6569,醫揚,2024-03-26,7,7,1,6,0.14285714285714285,-0.10609207876568445,4,3,0,0
8092,建暐,2024-03-26,1,1,0,1,0.0,-0.18854133801322814,1,0,0,0
3498,陽程,2024-03-27,21,20,2,18,0.1,-0.016260702360182365,16,4,1,0
4526,東台,2024-03-27,25,25,3,22,0.12,-0.09481020944041547,21,4,0,0
6517,保勝光學,2024-03-27,7,7,0,7,0.0,-0.14050987548547117,7,0,0,0
9933,中鼎,2024-03-27,11,11,8,3,0.7272727272727273,0.033454298811930634,3,8,0,0
2328,廣宇,2024-03-28,23,23,8,15,0.34782608695652173,-0.0668071555690742,11,12,0,0
5371,中強光電股份有限公司,2024-03-28,28,28,12,16,0.42857142857142855,0.0011085967949680808,10,18,0,0
2891,中信金,2024-03-29,15,15,11,4,0.7333333333333333,0.058759876548317415,2,13,0,0
3512,皇龍,2024-03-29,6,6,3,3,0.5,-0.04232773626395334,3,3,0,0
8390,金益鼎,2024-03-29,21,17,10,7,0.5882352941176471,0.039168127084787216,7,10,0,4
1587,吉茂,2024-04-01,16,16,4,12,0.25,0.02372387595050217,12,4,0,0
1786,科妍,2024-04-01,14,10,1,9,0.1,-0.13972448674735993,9,1,0,4
2228,劍麟,2024-04-01,13,13,1,12,0.07692307692307693,-0.1294456331061446,12,1,0,0
2327,國巨*,2024-04-01,21,18,9,9,0.5,0.26163312274402645,8,10,0,3
2439,美律,2024-04-01,8,8,2,6,0.25,-0.0822738319989773,6,2,0,0
2492,華新科,2024-04-01,18,18,10,8,0.5555555555555556,0.11929427976041213,8,10,0,0
2527,宏璟,2024-04-01,9,8,1,7,0.125,-0.11696023005110806,6,2,1,0
2537,聯上發,2024-04-01,12,12,5,7,0.4166666666666667,0.10537026221158625,6,6,0,0
2540,愛山林,2024-04-01,19,19,8,11,0.42105263157894735,0.15770119174771055,11,8,0,0
2634,漢翔,2024-04-01,22,15,4,11,0.26666666666666666,-0.06357025132867557,6,9,7,0
2066,世德,2024-04-02,7,7,5,2,0.7142857142857143,-0.013968999470695012,2,5,0,0
2374,佳能,2024-04-02,31,31,19,12,0.6129032258064516,0.17492165313570665,9,22,0,0
2515,中工,2024-04-02,18,18,2,16,0.1111111111111111,-0.11269933062670422,13,5,0,0
3673,TPK-KY,2024-04-02,29,29,12,17,0.41379310344827586,0.06550509036746405,14,15,0,0
6234,高僑,2024-04-02,10,10,0,10,0.0,-0.15188305480161962,10,0,0,0
6664,群翊,2024-04-02,29,23,10,13,0.43478260869565216,0.04656661787544787,11,12,0,6
3213,茂訊,2024-04-03,20,19,2,17,0.10526315789473684,-0.11081804595444644,15,4,1,0
1104,環泥,2024-04-08,4,4,2,2,0.5,0.03017102258689533,0,4,0,0
2402,毅嘉,2024-04-08,22,22,6,16,0.2727272727272727,-0.07156103965125839,15,7,0,0
2472,立隆電,2024-04-08,40,40,18,22,0.45,0.1848715907013835,19,21,0,0
4306,炎洲,2024-04-08,2,2,2,0,1.0,0.09879899171718598,0,2,0,0
4533,協易機,2024-04-08,18,18,4,14,0.2222222222222222,-0.03254215939324591,13,5,0,0
6186,新潤,2024-04-08,12,12,4,8,0.3333333333333333,0.02331957555245756,5,7,0,0
6548,長科*,2024-04-08,24,24,8,16,0.3333333333333333,-0.02068748262920792,14,10,0,0
6578,達邦蛋白,2024-04-08,1,1,1,0,1.0,0.062248383088062464,0,1,0,0
1584,精剛,2024-04-09,11,11,0,11,0.0,-0.09250319198237626,5,6,0,0
1605,華新,2024-04-09,22,22,4,18,0.18181818181818182,-0.04702818587225734,13,9,0,0
1736,喬山,2024-04-09,27,25,17,8,0.68,0.1513245483082767,8,17,2,0
2363,矽統,2024-04-09,15,15,3,12,0.2,-0.09342966814118467,10,5,0,0
3015,全漢,2024-04-09,12,12,1,11,0.08333333333333333,-0.11750041550304326,8,4,0,0
3260,威剛,2024-04-09,17,4,0,4,0.0,-0.1310082260642435,3,1,0,13
3306,鼎天,2024-04-09,13,13,0,13,0.0,-0.15176031571799192,13,0,0,0
3666,光耀,2024-04-09,4,4,1,3,0.25,-0.05506775074472528,2,2,0,0
4513,福裕,2024-04-09,14,14,3,11,0.21428571428571427,-0.05928111145555929,11,3,0,0
8088,品安,2024-04-09,14,14,1,13,0.07142857142857142,-0.12859881623489341,12,2,0,0
1535,中宇,2024-04-10,3,3,0,3,0.0,-0.11656908888389117,2,1,0,0
1789,神隆,2024-04-10,2,2,0,2,0.0,-0.09278646775030636,1,1,0,0
2645,長榮航太,2024-04-10,23,22,7,15,0.3181818181818182,-0.02401244659004639,11,11,1,0
3056,富華新,2024-04-10,11,11,6,5,0.5454545454545454,0.055766929609321066,3,8,0,0
3167,大量,2024-04-10,27,26,11,15,0.4230769230769231,0.24472860074073965,12,14,1,0
3444,利機,2024-04-10,12,12,0,12,0.0,-0.13507915472149834,10,2,0,0
3707,漢磊,2024-04-10,19,19,5,14,0.2631578947368421,-0.10501318890728249,14,5,0,0
4532,瑞智,2024-04-10,11,11,5,6,0.45454545454545453,-0.045427536763396816,5,6,0,0
4967,十銓,2024-04-10,36,35,23,12,0.6571428571428571,0.1867847725004565,11,24,1,0
6443,元晶,2024-04-10,18,18,8,10,0.4444444444444444,0.2728021308267688,7,11,0,0
6538,倉和,2024-04-10,18,11,1,10,0.09090909090909091,-0.13164130630601886,10,1,7,0
8081,致新,2024-04-10,13,13,4,9,0.3076923076923077,-0.08405829916834502,5,8,0,0
8255,朋程,2024-04-10,15,15,4,11,0.26666666666666666,-0.0812860416272549,11,4,0,0
9938,百和,2024-04-10,15,14,5,9,0.35714285714285715,-0.05067029692655789,5,9,1,0
2353,宏碁,2024-04-11,10,10,1,9,0.1,-0.0922526488406373,7,3,0,0
2493,揚博,2024-04-11,23,22,2,20,0.09090909090909091,-0.10795298153616412,18,4,1,0
2882,國泰金,2024-04-11,17,16,9,7,0.5625,0.0662947657467825,1,15,1,0
3060,銘異,2024-04-11,19,19,2,17,0.10526315789473684,-0.12059903133430923,17,2,0,0
3675,德微,2024-04-11,23,23,8,15,0.34782608695652173,0.05176629078904443,15,8,0,0
6515,穎崴,2024-04-11,14,14,7,7,0.5,0.4565852663839273,6,8,0,0
8155,博智,2024-04-11,23,23,8,15,0.34782608695652173,-0.02985373806635779,11,12,0,0
2636,台驊控股,2024-04-12,5,4,1,3,0.25,-0.09843176803973905,3,1,1,0
2704,國賓,2024-04-12,5,5,2,3,0.4,-0.03153906752265001,1,4,0,0
2731,雄獅,2024-04-12,15,15,7,8,0.4666666666666667,-0.044607530163103024,5,10,0,0
5512,力麒,2024-04-12,7,7,4,3,0.5714285714285714,-0.02654699930685681,3,4,0,0
6449,鈺邦,2024-04-12,26,26,10,16,0.38461538461538464,0.04626883093151003,13,13,0,0
9955,佳龍,2024-04-12,8,8,1,7,0.125,-0.11136485291264864,7,1,0,0
1442,名軒,2024-04-15,17,17,10,7,0.5882352941176471,0.08254212803189397,3,14,0,0
2867,三商壽,2024-04-15,12,7,6,1,0.8571428571428571,0.12274124192495983,1,6,0,5
4127,天良,2024-04-15,4,4,0,4,0.0,-0.16653305823756384,4,0,0,0
1617,榮星,2024-04-16,4,4,1,3,0.25,-0.08935490970018342,3,1,0,0
3490,單井,2024-04-16,15,13,1,12,0.07692307692307693,-0.11016456999796963,8,5,2,0
6283,淳安,2024-04-16,2,2,0,2,0.0,-0.15876872951953858,2,0,0,0
1532,勤美,2024-04-17,7,7,2,5,0.2857142857142857,-0.045816859373144884,3,4,0,0
1615,大山,2024-04-17,4,4,2,2,0.5,-0.06258406255866303,2,2,0,0
1810,和成,2024-04-17,20,16,3,13,0.1875,-0.08079228197915884,13,3,4,0
3455,由田,2024-04-17,31,31,14,17,0.45161290322580644,0.10415785987289501,17,14,0,0
6244,茂迪,2024-04-17,17,17,8,9,0.47058823529411764,-0.0349243430639377,9,8,0,0
8121,越峰,2024-04-17,17,17,1,16,0.058823529411764705,-0.12833363825686703,14,3,0,0
1314,中石化,2024-04-18,12,11,3,8,0.2727272727272727,-0.07992575405356496,7,4,0,1
1529,樂事綠能,2024-04-18,9,6,0,6,0.0,-0.1409339256755275,6,0,0,3
1611,中電,2024-04-18,8,8,1,7,0.125,-0.1647960045986656,7,1,0,0
2013,中鋼構,2024-04-18,1,1,0,1,0.0,-0.13547730769239952,0,1,0,0
2027,大成鋼,2024-04-18,15,11,4,7,0.36363636363636365,-0.05632893424040037,3,8,4,0
2427,三商電,2024-04-18,8,8,2,6,0.25,-0.1311927793963652,6,2,0,0
2511,太子,2024-04-18,5,3,1,2,0.3333333333333333,-0.07904419700136985,2,1,0,2
2528,皇普,2024-04-18,5,5,1,4,0.2,-0.09714693951012998,4,1,0,0
2542,興富發,2024-04-18,25,21,9,12,0.42857142857142855,0.03409026056074974,5,16,4,0
5493,三聯,2024-04-18,5,5,0,5,0.0,-0.14025793818207738,5,0,0,0
5521,工信,2024-04-18,10,10,3,7,0.3,0.0011191261291220612,7,3,0,0
5522,遠雄,2024-04-18,14,14,7,7,0.5,0.08215581977597945,7,7,0,0
8383,千附,2024-04-18,14,14,5,9,0.35714285714285715,0.07200869026836734,9,5,0,0
9911,櫻花,2024-04-18,2,2,1,1,0.5,-0.0339645568842985,0,2,0,0
2038,海光,2024-04-19,3,3,0,3,0.0,-0.1382410002119916,2,1,0,0
2547,日勝生,2024-04-19,3,3,0,3,0.0,-0.15986645060731275,3,0,0,0
4157,太景*-KY,2024-04-19,3,3,0,3,0.0,-0.14224069249318683,2,1,0,0
5230,雷笛克光學,2024-04-19,6,6,1,5,0.16666666666666666,-0.1211072869882805,4,2,0,0
1102,亞泥,2024-04-22,8,1,0,1,0.0,-0.1086254970835252,0,1,1,6
2851,中再保,2024-04-22,11,8,5,3,0.625,0.05412135326430498,1,7,3,0
4726,永昕,2024-04-22,10,10,3,7,0.3,-0.051491349975770116,5,5,0,0
1440,南紡,2024-04-23,5,5,0,5,0.0,-0.12303718451611141,4,1,0,0
1702,南僑,2024-04-23,4,4,0,4,0.0,-0.06810438365682522,1,3,0,0
1903,士紙,2024-04-23,4,4,0,4,0.0,-0.1049164591846071,2,2,0,0
2505,國揚,2024-04-23,4,4,0,4,0.0,-0.108452126038705,3,1,0,0
2509,全坤建,2024-04-23,4,4,4,0,1.0,0.05229156539218299,0,4,0,0
2545,皇翔,2024-04-23,13,13,4,9,0.3076923076923077,-0.05245933917343345,9,4,0,0
2743,山富,2024-04-23,7,7,0,7,0.0,-0.13772524345353174,3,4,0,0
2745,五福,2024-04-23,10,10,0,10,0.0,-0.1315615920790426,9,1,0,0
2812,台中銀,2024-04-23,10,7,4,3,0.5714285714285714,0.03683976025930001,0,7,3,0
3024,憶聲,2024-04-23,12,12,4,8,0.3333333333333333,-0.06413006518216044,7,5,0,0
2536,宏普,2024-04-24,3,3,0,3,0.0,-0.13147105258454417,3,0,0,0
3532,台勝科,2024-04-24,22,20,3,17,0.15,-0.0201912249010603,17,3,0,2
4716,大立,2024-04-24,11,11,1,10,0.09090909090909091,-0.12226351097350605,8,3,0,0
5706,鳳凰,2024-04-24,4,4,0,4,0.0,-0.1115595392798649,1,3,0,0
6768,志強-KY,2024-04-24,22,22,9,13,0.4090909090909091,-0.04045580011224723,11,11,0,0
9946,三發地產,2024-04-24,8,8,4,4,0.5,0.018768001185189342,4,4,0,0
2534,宏盛,2024-04-25,12,12,3,9,0.25,-0.07098965552962071,9,3,0,0
2546,根基,2024-04-25,4,4,0,4,0.0,-0.16165611647632933,4,0,0,0
2913,農林,2024-04-25,2,2,1,1,0.5,-0.01571713855903989,0,2,0,0
4536,拓凱,2024-04-25,12,12,0,12,0.0,-0.11786758510119043,7,5,0,0
4760,勤凱科技,2024-04-25,23,23,11,12,0.4782608695652174,0.05195832418665529,12,11,0,0
8039,台虹,2024-04-25,40,38,18,20,0.47368421052631576,0.09655368093670832,18,20,2,0
1436,華友聯,2024-04-26,14,14,3,11,0.21428571428571427,-0.04941217975562746,10,4,0,0
2506,太設,2024-04-26,2,2,0,2,0.0,-0.08716560906499876,1,1,0,0
2739,寒舍,2024-04-26,6,6,2,4,0.3333333333333333,-0.078014166875435,4,2,0,0
3003,健和興,2024-04-26,21,21,0,21,0.0,-0.12573347023783538,16,5,0,0
9945,潤泰新,2024-04-26,18,13,8,5,0.6153846153846154,0.06872386117102033,2,11,5,0
1515,力山,2024-04-29,10,9,0,9,0.0,-0.16664144571492556,9,0,1,0
1905,華紙,2024-04-29,5,5,0,5,0.0,-0.15352767799584066,4,1,0,0
1907,永豐餘,2024-04-29,4,2,0,2,0.0,-0.012041394297178154,0,2,2,0
2010,春源,2024-04-29,1,1,0,1,0.0,-0.1215823695651489,1,0,0,0
2617,台航,2024-04-29,8,5,0,5,0.0,-0.08628962147383423,2,3,3,0
2707,晶華,2024-04-29,5,5,0,5,0.0,-0.1255706421646966,3,2,0,0
2880,華南金,2024-04-29,22,20,16,4,0.8,0.03497498571265704,3,17,2,0
2884,玉山金,2024-04-29,9,2,2,0,1.0,0.1889929478850234,0,2,3,4
2888,新光金,2024-04-29,9,5,2,3,0.4,0.010037330411183976,3,2,0,4
3211,順達,2024-04-29,25,25,14,11,0.56,0.11715348027360147,9,16,0,0
3284,太普高,2024-04-29,5,5,1,4,0.2,-0.03326737257824943,4,1,0,0
3557,嘉威,2024-04-29,2,2,1,1,0.5,0.008962204247062844,0,2,0,0
5213,亞昕,2024-04-29,6,6,1,5,0.16666666666666666,-0.11652945416247833,5,1,0,0
5392,能率,2024-04-29,25,25,10,15,0.4,-0.018182382605658864,15,10,0,0
5531,鄉林,2024-04-29,3,3,0,3,0.0,-0.13987945069430163,3,0,0,0
5864,致和證,2024-04-29,19,19,8,11,0.42105263157894735,0.09017052952998282,9,10,0,0
5880,合庫金,2024-04-29,8,3,1,2,0.3333333333333333,-0.007235120597527696,0,3,5,0
6269,台郡,2024-04-29,12,12,2,10,0.16666666666666666,-0.09022079908296483,6,6,0,0
8028,昇陽半導體,2024-04-29,28,28,13,15,0.4642857142857143,0.28746605336398773,14,14,0,0
1725,元禎,2024-04-30,2,2,0,2,0.0,-0.16696545520025569,1,1,0,0
2524,京城,2024-04-30,15,15,4,11,0.26666666666666666,-0.052229878673412104,10,5,0,0
2615,萬海,2024-04-30,24,14,8,6,0.5714285714285714,0.12374762186262413,5,9,10,0
3188,鑫龍騰,2024-04-30,12,12,2,10,0.16666666666666666,-0.05309884831534959,10,2,0,0
3357,臺慶科,2024-04-30,25,25,7,18,0.28,-0.07527383057690433,17,8,0,0
4994,傳奇,2024-04-30,2,2,0,2,0.0,-0.18243978265397637,2,0,0,0
6415,矽力*-KY,2024-04-30,18,18,6,12,0.3333333333333333,-0.006975663581134112,11,7,0,0
6552,易華電,2024-04-30,5,5,0,5,0.0,-0.1288521582036861,4,1,0,0
1453,大將,2024-05-02,3,3,0,3,0.0,-0.16797526511602756,3,0,0,0
1582,信錦,2024-05-02,16,16,6,10,0.375,-0.06901429285325394,10,6,0,0
2351,順德,2024-05-02,30,29,12,17,0.41379310344827586,0.12007037508031895,12,17,1,0
2915,潤泰全,2024-05-02,16,11,4,7,0.36363636363636365,0.011981174302911951,1,10,5,0
3466,德晉,2024-05-02,10,10,4,6,0.4,0.01570466156548943,6,4,0,0
3679,新至陞,2024-05-02,1,1,0,1,0.0,-0.09700883582582898,0,1,0,0
2201,裕隆,2024-05-03,10,7,1,6,0.14285714285714285,-0.11943999599275493,6,1,3,0
2392,正崴,2024-05-03,19,19,6,13,0.3157894736842105,-0.019592189925488734,11,8,0,0
2705,六福,2024-05-03,1,1,0,1,0.0,-0.20652786667897138,1,0,0,0
2887,台新新光金,2024-05-03,16,11,8,3,0.7272727272727273,0.13464644587852437,0,11,4,1
3266,昇陽,2024-05-03,2,0,0,0,,,0,0,0,2
6192,巨路,2024-05-03,4,4,0,4,0.0,-0.1616492970027042,3,1,0,0
1101,台泥,2024-05-06,8,7,2,5,0.2857142857142857,-0.09351411725373697,4,3,1,0
1446,宏和,2024-05-06,4,4,0,4,0.0,-0.14371277684877948,3,1,0,0
2538,基泰,2024-05-06,4,4,3,1,0.75,-0.004613617759112593,1,3,0,0
2633,台灣高鐵,2024-05-06,2,2,0,2,0.0,-0.04405817394841244,0,2,0,0
2801,彰銀,2024-05-06,10,4,1,3,0.25,0.04142829234589074,0,4,6,0
2892,第一金,2024-05-06,8,5,0,5,0.0,-0.029969113227757214,0,5,3,0
3090,日電貿,2024-05-06,18,18,2,16,0.1111111111111111,-0.04524539111506222,11,7,0,0
8048,德勝,2024-05-06,6,6,0,6,0.0,-0.15811448367115244,6,0,0,0
9927,泰銘,2024-05-06,2,2,0,2,0.0,-0.17417154181396555,2,0,0,0
1339,昭輝,2024-05-07,2,2,0,2,0.0,-0.1531268860094237,2,0,0,0
2338,光罩,2024-05-07,15,15,1,14,0.06666666666666667,-0.14308837396068286,13,2,0,0
2606,裕民,2024-05-07,21,18,1,17,0.05555555555555555,-0.12125276377784007,11,7,3,0
5608,四維航,2024-05-09,14,12,0,12,0.0,-0.15008187952506039,12,0,2,0
9802,鈺齊-KY,2024-05-09,10,10,0,10,0.0,-0.14810960845892518,10,0,0,0
1524,耿鼎,2024-05-10,17,17,4,13,0.23529411764705882,-0.0708616944473401,9,8,0,0
1708,東鹼,2024-05-10,21,19,13,6,0.6842105263157895,0.046350114871326974,6,13,2,0
2612,中航,2024-05-10,7,6,0,6,0.0,-0.14615516934383044,6,0,1,0
2641,正德,2024-05-10,11,11,0,11,0.0,-0.14412149941260421,8,3,0,0
3141,晶宏,2024-05-10,21,17,5,12,0.29411764705882354,-0.06527796676048134,12,5,4,0
4562,穎漢,2024-05-10,12,12,3,9,0.25,0.17345553409079648,9,3,0,0
5609,中菲行,2024-05-10,2,2,0,2,0.0,-0.09711311377335596,1,1,0,0
2105,正新,2024-05-13,11,10,0,10,0.0,-0.11171782524897611,7,3,1,0
2605,新興,2024-05-13,25,22,6,16,0.2727272727272727,-0.022350562227072383,12,10,3,0
2897,王道銀行,2024-05-13,3,2,2,0,1.0,0.03233572700801801,0,2,0,1
4167,松瑞藥,2024-05-13,6,6,0,6,0.0,-0.1534861929432792,5,1,0,0
4561,健椿,2024-05-13,9,2,0,2,0.0,-0.17324308831291552,2,0,0,7
6147,頎邦,2024-05-13,16,16,6,10,0.375,0.662443868430183,10,6,0,0
2357,華碩,2024-05-14,15,14,5,9,0.35714285714285715,-0.08262067730101287,8,6,1,0
2613,中櫃,2024-05-14,9,9,2,7,0.2222222222222222,-0.07581094040393647,6,3,0,0
6446,藥華藥,2024-05-14,34,33,18,15,0.5454545454545454,0.19593213319680378,14,19,1,0
2312,金寶,2024-05-15,33,33,13,20,0.3939393939393939,0.041938120936003284,18,15,0,0
6456,GIS-KY,2024-05-15,22,22,3,19,0.13636363636363635,-0.06664021358814688,19,3,0,0
2062,橋椿,2024-05-16,6,6,2,4,0.3333333333333333,-0.04177393443849714,4,2,0,0
2489,瑞軒,2024-05-16,9,9,5,4,0.5555555555555556,0.06748641482581347,4,5,0,0
2514,龍邦,2024-05-16,5,5,1,4,0.2,-0.03189148455150812,0,5,0,0
2885,元大金,2024-05-16,9,8,8,0,1.0,0.1736431192094795,0,8,1,0
4549,桓達,2024-05-16,15,15,1,14,0.06666666666666667,-0.1541004587289338,14,1,0,0
1720,生達,2024-05-17,3,3,0,3,0.0,-0.12114178002400944,2,1,0,0
1784,訊聯,2024-05-17,18,18,9,9,0.5,0.11127282278124179,7,11,0,0
3303,岱稜,2024-05-17,9,8,3,5,0.375,0.04346889660179856,4,4,1,0
4952,凌通,2024-05-17,11,11,0,11,0.0,-0.15945111660274336,11,0,0,0
4976,佳凌,2024-05-17,13,13,1,12,0.07692307692307693,-0.13171368762324265,12,1,0,0
6763,綠界科技*,2024-05-17,8,8,0,8,0.0,-0.141130757102497,7,1,0,0
8071,能率網通,2024-05-21,10,10,0,10,0.0,-0.17772472148754898,10,0,0,0
1227,佳格,2024-05-22,1,1,0,1,0.0,-0.07565732705013573,0,1,0,0
2250,IKKA-KY,2024-05-22,8,8,0,8,0.0,-0.17690986288122731,8,0,0,0
2303,聯電,2024-05-22,21,21,15,6,0.7142857142857143,0.14649117261983519,6,15,0,0
2324,仁寶,2024-05-22,13,13,2,11,0.15384615384615385,-0.07932831025723291,7,6,0,0
6209,今國光,2024-05-22,29,29,15,14,0.5172413793103449,0.11913673280944546,12,17,0,0
6526,達發,2024-05-22,16,16,2,14,0.125,-0.09367285977631615,11,5,0,0
6706,惠特,2024-05-22,26,26,10,16,0.38461538461538464,0.05792827078554427,16,10,0,0
2420,新巨,2024-05-23,7,7,0,7,0.0,-0.15349412947070462,6,1,0,0
3537,堡達,2024-05-23,16,16,1,15,0.0625,-0.11525175787234895,12,4,0,0
3665,貿聯-KY,2024-05-23,22,21,20,1,0.9523809523809523,0.3038970156440448,1,20,0,1
2375,凱美,2024-05-27,26,26,7,19,0.2692307692307692,-0.04813178789710842,19,7,0,0
2377,微星,2024-05-27,15,13,7,6,0.5384615384615384,0.02543931369315118,6,7,2,0
2401,凌陽,2024-05-27,15,15,3,12,0.2,-0.09985914763537923,12,3,0,0
4545,銘鈺,2024-05-27,8,8,3,5,0.375,-0.04166971700126358,5,3,0,0
8084,巨虹,2024-05-27,3,3,0,3,0.0,-0.16162190067119167,3,0,0,0
2905,三商,2024-05-28,2,2,1,1,0.5,-0.014582680724692987,1,1,0,0
3022,威強電,2024-05-28,21,19,3,16,0.15789473684210525,-0.10556202184454341,16,3,2,0
3202,樺晟電子股份有限公司,2024-05-28,4,4,0,4,0.0,-0.15721492109873944,4,0,0,0
3594,磐儀,2024-05-28,16,16,2,14,0.125,-0.12173121090498251,12,4,0,0
2231,為升,2024-05-29,19,19,1,18,0.05263157894736842,-0.1308403696577666,17,2,0,0
2345,智邦,2024-05-29,17,17,7,10,0.4117647058823529,0.14811326386389417,7,10,0,0
2349,錸德,2024-05-29,13,13,7,6,0.5384615384615384,0.13307929924040443,6,7,0,0
2722,夏都,2024-05-29,1,1,0,1,0.0,-0.14918252763230555,1,0,0,0
3580,友威科,2024-05-29,21,21,14,7,0.6666666666666666,0.14287570266070482,6,15,0,0
4566,時碩工業,2024-05-29,18,17,7,10,0.4117647058823529,0.01808139602731432,10,7,1,0
6285,啟碁,2024-05-29,20,20,8,12,0.4,0.08343127873803854,10,10,0,0
1473,台南,2024-05-30,4,4,0,4,0.0,-0.14098445869037107,4,0,0,0
1536,和大,2024-05-30,21,21,2,19,0.09523809523809523,-0.11378753414912944,19,2,0,0
3048,益登,2024-05-30,15,15,2,13,0.13333333333333333,-0.10691521995221387,12,3,0,0
3687,歐買尬,2024-05-30,4,4,0,4,0.0,-0.1477362940328955,4,0,0,0
4903,聯光通,2024-05-30,19,19,4,15,0.21052631578947367,-0.09100765958530072,13,6,0,0
8374,羅昇,2024-05-30,16,16,3,13,0.1875,-0.004610789834112665,12,4,0,0
8438,昶昕,2024-05-30,7,7,2,5,0.2857142857142857,-0.04836707432678612,4,3,0,0
4113,聯上,2024-05-31,4,4,0,4,0.0,-0.1372953660052013,4,0,0,0
4160,訊聯基因,2024-05-31,7,7,1,6,0.14285714285714285,-0.11498861545044838,6,1,0,0
4571,鈞興-KY,2024-05-31,24,24,3,21,0.125,-0.0923883478787188,19,5,0,0
6609,瀧澤科,2024-05-31,17,17,9,8,0.5294117647058824,0.061839815427829604,7,10,0,0
1802,台玻,2024-06-03,30,30,8,22,0.26666666666666666,-0.016827151315951312,22,8,0,0
2397,友通,2024-06-03,10,10,0,10,0.0,-0.14646088760761825,10,0,0,0
2436,偉詮電,2024-06-03,13,13,1,12,0.07692307692307693,-0.10636292927959207,12,1,0,0
5904,寶雅*,2024-06-04,19,15,5,10,0.3333333333333333,-0.04047273722947763,6,9,0,4
2482,連宇,2024-06-05,3,3,0,3,0.0,-0.1588269866252997,3,0,0,0
3122,笙泉,2024-06-05,4,4,0,4,0.0,-0.1277216755273088,4,0,0,0
6683,雍智科技,2024-06-05,27,27,10,17,0.37037037037037035,0.2858811289246554,17,10,0,0
6895,宏碩系統,2024-06-05,13,13,5,8,0.38461538461538464,-0.0226012600313728,8,5,0,0
8099,大世科,2024-06-06,6,6,0,6,0.0,-0.13098963290403773,6,0,0,0
3374,精材,2024-06-07,33,32,16,16,0.5,0.1024499338185848,15,17,1,0
4951,精拓科,2024-06-07,4,4,0,4,0.0,-0.1486181207801008,4,0,0,0
5203,訊連,2024-06-07,6,6,0,6,0.0,-0.1557061133206505,5,1,0,0
5263,智崴,2024-06-07,12,8,6,2,0.75,0.02583706277761985,2,6,0,4
6841,長佳智能,2024-06-07,12,12,0,12,0.0,-0.14892033364140922,12,0,0,0
3086,華義*,2024-06-11,9,7,3,4,0.42857142857142855,0.1376736283063396,4,3,0,2
6216,居易,2024-06-12,4,4,0,4,0.0,-0.17631452284048418,4,0,0,0
6834,天二科技,2024-06-12,16,16,6,10,0.375,0.1959737704408202,10,6,0,0
3006,晶豪科,2024-06-13,31,27,13,14,0.48148148148148145,0.07533655502254076,14,13,4,0
3019,亞光,2024-06-13,27,27,8,19,0.2962962962962963,-0.003191706120482305,14,13,0,0
5243,乙盛-KY,2024-06-13,20,20,8,12,0.4,-0.02905073462196891,10,10,0,0
5292,華懋,2024-06-13,10,9,2,7,0.2222222222222222,-0.039935601240234826,6,3,1,0
8103,瀚荃,2024-06-13,8,5,3,2,0.6,-0.001984940775009747,2,3,3,0
3016,嘉晶,2024-06-14,16,16,4,12,0.25,-0.06514029670032001,12,4,0,0
5490,同亨,2024-06-14,6,6,0,6,0.0,-0.14665230019490036,6,0,0,0
1799,易威,2024-06-17,7,7,1,6,0.14285714285714285,-0.06332437755013844,5,2,0,0
3008,大立光,2024-06-17,22,18,3,15,0.16666666666666666,-0.013206389214854107,11,7,4,0
3591,艾笛森,2024-06-17,7,7,1,6,0.14285714285714285,-0.11366237439313846,5,2,0,0
9919,康那香,2024-06-17,2,2,0,2,0.0,-0.15633395239906955,2,0,0,0
2408,南亞科,2024-06-18,32,30,13,17,0.43333333333333335,0.37988411481896023,16,14,2,0
3443,創意,2024-06-18,15,15,7,8,0.4666666666666667,0.07942271635436425,7,8,0,0
5484,慧友,2024-06-18,9,9,1,8,0.1111111111111111,-0.11318763069485442,6,3,0,0
6170,統振,2024-06-18,1,1,0,1,0.0,-0.23740690191952585,1,0,0,0
2438,翔耀,2024-06-20,3,3,0,3,0.0,-0.1288068306016326,3,0,0,0
3105,穩懋,2024-06-20,24,24,18,6,0.75,0.6039945701894235,6,18,0,0
5530,龍巖,2024-06-20,7,7,1,6,0.14285714285714285,-0.10687327962425539,4,3,0,0
6140,訊達電腦,2024-06-20,6,6,0,6,0.0,-0.1280235495425876,6,0,0,0
8277,商丞,2024-06-20,3,3,0,3,0.0,-0.15685508288585137,3,0,0,0
3025,星通,2024-06-21,16,16,4,12,0.25,-0.10045868144910594,11,5,0,0
6173,信昌電,2024-06-21,27,27,12,15,0.4444444444444444,0.02589026500919831,13,14,0,0
2355,敬鵬,2024-06-24,20,20,7,13,0.35,-0.0013717983012183522,8,12,0,0
3149,正達,2024-06-24,34,34,6,28,0.17647058823529413,-0.08103008719451776,22,12,0,0
3481,群創,2024-06-24,18,17,8,9,0.47058823529411764,0.11099486614685225,7,10,0,1
3624,光頡,2024-06-24,18,18,4,14,0.2222222222222222,-0.09781938082363587,14,4,0,0
8076,伍豐,2024-06-24,8,8,1,7,0.125,-0.13371102647448996,7,1,0,0
9917,中保科,2024-06-24,3,2,1,1,0.5,-0.016970497719029254,0,2,1,0
3652,精聯,2024-06-25,3,3,0,3,0.0,-0.18453104552414112,3,0,0,0
3297,杭特,2024-06-26,7,7,1,6,0.14285714285714285,-0.06461376769003917,5,2,0,0
3501,維熹,2024-06-26,1,1,0,1,0.0,-0.18548144601610217,1,0,0,0
6152,百一,2024-06-26,11,11,1,10,0.09090909090909091,-0.12857627730525747,10,1,0,0
6589,台康生技,2024-06-26,10,10,0,10,0.0,-0.17748755474762481,9,1,0,0
6877,鏵友益,2024-06-26,21,21,5,16,0.23809523809523808,-0.06821663332276284,12,9,0,0
6901,鑽石投資,2024-06-26,5,5,0,5,0.0,-0.19060175368661894,5,0,0,0
1709,和益,2024-06-27,15,7,1,6,0.14285714285714285,-0.12605839976197597,6,1,8,0
3576,聯合再生,2024-06-27,15,15,8,7,0.5333333333333333,0.24057642255755032,7,8,0,0
3693,營邦,2024-06-28,19,12,1,11,0.08333333333333333,-0.11434999507065514,9,3,7,0
6477,安集,2024-06-28,20,19,3,16,0.15789473684210525,-0.11906377351054091,14,5,1,0
8104,錸寶,2024-06-28,20,20,0,20,0.0,-0.15946897930476545,20,0,0,0
8440,綠電,2024-06-28,4,4,0,4,0.0,-0.1324199005922542,4,0,0,0
1597,直得,2024-07-01,19,19,8,11,0.42105263157894735,0.031149674687961326,10,9,0,0
4534,慶騰,2024-07-01,11,11,1,10,0.09090909090909091,-0.11088813232624418,10,1,0,0
3520,華盈,2024-07-02,2,2,0,2,0.0,-0.1670510915423582,2,0,0,0
3686,達能,2024-07-02,2,2,0,2,0.0,-0.17371223135261987,2,0,0,0
4961,天鈺,2024-07-02,6,6,0,6,0.0,-0.1309126810270493,5,1,0,0
1713,國化,2024-07-03,2,2,0,2,0.0,-0.11582776061735617,1,1,0,0
6127,九豪,2024-07-03,24,24,4,20,0.16666666666666666,-0.07350559991006876,20,4,0,0
6160,欣技,2024-07-03,2,2,0,2,0.0,-0.17528542836132965,2,0,0,0
6457,紘康科技股份有限公司,2024-07-03,1,1,0,1,0.0,-0.1675244886654247,1,0,0,0
6937,天虹,2024-07-04,24,24,3,21,0.125,-0.09652431843030239,19,5,0,0
1447,力鵬,2024-07-05,2,2,0,2,0.0,-0.17482393349256814,2,0,0,0
2481,強茂,2024-07-05,28,28,13,15,0.4642857142857143,0.06468766066688482,14,14,0,0
3296,勝德,2024-07-05,1,1,0,1,0.0,-0.19455039112238082,1,0,0,0
5328,華容,2024-07-05,26,24,11,13,0.4583333333333333,0.13886466835668676,13,11,2,0
6153,嘉聯益,2024-07-05,10,10,2,8,0.2,-0.11288733010477658,7,3,0,0
6182,合晶,2024-07-05,28,28,11,17,0.39285714285714285,0.12326428170702587,17,11,0,0
6261,久元,2024-07-05,9,9,3,6,0.3333333333333333,-0.046571366009697863,3,6,0,0
2108,南帝,2024-07-08,4,4,1,3,0.25,-0.06404882412997995,2,2,0,0
6922,宸曜,2024-07-08,7,7,0,7,0.0,-0.17191115448575278,7,0,0,0
4510,高鋒,2024-07-09,18,16,6,10,0.375,0.02544471800111312,9,7,2,0
1569,濱川,2024-07-10,26,26,11,15,0.4230769230769231,0.10127056908577983,14,12,0,0
3094,聯傑,2024-07-10,6,5,1,4,0.2,-0.10435183188568012,4,1,1,0
6133,金橋,2024-07-10,11,11,2,9,0.18181818181818182,-0.1119392571342988,8,3,0,0
6603,富強鑫,2024-07-10,15,13,0,13,0.0,-0.12874129786433597,10,3,2,0
9906,欣巴巴,2024-07-10,8,8,1,7,0.125,-0.09767348954111886,5,3,0,0
3189,景碩,2024-07-11,33,32,19,13,0.59375,0.39776238257079993,13,19,1,0
3379,彬台,2024-07-11,11,11,0,11,0.0,-0.1649570419435226,11,0,0,0
5905,南仁湖,2024-07-11,9,9,0,9,0.0,-0.13587704703526038,8,1,0,0
6743,安普新,2024-07-11,3,3,0,3,0.0,-0.16589944574282153,3,0,0,0
8021,尖點,2024-07-11,30,30,21,9,0.7,0.6395827758793168,9,21,0,0
1304,台聚,2024-07-12,9,6,0,6,0.0,-0.12094263502977227,5,1,0,3
1309,台達化,2024-07-12,8,7,1,6,0.14285714285714285,-0.09967612085157714,5,2,0,1
1540,喬福,2024-07-12,10,10,5,5,0.5,0.09028479884523476,5,5,0,0
1727,中華化,2024-07-12,27,27,7,20,0.25925925925925924,-0.06331821931116847,18,9,0,0
2243,宏旭-KY,2024-07-12,6,4,0,4,0.0,-0.0973304149909898,4,0,2,0
3023,信邦,2024-07-12,16,14,4,10,0.2857142857142857,-0.041498877181586465,8,6,2,0
4927,泰鼎-KY,2024-07-12,26,26,6,20,0.23076923076923078,-0.05702744654975549,20,6,0,0
6570,維田,2024-07-12,4,4,0,4,0.0,-0.1578265178536211,4,0,0,0
6690,安碁資訊,2024-07-12,3,3,0,3,0.0,-0.1676542910444353,3,0,0,0
1568,倉佑,2024-07-16,3,3,0,3,0.0,-0.16924650160764507,3,0,0,0
2478,大毅,2024-07-16,24,24,10,14,0.4166666666666667,0.012005184763121379,14,10,0,0
6112,邁達特,2024-07-16,12,12,0,12,0.0,-0.15476161821189527,11,1,0,0
8927,北基,2024-07-16,2,2,0,2,0.0,-0.15966867138166807,2,0,0,0
1312,國喬,2024-07-17,10,8,2,6,0.25,-0.07050611787399225,4,4,2,0
1721,國慶科技,2024-07-17,15,15,1,14,0.06666666666666667,-0.14179787032381858,14,1,0,0
2419,仲琦,2024-07-17,17,17,2,15,0.11764705882352941,-0.12001366642119696,15,2,0,0
3454,晶睿,2024-07-17,2,2,0,2,0.0,-0.19535635585602773,2,0,0,0
4743,合一,2024-07-17,6,4,0,4,0.0,-0.16328281621914859,4,0,0,2
6175,立敦,2024-07-17,23,23,8,15,0.34782608695652173,0.00537032067977587,15,8,0,0
6492,生華科,2024-07-17,3,3,0,3,0.0,-0.17473489301430975,3,0,0,0
1216,統一,2024-07-18,6,3,2,1,0.6666666666666666,-0.015073504877884317,1,2,3,0
2441,超豐,2024-07-18,26,26,17,9,0.6538461538461539,0.09763021797686387,7,19,0,0
3073,天方能源,2024-07-18,4,4,0,4,0.0,-0.20080738971746862,4,0,0,0
4720,德淵,2024-07-18,8,7,2,5,0.2857142857142857,-0.051889104448641664,4,3,0,1
4916,事欣科,2024-07-19,25,25,3,22,0.12,-0.11721104570440857,19,6,0,0
1712,興農,2024-07-22,3,2,0,2,0.0,-0.108229526959078,1,1,1,0
4128,中天,2024-07-22,3,3,0,3,0.0,-0.17719065307556867,3,0,0,0
1449,佳和,2024-07-29,6,6,0,6,0.0,-0.15456148238412176,6,0,0,0
1806,冠軍,2024-07-29,1,1,0,1,0.0,-0.17957920880123557,1,0,0,0
2207,和泰車,2024-07-29,10,6,1,5,0.16666666666666666,-0.07019263064564535,3,3,3,1
3518,柏騰,2024-07-30,4,4,0,4,0.0,-0.14490523494005142,4,0,0,0
4564,元翎,2024-07-30,6,6,0,6,0.0,-0.1606702766068897,5,1,0,0
2337,旺宏,2024-07-31,23,23,12,11,0.5217391304347826,0.3822603406263417,11,12,0,0
4563,百德,2024-07-31,14,14,6,8,0.42857142857142855,0.025223372364903844,6,8,0,0
9902,台火,2024-07-31,2,2,0,2,0.0,-0.1600825234606762,2,0,0,0
1438,三地開發,2024-08-01,1,1,0,1,0.0,-0.207595105949123,1,0,0,0
4907,富宇,2024-08-01,1,1,0,1,0.0,-0.26053292882994294,1,0,0,0
2912,統一超,2024-08-06,4,4,0,4,0.0,-0.06602184635173927,0,4,0,0
8043,蜜望實,2024-08-06,29,29,13,16,0.4482758620689655,0.10239295442658908,14,15,0,0
4540,全球傳動,2024-08-07,22,22,2,20,0.09090909090909091,-0.09882786678518056,18,4,0,0
4174,浩鼎,2024-08-08,8,8,0,8,0.0,-0.1378850987286508,8,0,0,0
2497,怡利電,2024-08-12,9,9,3,6,0.3333333333333333,-0.07097295489345788,5,4,0,0
3230,錦明,2024-08-12,12,12,2,10,0.16666666666666666,0.015572519658813391,8,4,0,0
3522,御嵿,2024-08-13,3,3,0,3,0.0,-0.17890201970297484,3,0,0,0
2364,倫飛,2024-08-14,6,6,0,6,0.0,-0.10574442064370325,3,3,0,0
4402,郡都開發,2024-08-14,1,1,0,1,0.0,-0.12256967135376384,1,0,0,0
4551,智伸科,2024-08-14,23,23,9,14,0.391304347826087,-0.011601047020940477,12,11,0,0
1527,鑽全,2024-08-15,3,3,0,3,0.0,-0.10587491106675773,1,2,0,0
6224,聚鼎,2024-08-16,10,9,0,9,0.0,-0.13582132621454723,7,2,1,0
9935,慶豐富,2024-08-16,6,6,0,6,0.0,-0.10696811420454465,4,2,0,0
1321,大洋,2024-08-19,1,1,0,1,0.0,-0.16753009791827067,1,0,0,0
2070,精湛,2024-08-19,10,10,0,10,0.0,-0.1327912688202703,10,0,0,0
6156,松上,2024-08-19,8,8,0,8,0.0,-0.16419783243988106,8,0,0,0
2233,宇隆,2024-08-20,31,31,6,25,0.1935483870967742,-0.08206273339919938,22,9,0,0
2388,威盛,2024-08-20,9,9,3,6,0.3333333333333333,-0.09049359306856956,6,3,0,0
6104,創惟,2024-08-20,9,9,6,3,0.6666666666666666,0.11117900158955117,3,6,0,0
9907,統一實,2024-08-21,6,6,0,6,0.0,-0.09235771178065438,0,6,0,0
1537,廣隆,2024-08-22,5,5,2,3,0.4,0.0005170727177735257,0,5,0,0
6510,精測,2024-08-22,29,29,23,6,0.7931034482758621,0.2629922198226547,6,23,0,0
2208,台船,2024-08-23,13,13,3,10,0.23076923076923078,-0.06723686219287534,9,4,0,0
5481,新華,2024-08-26,3,3,1,2,0.3333333333333333,-0.05222229563068792,2,1,0,0
6151,晉倫,2024-08-27,7,7,0,7,0.0,-0.1643080557287123,7,0,0,0
8937,合騏*,2024-08-27,15,15,5,10,0.3333333333333333,0.2150674442361788,9,6,0,0
3550,聯穎,2024-08-28,14,14,0,14,0.0,-0.17404976291412846,14,0,0,0
2426,鼎元,2024-08-29,20,18,10,8,0.5555555555555556,0.34601558927081455,8,10,2,0
3484,崧騰,2024-08-30,3,3,0,3,0.0,-0.17138592530513294,3,0,0,0
6405,悅城,2024-09-03,8,8,0,8,0.0,-0.17749891828333114,8,0,0,0
1539,巨庭,2024-09-05,3,3,0,3,0.0,-0.1576230686806187,3,0,0,0
4974,亞泰,2024-09-05,10,10,0,10,0.0,-0.1430005502949377,8,2,0,0
6606,建德工業,2024-09-05,1,1,0,1,0.0,-0.14245265710016575,1,0,0,0
5460,同協,2024-09-12,1,1,0,1,0.0,-0.1421357737175193,1,0,0,0
6134,萬旭,2024-09-12,11,11,1,10,0.09090909090909091,-0.08552893863319154,7,4,0,0
6194,育富,2024-09-12,1,1,0,1,0.0,-0.16575870199212184,1,0,0,0
8249,菱光,2024-09-12,11,10,0,10,0.0,-0.13186404954019187,8,2,0,1
6651,全宇昕,2024-09-13,5,5,0,5,0.0,-0.16629940210792604,5,0,0,0
1307,三芳,2024-09-16,14,13,0,13,0.0,-0.12639825924991752,10,3,1,0
2477,美隆電,2024-09-16,3,3,0,3,0.0,-0.17383553037228183,3,0,0,0
3045,台灣大,2024-09-18,1,1,0,1,0.0,-0.02959406377428775,0,1,0,0
3049,精金,2024-09-18,12,12,1,11,0.08333333333333333,-0.13152976069558067,11,1,0,0
4979,華星光,2024-09-18,26,25,14,11,0.56,0.11877010257170424,10,15,1,0
2425,承啟,2024-09-19,14,11,0,11,0.0,-0.15463099187149384,11,0,3,0
3430,奇鈦科,2024-09-19,18,18,2,16,0.1111111111111111,-0.10141653299127382,14,4,0,0
6906,現觀科,2024-09-19,4,4,0,4,0.0,-0.14552890197634186,4,0,0,0
1476,儒鴻,2024-09-20,6,6,0,6,0.0,-0.14541756110262558,4,2,0,0
2412,中華電,2024-09-20,4,4,3,1,0.75,0.004311967642348008,0,4,0,0
3511,矽瑪,2024-09-20,6,6,2,4,0.3333333333333333,-0.05254122654294826,4,2,0,0
3715,定穎投控,2024-09-20,20,20,13,7,0.65,0.19488437753305834,6,14,0,0
6138,茂達,2024-09-20,24,24,7,17,0.2916666666666667,-0.04934899563637237,13,11,0,0
1776,展宇,2024-09-23,1,1,0,1,0.0,-0.19122297402813693,1,0,0,0
3209,全科,2024-09-25,12,12,4,8,0.3333333333333333,-0.014720197094463696,7,5,0,0
5871,中租-KY,2024-09-25,6,5,2,3,0.4,-0.12360471587832507,3,2,1,0
9941,裕融,2024-09-27,4,3,1,2,0.3333333333333333,-0.06859037231320297,1,2,1,0
2014,中鴻,2024-09-30,14,14,2,12,0.14285714285714285,-0.11188934231553359,12,2,0,0
4971,IET-KY,2024-09-30,28,27,18,9,0.6666666666666666,0.3929983923817166,9,18,1,0
1565,精華,2024-10-01,7,7,0,7,0.0,-0.11206709000054453,4,3,0,0
6425,易發,2024-10-01,22,22,2,20,0.09090909090909091,-0.09426764759105094,16,6,0,0
1595,川寶,2024-10-04,14,14,0,14,0.0,-0.14192784093287059,13,1,0,0
5014,建錩,2024-10-04,1,1,0,1,0.0,-0.1960868021707548,1,0,0,0
6426,統新,2024-10-04,20,18,5,13,0.2777777777777778,0.13301996823303563,13,5,2,0
6805,富世達,2024-10-04,12,10,4,6,0.4,-0.03265277907024765,6,4,2,0
8097,常珵,2024-10-04,6,6,1,5,0.16666666666666666,-0.06537949636536065,3,3,0,0
8404,百和興業-KY,2024-10-07,2,2,0,2,0.0,-0.11939460165150229,1,1,0,0
2601,益航,2024-10-08,1,1,0,1,0.0,-0.16016224949793545,1,0,0,0
2929,淘帝-KY,2024-10-08,3,3,0,3,0.0,-0.10373498503972971,2,1,0,0
4557,永新-KY,2024-10-09,1,1,0,1,0.0,-0.07897726454925869,0,1,0,0
3710,連展投控,2024-10-11,2,2,0,2,0.0,-0.14875251996071992,2,0,0,0
4991,環宇-KY,2024-10-11,35,35,16,19,0.45714285714285713,0.30860654502606,17,18,0,0
5314,世紀*,2024-10-14,13,8,7,1,0.875,1.5910964475514207,1,7,0,5
3162,精確,2024-10-15,19,19,4,15,0.21052631578947367,-0.05270943216116143,11,8,0,0
3257,虹冠電,2024-10-15,14,14,0,14,0.0,-0.15080946345397242,14,0,0,0
3447,展達,2024-10-15,11,11,0,11,0.0,-0.11592737340267814,10,1,0,0
6742,澤米,2024-10-15,14,14,0,14,0.0,-0.14153514846493276,13,1,0,0
1707,葡萄王,2024-10-16,2,2,0,2,0.0,-0.05065534079270967,0,2,0,0
8240,華宏,2024-10-16,16,16,2,14,0.125,-0.10020490435555601,13,3,0,0
5438,東友,2024-10-17,5,5,0,5,0.0,-0.1614820549128416,5,0,0,0
3011,今皓,2024-10-21,1,1,0,1,0.0,-0.16807179475338574,1,0,0,0
4527,方方土霖,2024-10-22,3,3,0,3,0.0,-0.16898401857199774,3,0,0,0
6202,盛群,2024-10-22,10,10,2,8,0.2,-0.08286750463370127,8,2,0,0
6525,捷敏-KY,2024-10-22,14,13,5,8,0.38461538461538464,0.014407148032491563,8,5,1,0
4935,茂林-KY,2024-10-23,1,1,0,1,0.0,-0.13090310769617175,1,0,0,0
5425,台半,2024-10-23,23,23,5,18,0.21739130434782608,-0.08609135940633814,15,8,0,0
3021,鴻名,2024-10-24,2,2,0,2,0.0,-0.1422904097427839,2,0,0,0
4162,智擎,2024-10-24,11,9,1,8,0.1111111111111111,-0.12770260310744078,8,1,2,0
3704,合勤控,2024-10-25,19,19,1,18,0.05263157894736842,-0.11578789157174559,15,4,0,0
2431,聯昌,2024-10-28,2,2,0,2,0.0,-0.17108606887425232,2,0,0,0
6821,聯寶,2024-10-29,4,4,0,4,0.0,-0.140703978016659,4,0,0,0
2762,世界健身-KY,2024-10-30,1,1,0,1,0.0,-0.16606671382242189,0,1,0,0
6859,伯特光,2024-10-30,5,5,1,4,0.2,-0.0193148751565446,1,4,0,0
8044,網家,2024-10-30,5,5,0,5,0.0,-0.13595390960643863,5,0,0,0
8107,大億金茂,2024-10-30,2,2,0,2,0.0,-0.23856015951953408,2,0,0,0
2413,環科,2024-11-01,15,15,6,9,0.4,0.15639752851554786,9,6,0,0
5315,光聯,2024-11-04,2,2,0,2,0.0,-0.12298833124077302,1,1,0,0
6593,台灣銘板,2024-11-04,4,4,0,4,0.0,-0.1672189946989782,4,0,0,0
2727,王品,2024-11-05,8,4,3,1,0.75,0.00018024975805722154,1,3,4,0
8261,富鼎,2024-11-05,25,25,8,17,0.32,0.05762861321919061,11,14,0,0
2314,台揚,2024-11-07,4,4,0,4,0.0,-0.10873822190460261,3,1,0,0
2332,友訊,2024-11-07,15,14,3,11,0.21428571428571427,-0.059612262896792945,7,7,1,0
6150,撼訊,2024-11-07,6,6,0,6,0.0,-0.17048788151409666,6,0,0,0
6781,AES-KY,2024-11-07,12,12,4,8,0.3333333333333333,0.03612928082514894,7,5,0,0
6933,AMAX-KY,2024-11-07,14,7,0,7,0.0,-0.1560242686901741,7,0,7,0
3558,神準,2024-11-08,12,12,4,8,0.3333333333333333,-0.006258001357093044,8,4,0,0
5009,榮剛,2024-11-11,4,4,0,4,0.0,-0.08541772409583151,2,2,0,0
4931,新盛力,2024-11-12,15,15,5,10,0.3333333333333333,0.034802269636190965,9,6,0,0
3323,加百裕,2024-11-19,17,17,3,14,0.17647058823529413,-0.07115501055571755,11,6,0,0
3545,敦泰,2024-11-19,5,5,0,5,0.0,-0.15203239580629063,5,0,0,0
2457,飛宏,2024-11-21,12,12,4,8,0.3333333333333333,-0.06447590514501218,8,4,0,0
3597,映興,2024-11-21,3,3,0,3,0.0,-0.16509332948952063,3,0,0,0
6558,興能高,2024-11-22,16,16,4,12,0.25,0.03964189470499822,12,4,0,0
2723,美食-KY,2024-11-25,5,5,1,4,0.2,-0.04869631742852463,2,3,0,0
2886,兆豐金,2024-11-25,3,2,1,1,0.5,0.08338730233404518,0,2,1,0
6282,康舒,2024-11-25,27,27,10,17,0.37037037037037035,0.06603596538900468,17,10,0,0
8171,天宇,2024-11-25,2,2,0,2,0.0,-0.15836361333046028,2,0,0,0
2444,兆勁,2024-11-26,2,2,0,2,0.0,-0.12281311924627486,2,0,0,0
2488,漢平,2024-11-27,1,1,0,1,0.0,-0.0631750627531874,0,1,0,0
1531,高林股,2024-11-28,1,1,0,1,0.0,-0.15952638250321183,1,0,0,0
5244,弘凱,2024-11-29,7,7,0,7,0.0,-0.1631719886258994,7,0,0,0
8042,金山電,2024-11-29,19,19,2,17,0.10526315789473684,-0.09566819220227385,15,4,0,0
8929,富堡,2024-11-29,3,3,0,3,0.0,-0.2025047255111424,3,0,0,0
3043,科風,2024-12-03,4,4,0,4,0.0,-0.1754036433658689,4,0,0,0
2458,義隆,2024-12-04,13,13,3,10,0.23076923076923078,-0.04033373834720789,4,9,0,0
3078,僑威,2024-12-04,12,12,2,10,0.16666666666666666,-0.10361011123005008,9,3,0,0
6732,昇佳電子,2024-12-04,7,7,0,7,0.0,-0.1766170787359296,7,0,0,0
4919,新唐,2024-12-05,15,15,8,7,0.5333333333333333,0.5427712642132989,6,9,0,0
3317,尼克森,2024-12-06,13,13,1,12,0.07692307692307693,-0.12875065807714783,10,3,0,0
6752,叡揚,2024-12-11,2,2,0,2,0.0,-0.1519445322253956,2,0,0,0
6870,騰雲,2024-12-11,1,1,0,1,0.0,-0.20887995134404858,1,0,0,0
2468,華經,2024-12-12,11,11,9,2,0.8181818181818182,0.8182018442083258,2,9,0,0
3152,璟德,2024-12-12,12,7,0,7,0.0,-0.1354870337808152,7,0,0,5
5876,上海商銀,2024-12-23,7,2,1,1,0.5,0.018053685495754812,0,2,5,0
3040,遠見,2024-12-25,6,6,3,3,0.5,-0.08462639926406208,3,3,0,0
4555,氣立,2024-12-25,5,5,0,5,0.0,-0.17893766005084105,5,0,0,0
4541,晟田,2024-12-30,16,13,3,10,0.23076923076923078,-0.012763690262123753,10,3,3,0
6245,立端,2025-01-02,13,13,1,12,0.07692307692307693,-0.13233823528535582,10,3,0,0
3491,昇達科,2025-01-03,20,20,13,7,0.65,0.5017533546117887,7,13,0,0
6928,攸泰科技,2025-01-03,4,4,0,4,0.0,-0.14866002102955336,4,0,0,0
6890,來億-KY,2025-01-08,14,14,0,14,0.0,-0.14673751448096592,14,0,0,0
3373,熱映,2025-01-13,1,1,0,1,0.0,-0.17953209139791848,1,0,0,0
6547,高端疫苗,2025-01-13,11,6,0,6,0.0,-0.18331158006614282,6,0,5,0
6568,宏觀,2025-01-16,15,15,6,9,0.4,0.1100839645361963,9,6,0,0
1231,聯華食,2025-02-03,3,3,0,3,0.0,-0.18040229656500698,3,0,0,0
2466,冠西電,2025-02-03,7,4,0,4,0.0,-0.20802937055745097,4,0,3,0
2480,敦陽科,2025-02-03,5,4,0,4,0.0,-0.14533243052394745,3,1,1,0
2516,新建,2025-02-06,2,2,0,2,0.0,-0.21487533280813886,2,0,0,0
6148,驊宏資,2025-02-06,2,2,2,0,1.0,0.8565881162223006,0,2,0,0
6741,91APP*-KY,2025-02-07,4,4,0,4,0.0,-0.14492073840939285,4,0,0,0
3479,安勤,2025-02-11,17,16,5,11,0.3125,-0.06988146773559434,8,8,1,0
4164,承業醫,2025-02-13,6,6,0,6,0.0,-0.13869360446828705,6,0,0,0
4722,國精化,2025-02-13,22,22,8,14,0.36363636363636365,0.0708159893027004,14,8,0,0
8415,大國鋼,2025-02-13,3,3,0,3,0.0,-0.20926276094703986,3,0,0,0
2002,中鋼,2025-02-14,6,6,0,6,0.0,-0.13891449674732162,6,0,0,0
2034,允強,2025-02-14,4,4,0,4,0.0,-0.2226897237389486,4,0,0,0
1210,大成,2025-02-17,6,5,5,0,1.0,0.11895948309830925,0,5,1,0
2023,燁輝,2025-02-17,2,2,0,2,0.0,-0.22171345454063646,2,0,0,0
2344,華邦電,2025-02-17,26,26,16,10,0.6153846153846154,0.7184050410183753,10,16,0,0
2429,銘旺科,2025-02-17,9,9,1,8,0.1111111111111111,-0.07775949705812463,8,1,0,0
6657,華安,2025-02-18,1,1,0,1,0.0,-0.22259160192203875,1,0,0,0
8046,南電,2025-02-18,23,23,12,11,0.5217391304347826,0.4254610845227958,10,13,0,0
2340,台亞,2025-02-19,12,12,1,11,0.08333333333333333,-0.1077347076993979,10,2,0,0
6469,大樹,2025-02-24,1,1,0,1,0.0,-0.2153579721590021,1,0,0,0
8454,富邦媒,2025-02-24,11,11,4,7,0.36363636363636365,-0.05591747380371865,7,4,0,0
2032,新鋼,2025-02-25,2,2,0,2,0.0,-0.13066241374025556,2,0,0,0
4105,東洋,2025-02-26,7,5,0,5,0.0,-0.03350063039062334,0,5,2,0
1563,巧新,2025-02-27,6,6,0,6,0.0,-0.13827401068322245,6,0,0,0
8436,大江,2025-02-27,13,11,0,11,0.0,-0.11719805326535128,7,4,2,0
6838,台新藥,2025-06-10,3,3,0,3,0.0,-0.14073926940735262,2,1,0,0
5475,德宏,2025-06-18,24,24,12,12,0.5,0.4552890906249549,11,13,0,0
6499,益安,2025-06-18,3,3,0,3,0.0,-0.18609837195501153,3,0,0,0
6873,泓德能源,2025-06-18,1,1,0,1,0.0,-0.19527855795779336,1,0,0,0
6919,康霈*,2025-06-18,3,1,0,1,0.0,-0.1850184804158168,1,0,0,2
3205,佰研,2025-06-19,2,2,0,2,0.0,-0.09112738746438681,1,1,0,0
6739,竹陞科技,2025-06-19,22,22,12,10,0.5454545454545454,0.28232804074277196,8,14,0,0
3036,文曄,2025-06-26,10,9,6,3,0.6666666666666666,0.305694174223169,3,6,0,1
6658,聯策,2025-06-26,11,11,7,4,0.6363636363636364,0.7340575433309454,4,7,0,0
7722,LINEPAY,2025-06-26,4,4,0,4,0.0,-0.1439743792854655,4,0,0,0
6913,鴻呈,2025-06-27,14,14,0,14,0.0,-0.14548962806222826,14,0,0,0
3128,昇銳,2025-06-30,3,3,0,3,0.0,-0.16687873964706648,3,0,0,0
3577,泓格,2025-07-03,10,10,0,10,0.0,-0.14722231673178135,9,1,0,0
2247,汎德永業,2025-07-08,2,2,0,2,0.0,-0.059080346494529645,0,2,0,0
4721,美琪瑪,2025-07-16,13,13,1,12,0.07692307692307693,-0.12230955431747906,9,4,0,0
8499,鼎炫-KY,2025-07-16,11,11,0,11,0.0,-0.14691647962629106,11,0,0,0
1301,台塑,2025-07-17,21,18,4,14,0.2222222222222222,-0.05185200250841265,9,9,3,0
3543,州巧,2025-07-17,17,14,5,9,0.35714285714285715,0.013788642500403339,9,5,3,0
6488,環球晶,2025-07-17,21,21,7,14,0.3333333333333333,0.16050577302668426,14,7,0,0
5469,瀚宇博,2025-07-21,11,11,7,4,0.6363636363636364,0.1219666295967417,4,7,0,0
1229,聯華,2025-07-23,4,3,1,2,0.3333333333333333,-0.00712628556959342,0,3,1,0
1303,南亞,2025-07-23,27,24,16,8,0.6666666666666666,0.16149406779463363,8,16,3,0
1326,台化,2025-07-23,20,17,7,10,0.4117647058823529,0.0003516817523934571,7,10,3,0
2838,聯邦銀,2025-07-23,4,3,1,2,0.3333333333333333,-0.023218330130267122,1,2,1,0
4114,健喬,2025-07-23,5,4,0,4,0.0,-0.10597651432066721,2,2,1,0
4739,康普,2025-07-23,15,15,9,6,0.6,0.06333510820286392,5,10,0,0
6505,台塑化,2025-07-24,23,18,3,15,0.16666666666666666,-0.09568597709699073,13,5,5,0
5340,建榮,2025-07-28,19,19,8,11,0.42105263157894735,0.004583762537453804,11,8,0,0
6923,中台,2025-07-28,5,5,0,5,0.0,-0.14015729515370384,4,1,0,0
6271,同欣電,2025-07-29,18,18,8,10,0.4444444444444444,-0.020414566142091632,10,8,0,0
8045,達運光電,2025-07-30,4,4,0,4,0.0,-0.1446789339526082,4,0,0,0
8074,鉅橡,2025-08-04,18,18,8,10,0.4444444444444444,0.07924718061483525,8,10,0,0
8038,長園科,2025-08-05,8,8,0,8,0.0,-0.1408424476974635,7,1,0,0
3705,永信,2025-08-06,1,1,0,1,0.0,-0.0824821232604196,0,1,0,0
4749,新應材,2025-08-07,15,15,5,10,0.3333333333333333,-0.05957428748232634,8,7,0,0
6727,亞泰金屬,2025-08-08,15,14,4,10,0.2857142857142857,-0.0033803571540601935,8,6,1,0
4989,榮科,2025-08-11,24,24,6,18,0.25,-0.0035452061297065554,18,6,0,0
3528,安馳,2025-08-12,4,4,0,4,0.0,-0.15899003091670755,4,0,0,0
6235,華孚,2025-08-12,7,7,1,6,0.14285714285714285,-0.1218097166884761,5,2,0,0
3219,倚強科,2025-08-13,10,10,0,10,0.0,-0.1491708141806667,9,1,0,0
3630,新鉅科,2025-08-15,10,10,0,10,0.0,-0.15037240616706893,9,1,0,0
4569,六方科-KY,2025-08-15,3,3,0,3,0.0,-0.13877787773542624,3,0,0,0
6761,穩得,2025-08-15,14,14,3,11,0.21428571428571427,-0.020810509606628107,8,6,0,0
1313,聯成,2025-08-18,5,5,0,5,0.0,-0.1485755906665793,5,0,0,0
7703,銳澤,2025-08-18,4,4,0,4,0.0,-0.11308259701863146,4,0,0,0
6785,昱展新藥,2025-08-19,9,9,4,5,0.4444444444444444,-0.0362404220273442,5,4,0,0
8431,匯鑽科,2025-08-20,9,8,1,7,0.125,-0.12553443986674723,6,2,1,0
6982,大井泵浦,2025-08-22,1,1,0,1,0.0,-0.15917844750310417,1,0,0,0
6291,沛亨,2025-08-27,13,13,4,9,0.3076923076923077,0.17797311680368452,9,4,0,0
8213,志超,2025-08-27,1,1,0,1,0.0,-0.10897922975767516,0,1,0,0
6118,建達,2025-08-28,1,1,0,1,0.0,-0.1527144196651865,1,0,0,0
6862,三集瑞-KY,2025-09-01,8,8,1,7,0.125,-0.0909814309678302,5,3,0,0
8935,邦泰,2025-09-01,2,2,0,2,0.0,-0.10582505366324158,2,0,0,0
2753,八方雲集,2025-09-03,3,2,0,2,0.0,-0.09041310166842859,0,2,1,0
6199,天品,2025-09-04,4,4,0,4,0.0,-0.1570293427300161,4,0,0,0
8109,博大,2025-09-05,4,4,1,3,0.25,-0.08312121972577621,1,3,0,0
7714,創泓科技,2025-09-09,7,7,0,7,0.0,-0.14156637951975432,7,0,0,0
3625,西勝,2025-09-10,7,7,0,7,0.0,-0.17928127045757863,7,0,0,0
2342,茂矽,2025-09-15,13,13,1,12,0.07692307692307693,-0.12705529240315183,11,2,0,0
6733,博晟生醫,2025-09-15,1,1,0,1,0.0,-0.1387897009943605,1,0,0,0
6485,點序,2025-09-18,14,14,0,14,0.0,-0.1856218059133199,14,0,0,0
3026,禾伸堂,2025-09-19,19,19,11,8,0.5789473684210527,1.5905747291056138,7,12,0,0
3041,揚智,2025-09-19,3,3,0,3,0.0,-0.1466560476032995,3,0,0,0
3709,鑫聯大投控,2025-09-30,13,13,2,11,0.15384615384615385,-0.04300019186695026,7,6,0,0
9910,豐泰,2025-10-01,3,3,0,3,0.0,-0.18314485405395228,3,0,0,0
3628,盈正,2025-10-02,4,4,0,4,0.0,-0.14148747876654544,3,1,0,0
5201,凱衛,2025-10-02,1,1,0,1,0.0,-0.135524075161098,1,0,0,0
5410,國眾,2025-10-03,4,4,0,4,0.0,-0.2125733921961502,4,0,0,0
3685,元創精密,2025-10-09,4,4,0,4,0.0,-0.13676650989896005,4,0,0,0
6649,台生材,2025-10-09,2,2,0,2,0.0,-0.1469426254234083,2,0,0,0
8131,福懋科,2025-10-09,26,26,11,15,0.4230769230769231,0.2063588370626208,14,12,0,0
6541,泰福-KY,2025-10-13,2,2,0,2,0.0,-0.13869129439498068,2,0,0,0
3236,千如,2025-10-20,17,17,7,10,0.4117647058823529,0.016785408986209373,9,8,0,0
1733,五鼎,2025-10-21,1,1,0,1,0.0,-0.1633887985019814,1,0,0,0
4142,國光生,2025-10-23,2,2,0,2,0.0,-0.10781264125774276,1,1,0,0
6411,晶焱,2025-10-23,11,11,0,11,0.0,-0.16607405377504314,11,0,0,0
6155,鈞寶,2025-10-27,13,13,2,11,0.15384615384615385,-0.10605465917101224,11,2,0,0
3002,歐格,2025-11-07,1,1,0,1,0.0,-0.2177299073803166,1,0,0,0
4904,遠傳,2025-11-07,1,1,0,1,0.0,-0.04483820207376543,0,1,0,0
2485,兆赫,2025-11-12,21,21,14,7,0.6666666666666666,0.7011097586435738,7,14,0,0
3028,增你強,2025-11-12,9,9,3,6,0.3333333333333333,-0.007429650420818433,5,4,0,0
6435,大中,2025-11-17,14,14,5,9,0.35714285714285715,0.0023380330876519744,9,5,0,0
4577,達航科技,2025-11-20,7,7,2,5,0.2857142857142857,0.09749850425963638,5,2,0,0
1419,新紡,2025-11-24,1,1,0,1,0.0,-0.13078982466303013,0,1,0,0
6203,海韻電,2025-11-26,1,1,0,1,0.0,-0.17782448227700343,1,0,0,0
7728,光焱科技,2025-12-03,7,7,4,3,0.5714285714285714,0.19754508697106227,3,4,0,0
6903,巨漢,2025-12-10,14,14,12,2,0.8571428571428571,0.2648342084069442,2,12,0,0
6944,兆聯實業,2025-12-10,10,10,7,3,0.7,0.05956877224737903,3,7,0,0
3138,耀登,2025-12-17,8,8,7,1,0.875,0.23581929013376857,1,7,0,0
2614,東森,2025-12-19,1,1,0,1,0.0,-0.11824942574304043,0,1,0,0
6588,東典光電,2025-12-23,9,8,5,3,0.625,0.6440919065367954,3,5,1,0
4772,台特化,2026-01-02,6,6,0,6,0.0,-0.15199039612601858,6,0,0,0
4130,健亞生物科技股份有限公司,2026-01-08,4,2,0,2,0.0,-0.11176038837115143,2,0,0,2
6776,展碁國際,2026-01-08,7,7,1,6,0.14285714285714285,-0.12524863652323676,6,1,0,0
6909,創控,2026-01-13,6,6,0,6,0.0,-0.12478801466263621,6,0,0,0
8341,日友,2026-01-14,1,1,0,1,0.0,-0.15793604113319548,0,1,0,0
8476,台境*,2026-01-15,1,1,0,1,0.0,-0.20178003652853127,1,0,0,0
3051,力特,2026-01-21,5,5,0,5,0.0,-0.1651671369699645,5,0,0,0
4949,有成精密,2026-01-26,8,8,6,2,0.75,0.3699084350572198,2,6,0,0
5291,邑昇,2026-01-26,11,8,3,5,0.375,0.015066832243663009,5,3,3,0
7734,印能科技,2026-01-27,15,15,11,4,0.7333333333333333,0.9940176520927059,4,11,0,0
6015,宏遠證,2026-01-29,8,8,2,6,0.25,-0.04997608195359528,6,2,0,0
3555,博士旺,2026-02-03,4,4,1,3,0.25,0.08624792648755497,3,1,0,0
4934,太極,2026-02-05,2,2,0,2,0.0,-0.09503999290823867,1,1,0,0
6861,睿生光電,2026-02-11,8,8,3,5,0.375,1.2102589468631868,4,4,0,0
2103,台橡,2026-02-23,12,10,2,8,0.2,-0.07418755342101523,5,5,2,0
3508,位速,2026-02-23,4,4,0,4,0.0,-0.1832428298241823,4,0,0,0
2104,國際中橡,2026-02-24,1,1,0,1,0.0,-0.15248389849282773,1,0,0,0
5471,松翰,2026-02-24,11,11,2,9,0.18181818181818182,-0.10683471077488595,9,2,0,0
6716,應廣,2026-02-24,5,4,0,4,0.0,-0.1832505921471533,4,0,1,0
8289,泰藝,2026-02-26,12,12,2,10,0.16666666666666666,-0.10626664665077734,10,2,0,0
6894,衛司特,2026-03-02,7,7,4,3,0.5714285714285714,0.048275435509536314,3,4,0,0
3092,鴻碩,2026-03-03,1,1,0,1,0.0,-0.1322172091089605,1,0,0,0
6994,富威電力,2026-03-04,1,1,0,1,0.0,-0.1451933127728059,1,0,0,0
6220,岳豐,2026-03-05,2,2,0,2,0.0,-0.18178565961032173,2,0,0,0
1305,華夏,2026-03-06,5,5,0,5,0.0,-0.11549838107423264,4,1,0,0
4764,雙鍵,2026-03-06,5,5,2,3,0.4,0.22348299596761353,3,2,0,0
1308,亞聚,2026-03-09,5,5,0,5,0.0,-0.13533399827097436,4,1,0,0
1310,台苯,2026-03-09,6,6,0,6,0.0,-0.17339922861131596,6,0,0,0
9908,大台北,2026-03-09,1,1,0,1,0.0,-0.06949794688691713,0,1,0,0
1710,東聯,2026-03-12,8,8,0,8,0.0,-0.15324631483489926,8,0,0,0
1718,中纖,2026-03-12,12,12,3,9,0.25,-0.08237131254662912,9,3,0,0
3093,港建*,2026-03-12,6,6,2,4,0.3333333333333333,0.07775671919886334,4,2,0,0
6693,廣閎科,2026-03-12,9,9,5,4,0.5555555555555556,0.4151057508103124,4,5,0,0
7712,博盛半導體,2026-03-12,6,6,0,6,0.0,-0.20421392770737476,6,0,0,0
6592,和潤企業,2026-03-16,3,2,0,2,0.0,-0.011285096897290403,0,2,1,0
7751,竑騰,2026-03-17,8,8,0,8,0.0,-0.15808222267583869,8,0,0,0
1735,日勝化,2026-03-19,1,1,0,1,0.0,-0.18910496460733517,1,0,0,0
3135,凌航,2026-03-19,4,4,0,4,0.0,-0.17256755769677098,4,0,0,0
6141,柏承,2026-03-19,10,8,0,8,0.0,-0.173437949021704,8,0,2,0
3031,佰鴻,2026-03-25,7,7,2,5,0.2857142857142857,-0.043790814503020435,4,3,0,0
1909,榮成,2026-03-31,3,1,0,1,0.0,-0.13408194853795752,1,0,0,2
7547,碩網,2026-03-31,2,2,0,2,0.0,-0.2230174777639342,2,0,0,0
7721,微程式,2026-04-07,1,1,0,1,0.0,-0.168871318037642,1,0,0,0
7750,新代,2026-04-13,6,6,3,3,0.5,0.0029719477455799614,3,3,0,0
6419,京晨科,2026-04-16,6,5,0,5,0.0,-0.12724558980125517,3,2,1,0
3388,崇越電,2026-04-17,4,4,0,4,0.0,-0.13402144065127206,4,0,0,0
7556,意德士科技,2026-04-20,3,3,0,3,0.0,-0.1256744924090778,3,0,0,0
4707,磐亞,2026-04-21,12,12,4,8,0.3333333333333333,0.13527653669444042,8,4,0,0
5288,豐祥-KY,2026-04-22,1,1,0,1,0.0,-0.15796565234705295,1,0,0,0
4741,泓瀚,2026-04-23,5,5,0,5,0.0,-0.20108612177594742,5,0,0,0
6735,美達科技,2026-04-24,3,3,0,3,0.0,-0.17640384793940433,3,0,0,0
6823,濾能,2026-04-30,3,3,0,3,0.0,-0.17507221464617206,3,0,0,0
6174,安碁,2026-05-04,9,9,3,6,0.3333333333333333,-0.11017430281124375,6,3,0,0
7749,意騰-KY,2026-05-05,3,3,0,3,0.0,-0.1526929320893177,3,0,0,0
6108,競國,2026-05-06,2,2,0,2,0.0,-0.165404027959774,2,0,0,0
5464,霖宏,2026-05-08,3,3,1,2,0.3333333333333333,-0.03259621784372402,1,2,0,0
6432,今展科,2026-05-11,8,8,6,2,0.75,0.2112093135715084,2,6,0,0
5285,界霖,2026-05-12,11,11,1,10,0.09090909090909091,-0.15183802882720163,10,1,0,0
2302,麗正,2026-05-13,13,13,5,8,0.38461538461538464,0.0757880778062284,8,5,0,0
5228,鈺鎧,2026-05-13,6,6,0,6,0.0,-0.14966870486808106,6,0,0,0
6719,力智,2026-05-14,10,10,1,9,0.1,-0.13681251419186388,8,2,0,0
7788,松川精密,2026-05-14,8,5,0,5,0.0,-0.13794349380752413,5,0,3,0
2221,大甲,2026-05-15,4,1,1,0,1.0,0.16874935635558397,0,1,3,0
3441,聯一光電,2026-05-15,10,7,4,3,0.5714285714285714,0.5575584007972582,3,4,3,0
6902,GOGOLOOK,2026-05-19,2,2,0,2,0.0,-0.06664139705152955,1,1,0,0
5299,杰力,2026-05-20,7,7,0,7,0.0,-0.1654567984250143,7,0,0,0
6642,富致,2026-05-21,4,4,0,4,0.0,-0.13433283932971343,4,0,0,0
2352,佳世達,2026-05-22,5,5,1,4,0.2,-0.07409785059359704,3,2,0,0
3717,聯嘉投控,2026-05-22,5,5,0,5,0.0,-0.15352850219073216,4,1,0,0
2061,風青,2026-05-26,5,4,2,2,0.5,0.15059182043609612,2,2,1,0
3556,禾瑞亞,2026-06-02,1,1,0,1,0.0,-0.10192312058263187,1,0,0,0
1714,和桐,2026-06-03,6,6,3,3,0.5,0.0966798735370472,3,3,0,0
1904,正隆,2026-06-04,5,2,2,0,1.0,0.10038374149151164,0,2,3,0
2483,百容,2026-06-08,7,6,0,6,0.0,-0.12811821306721258,4,2,1,0
2535,達欣工,2026-06-08,1,1,0,1,0.0,-0.0013579405965232771,0,1,0,0
3114,好德,2026-06-08,2,2,0,2,0.0,-0.1558767637520132,2,0,0,0
3311,閎暉,2026-06-08,2,2,0,2,0.0,-0.17027272693543188,2,0,0,0
3290,東浦,2026-06-09,5,5,0,5,0.0,-0.1674752409344319,5,0,0,0
4923,力士,2026-06-15,3,3,0,3,0.0,-0.20194204144122854,3,0,0,0
6259,百徽,2026-06-18,3,3,0,3,0.0,-0.2143975755545627,3,0,0,0
7799,禾榮科,2026-06-23,2,2,0,2,0.0,-0.21617639060466753,2,0,0,0
2646,星宇航空,2026-06-24,3,0,0,0,,,0,0,3,0
6757,台灣虎航,2026-06-24,2,2,0,2,0.0,-0.13579470424841222,2,0,0,0
1434,福懋,2026-06-25,7,1,0,1,0.0,-0.1433803510146615,1,0,6,0
6831,邁科,2026-06-25,2,2,0,2,0.0,-0.16548243626633252,2,0,0,0
6226,光鼎,2026-06-26,2,1,0,1,0.0,-0.16142856416640483,1,0,1,0
3346,麗清,2026-06-30,2,2,0,2,0.0,-0.20385887545709958,2,0,0,0
1444,力麗,2026-07-02,1,1,0,1,0.0,-0.1592973686743605,1,0,0,0
2434,統懋,2026-07-13,2,2,0,2,0.0,-0.13772629668543335,2,0,0,0
4556,旭然,2026-07-14,1,1,0,1,0.0,-0.13148745290579023,1,0,0,0
1232,大統益,2026-07-16,2,0,0,0,,,0,0,2,0
2836,高雄銀,2026-07-27,2,0,0,0,,,0,0,2,0
7711,永擎,2026-08-10,10,0,0,0,,,0,0,10,0
6277,宏正,2026-08-13,2,0,0,0,,,0,0,2,0
2030,彰源,2026-08-20,3,0,0,0,,,0,0,3,0
3229,晟鈦,2026-08-20,2,2,0,2,0.0,-0.13725736041327108,2,0,0,0
7792,安葆,2026-08-20,2,0,0,0,,,0,0,2,0
6617,共信-KY,2026-08-26,2,0,0,0,,,0,0,2,0
2491,吉祥全,2026-08-27,2,2,0,2,0.0,-0.16329788927915168,2,0,0,0
7744,崴寶,2026-08-28,3,0,0,0,,,0,0,3,0
4771,望隼,2026-08-31,1,0,0,0,,,0,0,1,0
5321,美而快,2026-08-31,1,0,0,0,,,0,0,1,0
6620,漢達,2026-09-07,2,0,0,0,,,0,0,2,0
