arm,year,return_pct,end_nav
benchmark,2022,-22.51095299999999,774890.4700000001
benchmark,2023,27.43687633685825,987496.2099999998
benchmark,2024,48.35158000251973,1464966.23
benchmark,2025,36.78928626225053,2003916.8499999996
benchmark,2026,70.24245392217749,3411517.22
cap40,2022,-19.759684999999994,802403.15
cap40,2023,100.37376847286801,1607805.43
cap40,2024,6.103110996459327,1705931.58
cap40,2025,119.05157005183055,3736869.91
cap40,2026,72.28484922023952,6438060.69
original,2022,-21.538795,784612.05
original,2023,95.53936623838493,1534225.43
original,2024,8.440500168218446,1663721.73
original,2025,120.56170234670192,3669532.9699999997
original,2026,49.31007337426922,5478982.37
