capacity_qty,cash_after,cash_change,channel,commission,date,day_participation,event_id,execution_evidence,expires_at,gross,limit_price,name,order_time,participation_limit,prior_avg_amount20,prior_avg_volume20,qty,reason,reference_price,remaining_shares,requested_qty,sequence,side,signal_date,slippage,source_high,source_low,source_volume,stock_id,tax,total_cost
66000,704458.0,-295542.0,board,419.0,2022-01-04,0.00038439967725803096,2022-01-g020-2022-01-03-6284,daily_high_low_midpoint_proxy,13:30:00,293800.0,80.4,佳邦,08:59:00,0.01,464314989.225,6605993.75,4000,leader_entry,73.45,4000,4000,1,buy,2022-01-03,1323.0,74.9,72.0,10405836.0,6284,0.0,1742.0
162,695497.45,-8960.55,odd,20.0,2022-01-04,0.007452574525745257,2022-01-g020-2022-01-03-6284,daily_high_low_midpoint_proxy,13:30:00,8899.55,80.4,佳邦,09:00:00,0.01,464314989.225,6605993.75,121,leader_entry,73.55000000000001,4121,121,2,buy,2022-01-03,41.0,74.7,72.4,16236.0,6284,0.0,61.0
56000,448542.45,-246955.0,board,350.0,2022-01-04,6.485790087922668e-05,2022-01-g011-2022-01-03-8261,daily_high_low_midpoint_proxy,13:30:00,245500.0,135.0,富鼎,08:59:00,0.01,646981625.575,5628239.45,2000,leader_entry,122.75,2000,2000,3,buy,2022-01-03,1105.0,125.5,120.0,30836644.0,8261,0.0,1455.0
436,394815.45,-53727.0,odd,76.0,2022-01-04,0.01,2022-01-g011-2022-01-03-8261,daily_high_low_midpoint_proxy,13:30:00,53410.0,135.0,富鼎,09:00:00,0.01,646981625.575,5628239.45,436,leader_entry,122.5,2436,454,4,buy,2022-01-03,241.0,124.5,120.5,43600.0,8261,0.0,317.0
84000,119694.45,-275121.0,board,390.0,2022-01-05,0.00018149880991230342,2022-01-g012-2022-01-04-6477,daily_high_low_midpoint_proxy,13:30:00,273500.0,57.5,安集,08:59:00,0.01,404083347.6425,8416376.4,5000,leader_entry,54.7,5000,5000,5,buy,2022-01-04,1231.0,56.9,52.5,27548390.0,6477,0.0,1621.0
225,107401.95,-12292.5,odd,20.0,2022-01-05,0.009961482268561563,2022-01-g012-2022-01-04-6477,daily_high_low_midpoint_proxy,13:30:00,12217.5,57.5,安集,09:00:00,0.01,404083347.6425,8416376.4,225,leader_entry,54.3,5225,736,6,buy,2022-01-04,55.0,55.5,53.1,22587.0,6477,0.0,75.0
39000,312058.95,204657.0,board,294.0,2022-01-10,0.0005082085850659858,2022-01-g011-2022-01-03-8261,daily_high_low_midpoint_proxy,13:30:00,206500.0,92.7,富鼎,08:59:00,0.01,912869892.775,7889024.5,2000,loss12,103.25,436,2000,7,sell,2022-01-07,930.0,105.5,101.0,3935392.0,8261,619.0,1843.0
140,326558.95,14500.0,odd,21.0,2022-01-10,0.009949541610404377,2022-01-g011-2022-01-03-8261,daily_high_low_midpoint_proxy,13:30:00,14630.0,92.7,富鼎,09:00:00,0.01,912869892.775,7889024.5,140,loss12,104.5,296,436,8,sell,2022-01-07,66.0,106.0,103.0,14071.0,8261,43.0,130.0
134,340204.45,13645.5,odd,20.0,2022-01-11,0.009951726698848867,2022-01-g011-2022-01-03-8261,daily_high_low_midpoint_proxy,13:30:00,13768.5,93.6,富鼎,09:00:00,0.01,923063150.975,7989805.5,134,loss12,102.75,162,296,9,sell,2022-01-07,62.0,104.0,101.5,13465.0,8261,41.0,123.0
172,356380.95,16176.5,odd,23.0,2022-01-12,0.009383145091225021,2022-01-g011-2022-01-03-8261,daily_high_low_midpoint_proxy,13:30:00,16321.5,90.9,富鼎,09:00:00,0.01,927926355.3,8041310.3,162,loss12,100.75,0,162,10,sell,2022-01-07,74.0,102.5,99.0,17265.0,8261,48.0,145.0
66000,96348.95,-260032.0,board,368.0,2022-01-13,9.241470284652996e-05,2022-01-g004-2022-01-12-8150,daily_high_low_midpoint_proxy,13:30:00,258500.0,54.6,南茂,08:59:00,0.01,320360321.83500004,6669326.85,5000,leader_entry,51.7,5000,5000,11,buy,2022-01-12,1164.0,52.7,50.7,54103945.0,8150,0.0,1532.0
803,62674.45,-33674.5,odd,48.0,2022-01-13,0.008024284345803113,2022-01-g004-2022-01-12-8150,daily_high_low_midpoint_proxy,13:30:00,33475.5,54.6,南茂,09:00:00,0.01,320360321.83500004,6669326.85,645,leader_entry,51.9,5645,645,12,buy,2022-01-12,151.0,52.4,51.4,80381.0,8150,0.0,199.0
11000,308064.45,245390.0,board,353.0,2022-01-25,0.003458702657926525,2022-01-g020-2022-01-03-6284,daily_high_low_midpoint_proxy,13:30:00,247600.0,56.3,佳邦,08:59:00,0.01,391678254.07000005,5440191.65,4000,loss12,61.9,121,4000,13,sell,2022-01-24,1115.0,63.3,60.5,1156503.0,6284,742.0,2210.0
89,313525.9,5461.45,odd,20.0,2022-01-25,0.009996630349320454,2022-01-g020-2022-01-03-6284,daily_high_low_midpoint_proxy,13:30:00,5522.45,56.3,佳邦,09:00:00,0.01,391678254.07000005,5440191.65,89,loss12,62.05,32,121,14,sell,2022-01-24,25.0,63.1,61.0,8903.0,6284,16.0,61.0
83,315419.9,1894.0,odd,20.0,2022-01-26,0.00381770460510618,2022-01-g020-2022-01-03-6284,daily_high_low_midpoint_proxy,13:30:00,1928.0,54.5,佳邦,09:00:00,0.01,391455436.845,5443292.7,32,loss12,60.25,0,32,15,sell,2022-01-24,9.0,61.4,59.1,8382.0,6284,5.0,34.0
45000,553153.9,237734.0,board,342.0,2022-02-08,0.0011109669322914538,2022-01-g012-2022-01-04-6477,daily_high_low_midpoint_proxy,13:30:00,239875.0,41.8,安集,08:59:00,0.01,611488093.795,11529210.35,5000,loss12,47.975,225,5000,16,sell,2022-02-07,1080.0,49.45,46.5,4500584.0,6477,719.0,2141.0
44,555229.9,2076.0,odd,20.0,2022-02-08,0.009997727789138832,2022-01-g012-2022-01-04-6477,daily_high_low_midpoint_proxy,13:30:00,2112.0,41.8,安集,09:00:00,0.01,611488093.795,11529210.35,44,loss12,48.0,181,225,17,sell,2022-02-07,10.0,49.0,47.0,4401.0,6477,6.0,36.0
19000,347505.9,-207724.0,board,294.0,2022-02-08,0.0002118596040301629,2022-02-g015-2022-02-07-3526,daily_high_low_midpoint_proxy,13:30:00,206500.0,228.0,凡甲,08:59:00,0.01,358561825.725,1901312.8,1000,leader_entry,206.5,1000,1000,18,buy,2022-02-07,930.0,211.0,202.0,4720107.0,3526,0.0,1224.0
276,309008.4,-38497.5,odd,55.0,2022-02-08,0.006733519168808602,2022-02-g015-2022-02-07-3526,daily_high_low_midpoint_proxy,13:30:00,38269.5,228.0,凡甲,09:00:00,0.01,358561825.725,1901312.8,186,leader_entry,205.75,1186,186,19,buy,2022-02-07,173.0,209.5,202.0,27623.0,3526,0.0,228.0
30,310469.15,1460.75,odd,20.0,2022-02-09,0.009823182711198428,2022-01-g012-2022-01-04-6477,daily_high_low_midpoint_proxy,13:30:00,1491.75,44.2,安集,09:00:00,0.01,616192872.39,11626074.8,30,loss12,49.724999999999994,151,181,20,sell,2022-02-07,7.0,50.9,48.55,3054.0,6477,4.0,31.0
12,311038.85,569.7,odd,20.0,2022-02-10,0.009295120061967466,2022-01-g012-2022-01-04-6477,daily_high_low_midpoint_proxy,13:30:00,593.7,44.55,安集,09:00:00,0.01,612112054.9399999,11546380.65,12,loss12,49.475,139,151,21,sell,2022-02-07,3.0,49.95,49.0,1291.0,6477,1.0,24.0
36000,123835.85,-187203.0,board,265.0,2022-02-10,0.00033124439575887924,2022-02-g004-2022-02-09-1760,daily_high_low_midpoint_proxy,13:30:00,186100.0,99.1,寶齡富錦,08:59:00,0.01,299722113.885,3650406.75,2000,leader_entry,93.05,2000,2000,22,buy,2022-02-09,838.0,97.0,89.1,6037838.0,1760,0.0,1103.0
291,96714.7,-27121.15,odd,38.0,2022-02-10,0.009974293059125963,2022-02-g004-2022-02-09-1760,daily_high_low_midpoint_proxy,13:30:00,26961.15,99.1,寶齡富錦,09:00:00,0.01,299722113.885,3650406.75,291,leader_entry,92.65,2291,748,23,buy,2022-02-09,122.0,96.2,89.1,29175.0,1760,0.0,160.0
24,97898.9,1184.2,odd,20.0,2022-02-11,0.009995835068721367,2022-01-g012-2022-01-04-6477,daily_high_low_midpoint_proxy,13:30:00,1213.2,44.1,安集,09:00:00,0.01,583774207.9925001,11010791.0,24,loss12,50.55,115,139,24,sell,2022-02-07,6.0,51.4,49.7,2401.0,6477,3.0,29.0
43,99965.6,2066.7,odd,20.0,2022-02-14,0.009967547519703291,2022-01-g012-2022-01-04-6477,daily_high_low_midpoint_proxy,13:30:00,2102.7,44.85,安集,09:00:00,0.01,526111334.25249994,9938644.95,43,loss12,48.9,72,115,25,sell,2022-02-07,10.0,49.8,48.0,4314.0,6477,6.0,36.0
51,102371.78,2406.18,odd,20.0,2022-02-15,0.009876065065840434,2022-01-g012-2022-01-04-6477,daily_high_low_midpoint_proxy,13:30:00,2444.18,42.9,安集,09:00:00,0.01,512920152.57750005,9685270.05,51,loss12,47.925,21,72,26,sell,2022-02-07,11.0,48.15,47.7,5164.0,6477,7.0,38.0
22,103361.23,989.45,odd,20.0,2022-02-16,0.009166302924487123,2022-01-g012-2022-01-04-6477,daily_high_low_midpoint_proxy,13:30:00,1017.45,42.75,安集,09:00:00,0.01,502606389.57750005,9475520.25,21,loss12,48.45,0,21,27,sell,2022-02-07,5.0,48.7,48.2,2291.0,6477,3.0,28.0
4000,284232.23,180871.0,board,260.0,2022-02-25,0.002096730568025278,2022-02-g015-2022-02-07-3526,daily_high_low_midpoint_proxy,13:30:00,182500.0,162.0,凡甲,08:59:00,0.01,479947777.85,2453859.15,1000,loss12,182.5,186,1000,28,sell,2022-02-24,822.0,185.0,180.0,476933.0,3526,547.0,1629.0
54,293993.23,9761.0,odd,20.0,2022-02-25,0.00996126175982291,2022-02-g015-2022-02-07-3526,daily_high_low_midpoint_proxy,13:30:00,9855.0,162.0,凡甲,09:00:00,0.01,479947777.85,2453859.15,54,loss12,182.5,132,186,29,sell,2022-02-24,45.0,184.5,180.5,5421.0,3526,29.0,94.0
92,311317.23,17324.0,odd,25.0,2022-03-01,0.009979390389413168,2022-02-g015-2022-02-07-3526,daily_high_low_midpoint_proxy,13:30:00,17480.0,164.0,凡甲,09:00:00,0.01,477629520.975,2440817.45,92,loss12,190.0,40,132,30,sell,2022-02-24,79.0,191.5,188.5,9219.0,3526,52.0,156.0
89,318771.23,7454.0,odd,20.0,2022-03-02,0.004491858506457047,2022-02-g015-2022-02-07-3526,daily_high_low_midpoint_proxy,13:30:00,7530.0,172.0,凡甲,09:00:00,0.01,483917163.175,2472057.85,40,loss12,188.25,0,40,31,sell,2022-02-24,34.0,189.5,187.0,8905.0,3526,22.0,76.0
907,57297.73,-261473.5,odd,370.0,2022-03-02,0.009325294033355011,2022-03-g011-2022-03-01-3035,daily_high_low_midpoint_proxy,13:30:00,259933.5,329.0,智原,09:00:00,0.01,10749490711.1,44674231.35,846,leader_entry,307.25,846,846,32,buy,2022-03-01,1170.0,321.0,293.5,90721.0,3035,0.0,1540.0
557,201101.23,143803.5,odd,207.0,2022-03-16,0.00998368912548619,2022-03-g011-2022-03-01-3035,daily_high_low_midpoint_proxy,13:30:00,145098.5,234.5,智原,09:00:00,0.01,14176720771.8,52521943.5,557,loss12,260.5,289,846,33,sell,2022-03-15,653.0,265.0,256.0,55791.0,3035,435.0,1295.0
697,279150.73,78049.5,odd,112.0,2022-03-17,0.004145984563739133,2022-03-g011-2022-03-01-3035,daily_high_low_midpoint_proxy,13:30:00,78752.5,229.5,智原,09:00:00,0.01,14131255832.45,52132510.45,289,loss12,272.5,0,289,34,sell,2022-03-15,355.0,279.0,266.0,69706.0,3035,236.0,703.0
591,339367.73,60217.0,odd,87.0,2022-04-21,0.006629909007881473,2022-02-g004-2022-02-09-1760,daily_high_low_midpoint_proxy,13:30:00,60760.0,146.0,寶齡富錦,09:00:00,0.01,2707129728.65,19770227.0,392,reduce_cap40,155.0,1899,392,35,sell,2022-04-20,274.0,160.0,150.0,59126.0,1760,182.0,543.0
37000,573261.73,233894.0,board,336.0,2022-04-26,0.0011762953894161176,2022-01-g004-2022-01-12-8150,daily_high_low_midpoint_proxy,13:30:00,236000.0,42.3,南茂,08:59:00,0.01,183627260.92,3724355.9,5000,time63,47.2,645,5000,36,sell,2022-04-25,1062.0,47.85,46.55,4250633.0,8150,708.0,2106.0
182,581813.63,8551.9,odd,20.0,2022-04-26,0.009991765028822399,2022-01-g004-2022-01-12-8150,daily_high_low_midpoint_proxy,13:30:00,8635.9,42.3,南茂,09:00:00,0.01,183627260.92,3724355.9,182,time63,47.45,463,645,37,sell,2022-04-25,39.0,48.05,46.85,18215.0,8150,25.0,84.0
166,589417.28,7603.65,odd,20.0,2022-04-27,0.009963387551767601,2022-01-g004-2022-01-12-8150,daily_high_low_midpoint_proxy,13:30:00,7681.65,41.9,南茂,09:00:00,0.01,185121708.9925,3774433.0,166,time63,46.275000000000006,297,463,38,sell,2022-04-25,35.0,46.85,45.7,16661.0,8150,23.0,78.0
97,593917.43,4500.15,odd,20.0,2022-04-28,0.009990730250283242,2022-01-g004-2022-01-12-8150,daily_high_low_midpoint_proxy,13:30:00,4554.15,41.85,南茂,09:00:00,0.01,187759867.2925,3847388.2,97,time63,46.95,200,297,39,sell,2022-04-25,21.0,47.2,46.7,9709.0,8150,13.0,54.0
120,599530.43,5613.0,odd,20.0,2022-04-29,0.009974233230820381,2022-01-g004-2022-01-12-8150,daily_high_low_midpoint_proxy,13:30:00,5676.0,41.95,南茂,09:00:00,0.01,187043913.7525,3847613.35,120,time63,47.3,80,200,40,sell,2022-04-25,26.0,47.7,46.9,12031.0,8150,17.0,63.0
62,602416.38,2885.95,odd,20.0,2022-05-03,0.009885204081632654,2022-01-g004-2022-01-12-8150,daily_high_low_midpoint_proxy,13:30:00,2927.95,42.05,南茂,09:00:00,0.01,190015111.67249998,3926268.45,62,time63,47.225,18,80,41,sell,2022-04-25,14.0,47.5,46.95,6272.0,8150,8.0,42.0
50,603245.83,829.45,odd,20.0,2022-05-04,0.003555204424254395,2022-01-g004-2022-01-12-8150,daily_high_low_midpoint_proxy,13:30:00,855.45,42.55,南茂,09:00:00,0.01,190334925.0975,3943506.45,18,time63,47.525,0,18,42,sell,2022-04-25,4.0,47.8,47.25,5063.0,8150,2.0,26.0
71000,708299.83,105054.0,board,151.0,2022-05-16,0.0001402928697832447,2022-02-g004-2022-02-09-1760,daily_high_low_midpoint_proxy,13:30:00,106000.0,95.0,寶齡富錦,08:59:00,0.01,2430404251.65,16721295.95,1000,time63,106.0,899,1000,43,sell,2022-05-13,477.0,109.0,103.0,7127946.0,1760,318.0,946.0
53,713816.08,5516.25,odd,20.0,2022-05-16,0.009968027082941509,2022-02-g004-2022-02-09-1760,daily_high_low_midpoint_proxy,13:30:00,5578.25,95.0,寶齡富錦,09:00:00,0.01,2430404251.65,16721295.95,53,time63,105.25,846,899,44,sell,2022-05-13,26.0,107.5,103.0,5317.0,1760,16.0,62.0
56,719744.08,5928.0,odd,20.0,2022-05-17,0.009998214604534905,2022-02-g004-2022-02-09-1760,daily_high_low_midpoint_proxy,13:30:00,5992.0,98.1,寶齡富錦,09:00:00,0.01,2107089908.55,14414739.95,56,time63,107.0,790,846,45,sell,2022-05-13,27.0,108.0,106.0,5601.0,1760,17.0,64.0
97,730242.33,10498.25,odd,20.0,2022-05-18,0.009935470654511933,2022-02-g004-2022-02-09-1760,daily_high_low_midpoint_proxy,13:30:00,10597.25,95.9,寶齡富錦,09:00:00,0.01,2046217961.425,14057773.4,97,time63,109.25,693,790,46,sell,2022-05-13,48.0,111.5,107.0,9763.0,1760,31.0,99.0
121,742952.33,12710.0,odd,20.0,2022-05-19,0.009956389368880112,2022-02-g004-2022-02-09-1760,daily_high_low_midpoint_proxy,13:30:00,12826.0,96.8,寶齡富錦,09:00:00,0.01,1521828201.925,10903697.9,121,time63,106.0,572,693,47,sell,2022-05-13,58.0,110.0,102.0,12153.0,1760,38.0,116.0
44,747441.33,4489.0,odd,20.0,2022-05-20,0.009790832220738763,2022-02-g004-2022-02-09-1760,daily_high_low_midpoint_proxy,13:30:00,4543.0,91.8,寶齡富錦,09:00:00,0.01,811924710.925,6738712.4,44,time63,103.25,528,572,48,sell,2022-05-13,21.0,104.5,102.0,4494.0,1760,13.0,54.0
112,758792.93,11351.6,odd,20.0,2022-05-23,0.009912381626692628,2022-02-g004-2022-02-09-1760,daily_high_low_midpoint_proxy,13:30:00,11457.6,92.3,寶齡富錦,09:00:00,0.01,779856875.9,6623909.6,112,time63,102.3,416,528,49,sell,2022-05-13,52.0,107.0,97.6,11299.0,1760,34.0,106.0
77,766796.93,8004.0,odd,20.0,2022-05-24,0.01,2022-02-g004-2022-02-09-1760,daily_high_low_midpoint_proxy,13:30:00,8085.0,97.2,寶齡富錦,09:00:00,0.01,801981849.1,6942122.5,77,time63,105.0,339,416,50,sell,2022-05-13,37.0,107.5,102.5,7700.0,1760,24.0,81.0
42,771111.93,4315.0,odd,20.0,2022-05-25,0.009922041105598866,2022-02-g004-2022-02-09-1760,daily_high_low_midpoint_proxy,13:30:00,4368.0,91.8,寶齡富錦,09:00:00,0.01,797632876.8,7000970.85,42,time63,104.0,297,339,51,sell,2022-05-13,20.0,105.5,102.5,4233.0,1760,13.0,53.0
34,774593.43,3481.5,odd,20.0,2022-05-26,0.009767308244757253,2022-02-g004-2022-02-09-1760,daily_high_low_midpoint_proxy,13:30:00,3527.5,93.2,寶齡富錦,09:00:00,0.01,781143042.275,6942490.1,34,time63,103.75,263,297,52,sell,2022-05-13,16.0,105.5,102.0,3481.0,1760,10.0,46.0
40,778632.43,4039.0,odd,20.0,2022-05-27,0.009945300845350571,2022-02-g004-2022-02-09-1760,daily_high_low_midpoint_proxy,13:30:00,4090.0,90.5,寶齡富錦,09:00:00,0.01,761490323.525,6880819.25,40,time63,102.25,223,263,53,sell,2022-05-13,19.0,103.5,101.0,4022.0,1760,12.0,51.0
64,785265.43,6633.0,odd,20.0,2022-05-30,0.009942519807363678,2022-02-g004-2022-02-09-1760,daily_high_low_midpoint_proxy,13:30:00,6704.0,93.6,寶齡富錦,09:00:00,0.01,738528525.9,6750979.0,64,time63,104.75,159,223,54,sell,2022-05-13,31.0,106.5,103.0,6437.0,1760,20.0,71.0
37,789147.68,3882.25,odd,20.0,2022-05-31,0.009767687434002113,2022-02-g004-2022-02-09-1760,daily_high_low_midpoint_proxy,13:30:00,3931.25,95.9,寶齡富錦,09:00:00,0.01,737387750.85,6778173.9,37,time63,106.25,122,159,55,sell,2022-05-13,18.0,107.5,105.0,3788.0,1760,11.0,49.0
22,791447.18,2299.5,odd,20.0,2022-06-01,0.009918845807033363,2022-02-g004-2022-02-09-1760,daily_high_low_midpoint_proxy,13:30:00,2337.5,95.4,寶齡富錦,09:00:00,0.01,730713532.275,6742164.0,22,time63,106.25,100,122,56,sell,2022-05-13,11.0,107.0,105.5,2218.0,1760,7.0,38.0
38,795452.68,4005.5,odd,20.0,2022-06-02,0.009781209781209782,2022-02-g004-2022-02-09-1760,daily_high_low_midpoint_proxy,13:30:00,4056.5,95.9,寶齡富錦,09:00:00,0.01,711735316.975,6598129.4,38,time63,106.75,62,100,57,sell,2022-05-13,19.0,108.5,105.0,3885.0,1760,12.0,51.0
35,799045.68,3593.0,odd,20.0,2022-06-06,0.009806668534603531,2022-02-g004-2022-02-09-1760,daily_high_low_midpoint_proxy,13:30:00,3640.0,93.6,寶齡富錦,09:00:00,0.01,707780799.525,6582072.15,35,time63,104.0,27,62,58,sell,2022-05-13,17.0,104.5,103.5,3569.0,1760,10.0,47.0
13,800356.93,1311.25,odd,20.0,2022-06-07,0.009976976208749041,2022-02-g004-2022-02-09-1760,daily_high_low_midpoint_proxy,13:30:00,1342.25,92.7,寶齡富錦,09:00:00,0.01,694642278.9,6486208.65,13,time63,103.25,14,27,59,sell,2022-05-13,7.0,104.0,102.5,1303.0,1760,4.0,31.0
29,801792.43,1435.5,odd,20.0,2022-06-08,0.0047425474254742545,2022-02-g004-2022-02-09-1760,daily_high_low_midpoint_proxy,13:30:00,1466.5,93.6,寶齡富錦,09:00:00,0.01,684890024.5,6417833.8,14,time63,104.75,0,14,60,sell,2022-05-13,7.0,106.0,103.5,2952.0,1760,4.0,31.0
54000,583883.43,-217909.0,board,309.0,2022-11-16,0.00025585975119379043,2022-11-g005-2022-11-15-2606,daily_high_low_midpoint_proxy,13:30:00,216625.0,46.5,裕民,08:59:00,0.01,204982293.29250002,5416402.85,5000,leader_entry,43.325,5000,5000,61,buy,2022-11-15,975.0,44.35,42.3,19541956.0,2606,0.0,1284.0
417,565646.35,-18237.08,odd,26.0,2022-11-16,0.009983241560928896,2022-11-g005-2022-11-15-2606,daily_high_low_midpoint_proxy,13:30:00,18129.08,46.5,裕民,09:00:00,0.01,204982293.29250002,5416402.85,417,leader_entry,43.475,5417,713,62,buy,2022-11-15,82.0,44.1,42.85,41770.0,2606,0.0,108.0
48000,393331.35,-172315.0,board,244.0,2022-11-21,0.0001107682710047657,2022-11-g014-2022-11-18-6245,daily_high_low_midpoint_proxy,13:30:00,171300.0,91.0,立端,08:59:00,0.01,346056791.38,4833679.0,2000,leader_entry,85.65,2000,2000,63,buy,2022-11-18,771.0,89.8,81.5,18055712.0,6245,0.0,1015.0
390,359886.85,-33444.5,odd,47.0,2022-11-21,0.009987707437000615,2022-11-g014-2022-11-18-6245,daily_high_low_midpoint_proxy,13:30:00,33247.5,91.0,立端,09:00:00,0.01,346056791.38,4833679.0,390,leader_entry,85.25,2390,905,64,buy,2022-11-18,150.0,88.8,81.7,39048.0,6245,0.0,197.0
118000,135087.85,-224799.0,board,318.0,2022-11-22,0.00039136092014095924,2022-11-g011-2022-11-21-2468,daily_high_low_midpoint_proxy,13:30:00,223475.0,35.0,華經,08:59:00,0.01,316713939.5,11816192.45,7000,leader_entry,31.925,7000,7000,65,buy,2022-11-21,1006.0,33.25,30.6,17886303.0,2468,0.0,1324.0
56,133252.85,-1835.0,odd,20.0,2022-11-22,0.009874801622288838,2022-11-g011-2022-11-21-2468,daily_high_low_midpoint_proxy,13:30:00,1806.0,35.0,華經,09:00:00,0.01,316713939.5,11816192.45,56,leader_entry,32.25,7056,534,66,buy,2022-11-21,9.0,33.5,31.0,5671.0,2468,0.0,29.0
17000,317791.85,184539.0,board,265.0,2022-12-20,0.004060004547205093,2022-11-g011-2022-11-21-2468,daily_high_low_midpoint_proxy,13:30:00,186200.0,24.2,華經,08:59:00,0.01,167100368.19750002,5524316.4,7000,loss12,26.6,56,7000,67,sell,2022-12-19,838.0,27.4,25.8,1724136.0,2468,558.0,1661.0
20,318299.35,507.5,odd,20.0,2022-12-20,0.009587727708533078,2022-11-g011-2022-11-21-2468,daily_high_low_midpoint_proxy,13:30:00,531.5,24.2,華經,09:00:00,0.01,167100368.19750002,5524316.4,20,loss12,26.575,36,56,68,sell,2022-12-19,3.0,27.25,25.9,2086.0,2468,1.0,24.0
60,319256.95,957.6,odd,20.0,2022-12-21,0.005948446794448116,2022-11-g011-2022-11-21-2468,daily_high_low_midpoint_proxy,13:30:00,984.6,23.45,華經,09:00:00,0.01,141980011.7475,4716208.05,36,loss12,27.35,0,36,69,sell,2022-12-19,5.0,28.65,26.05,6052.0,2468,2.0,27.0
121000,83492.95,-235764.0,board,334.0,2023-01-10,0.0011833903122619907,2023-01-g017-2023-01-09-2887,daily_high_low_midpoint_proxy,13:30:00,234375.0,17.2,台新新光金,08:59:00,0.01,184953647.185,12199851.65,15000,leader_entry,15.625,15000,15000,70,buy,2023-01-09,1055.0,15.7,15.55,12675446.0,2887,0.0,1389.0
1098,78716.57,-4776.38,odd,20.0,2023-01-10,0.0027584574487454936,2023-01-g017-2023-01-09-2887,daily_high_low_midpoint_proxy,13:30:00,4734.38,17.2,台新新光金,09:00:00,0.01,184953647.185,12199851.65,303,leader_entry,15.625,15303,303,71,buy,2023-01-09,22.0,15.7,15.55,109844.0,2887,0.0,42.0
44000,380250.57,301534.0,board,434.0,2023-02-24,0.00010838101736827479,2022-11-g005-2022-11-15-2606,daily_high_low_midpoint_proxy,13:30:00,304250.0,51.0,裕民,08:59:00,0.01,229921285.65749997,4418243.6,5000,time63,60.85,417,5000,72,sell,2023-02-23,1370.0,62.0,59.7,46133540.0,2606,912.0,2716.0
792,405418.87,25168.3,odd,36.0,2023-02-24,0.005260303003544712,2022-11-g005-2022-11-15-2606,daily_high_low_midpoint_proxy,13:30:00,25395.3,51.0,裕民,09:00:00,0.01,229921285.65749997,4418243.6,417,time63,60.9,0,417,73,sell,2023-02-23,115.0,61.8,60.0,79273.0,2606,76.0,227.0
144000,141966.87,-263452.0,board,373.0,2023-03-01,0.00027630476636774173,2023-02-g007-2023-02-24-5009,daily_high_low_midpoint_proxy,13:30:00,261900.0,49.55,榮剛,08:59:00,0.01,594130168.2,14483830.55,6000,leader_entry,43.65,6000,6000,74,buy,2023-02-24,1179.0,44.8,42.5,21715152.0,5009,0.0,1552.0
583,135610.67,-6356.2,odd,20.0,2023-03-01,0.0024689664632055416,2023-02-g007-2023-02-24-5009,daily_high_low_midpoint_proxy,13:30:00,6307.2,49.55,榮剛,09:00:00,0.01,594130168.2,14483830.55,144,leader_entry,43.8,6144,144,75,buy,2023-02-24,29.0,44.9,42.7,58324.0,5009,0.0,49.0
88000,374459.67,238849.0,board,343.0,2023-03-03,0.00012163540504985197,2022-11-g014-2022-11-18-6245,daily_high_low_midpoint_proxy,13:30:00,241000.0,105.0,立端,08:59:00,0.01,957965230.95,8879119.1,2000,time63,120.5,390,2000,76,sell,2023-03-02,1085.0,125.5,115.5,16442581.0,6245,723.0,2151.0
400,421035.67,46576.0,odd,67.0,2023-03-03,0.00974951252437378,2022-11-g014-2022-11-18-6245,daily_high_low_midpoint_proxy,13:30:00,46995.0,105.0,立端,09:00:00,0.01,957965230.95,8879119.1,390,time63,120.5,0,390,77,sell,2023-03-02,212.0,125.5,115.5,40002.0,6245,140.0,419.0
110000,143198.67,-277837.0,board,394.0,2023-03-07,0.0007227524364210492,2023-03-g003-2023-03-06-8222,daily_high_low_midpoint_proxy,13:30:00,276200.0,37.55,寶一,08:59:00,0.01,537598368.7375,16410698.3,8000,leader_entry,34.525,8000,8000,78,buy,2023-03-06,1243.0,35.0,34.05,11068797.0,8222,0.0,1637.0
141,138295.7,-4902.97,odd,20.0,2023-03-07,0.009956220872758085,2023-03-g003-2023-03-06-8222,daily_high_low_midpoint_proxy,13:30:00,4860.97,37.55,寶一,09:00:00,0.01,537598368.7375,16410698.3,141,leader_entry,34.474999999999994,8141,302,79,buy,2023-03-06,22.0,34.9,34.05,14162.0,8222,0.0,42.0
113000,393249.7,254954.0,board,367.0,2023-04-26,0.0010008297545885374,2023-01-g017-2023-01-09-2887,daily_high_low_midpoint_proxy,13:30:00,257250.0,15.4,台新新光金,08:59:00,0.01,191442550.75500003,11369796.3,15000,time63,17.15,303,15000,80,sell,2023-04-25,1158.0,17.25,17.05,14987564.0,2887,771.0,2296.0
756,398379.58,5129.88,odd,20.0,2023-04-26,0.004006611570247934,2023-01-g017-2023-01-09-2887,daily_high_low_midpoint_proxy,13:30:00,5188.88,15.4,台新新光金,09:00:00,0.01,191442550.75500003,11369796.3,303,time63,17.125,0,303,81,sell,2023-04-25,24.0,17.2,17.05,75625.0,2887,15.0,59.0
245000,463839.58,65460.0,board,94.0,2023-04-28,1.7142217787111448e-05,2023-03-g003-2023-03-06-8222,daily_high_low_midpoint_proxy,13:30:00,66050.0,56.3,寶一,08:59:00,0.01,1239823318.8125,24536522.25,1000,reduce_cap40,66.05,7141,1000,82,sell,2023-04-27,298.0,68.7,63.4,58335509.0,8222,198.0,590.0
1695,492642.08,28802.5,odd,41.0,2023-04-28,0.0026068544938750715,2023-03-g003-2023-03-06-8222,daily_high_low_midpoint_proxy,13:30:00,29061.5,56.3,寶一,09:00:00,0.01,1239823318.8125,24536522.25,442,reduce_cap40,65.75,6699,442,83,sell,2023-04-27,131.0,67.6,63.9,169553.0,8222,87.0,259.0
190000,125076.08,-367566.0,board,521.0,2023-05-03,0.00020079436545767805,2023-05-g006-2023-05-02-1905,daily_high_low_midpoint_proxy,13:30:00,365400.0,28.3,華紙,08:59:00,0.01,446326626.23999995,19001569.8,14000,leader_entry,26.1,14000,14000,84,buy,2023-05-02,1645.0,27.0,25.2,69723072.0,1905,0.0,2166.0
1002,99399.28,-25676.8,odd,36.0,2023-05-03,0.009750844973529148,2023-05-g006-2023-05-02-1905,daily_high_low_midpoint_proxy,13:30:00,25525.8,28.3,華紙,09:00:00,0.01,446326626.23999995,19001569.8,978,leader_entry,26.1,14978,978,85,buy,2023-05-02,115.0,26.85,25.35,100299.0,1905,0.0,151.0
146000,440428.28,341029.0,board,490.0,2023-06-02,0.00040935792209918743,2023-02-g007-2023-02-24-5009,daily_high_low_midpoint_proxy,13:30:00,344100.0,51.5,榮剛,08:59:00,0.01,1022263990.475,18557141.05,6000,time63,57.35,144,6000,86,sell,2023-06-01,1549.0,58.1,56.6,14657100.0,5009,1032.0,3071.0
452,448619.08,8190.8,odd,20.0,2023-06-02,0.0031837276144152113,2023-02-g007-2023-02-24-5009,daily_high_low_midpoint_proxy,13:30:00,8272.8,51.5,榮剛,09:00:00,0.01,1022263990.475,18557141.05,144,time63,57.45,0,144,87,sell,2023-06-01,38.0,57.9,57.0,45230.0,5009,24.0,82.0
40000,105347.08,-343272.0,board,486.0,2023-06-06,0.0003728632604779237,2023-06-g013-2023-06-05-2455,daily_high_low_midpoint_proxy,13:30:00,341250.0,127.0,全新,08:59:00,0.01,414828081.055,4011679.05,3000,leader_entry,113.75,3000,3000,88,buy,2023-06-05,1536.0,117.5,110.0,8045845.0,2455,0.0,2022.0
192,83570.08,-21777.0,odd,31.0,2023-06-06,0.00994973311913769,2023-06-g013-2023-06-05-2455,daily_high_low_midpoint_proxy,13:30:00,21648.0,127.0,全新,09:00:00,0.01,414828081.055,4011679.05,192,leader_entry,112.75,3192,371,89,buy,2023-06-05,98.0,115.0,110.5,19297.0,2455,0.0,129.0
104000,453142.08,369572.0,board,531.0,2023-06-08,0.0005748635178198109,2023-03-g003-2023-03-06-8222,daily_high_low_midpoint_proxy,13:30:00,372900.0,55.6,寶一,08:59:00,0.01,841328122.54,14029505.1,6000,time63,62.15,699,6000,90,sell,2023-06-07,1679.0,63.5,60.8,10437260.0,8222,1118.0,3328.0
182,464374.68,11232.6,odd,20.0,2023-06-08,0.009984091283120302,2023-03-g003-2023-03-06-8222,daily_high_low_midpoint_proxy,13:30:00,11338.6,55.6,寶一,09:00:00,0.01,841328122.54,14029505.1,182,time63,62.3,517,699,91,sell,2023-06-07,52.0,63.5,61.1,18229.0,8222,34.0,106.0
98,470350.38,5975.7,odd,20.0,2023-06-09,0.009950248756218905,2023-03-g003-2023-03-06-8222,daily_high_low_midpoint_proxy,13:30:00,6041.7,55.5,寶一,09:00:00,0.01,829506910.3399999,13754846.85,98,time63,61.65,419,517,92,sell,2023-06-07,28.0,62.0,61.3,9849.0,8222,18.0,66.0
23000,107462.38,-362888.0,board,514.0,2023-06-09,0.00044331710546440054,2023-06-g020-2023-06-08-3014,daily_high_low_midpoint_proxy,13:30:00,360750.0,130.0,聯陽,08:59:00,0.01,260889215.15,2383872.7,3000,leader_entry,120.25,3000,3000,93,buy,2023-06-08,1624.0,123.5,117.0,6767165.0,3014,0.0,2138.0
242,86035.38,-21427.0,odd,30.0,2023-06-09,0.007375968353387176,2023-06-g020-2023-06-08-3014,daily_high_low_midpoint_proxy,13:30:00,21301.0,130.0,聯陽,09:00:00,0.01,260889215.15,2383872.7,179,leader_entry,119.0,3179,179,94,buy,2023-06-08,96.0,120.5,117.5,24268.0,3014,0.0,126.0
301,103710.63,17675.25,odd,25.0,2023-06-12,0.009978121063448916,2023-03-g003-2023-03-06-8222,daily_high_low_midpoint_proxy,13:30:00,17834.25,55.5,寶一,09:00:00,0.01,817604877.015,13509512.0,301,time63,59.25,118,419,95,sell,2023-06-07,81.0,61.7,56.8,30166.0,8222,53.0,159.0
154,110353.83,6643.2,odd,20.0,2023-06-13,0.007637046145880525,2023-03-g003-2023-03-06-8222,daily_high_low_midpoint_proxy,13:30:00,6714.2,51.1,寶一,09:00:00,0.01,827856608.8199999,13672454.65,118,time63,56.900000000000006,0,118,96,sell,2023-06-07,31.0,57.6,56.2,15451.0,8222,20.0,71.0
351000,579384.43,442615.0,board,636.0,2023-08-02,0.00015876592606520312,2023-05-g006-2023-05-02-1905,daily_high_low_midpoint_proxy,13:30:00,446600.0,28.0,華紙,08:59:00,0.01,1052849963.8675001,35177767.4,14000,time63,31.900000000000002,978,14000,97,sell,2023-08-01,2010.0,33.2,30.6,88180130.0,1905,1339.0,3985.0
1337,610231.28,30846.85,odd,44.0,2023-08-02,0.007313790008973976,2023-05-g006-2023-05-02-1905,daily_high_low_midpoint_proxy,13:30:00,31124.85,28.0,華紙,09:00:00,0.01,1052849963.8675001,35177767.4,978,time63,31.825000000000003,0,978,98,sell,2023-08-01,141.0,32.95,30.7,133720.0,1905,93.0,278.0
66000,233009.28,-377222.0,board,534.0,2023-08-08,0.0009013993774635433,2023-08-g013-2023-08-07-3689,daily_high_low_midpoint_proxy,13:30:00,375000.0,71.0,湧德,08:59:00,0.01,423485239.66999996,7210564.2,6000,leader_entry,62.5,6000,6000,99,buy,2023-08-07,1688.0,64.8,60.2,6656317.0,3689,0.0,2222.0
131,224810.63,-8198.65,odd,20.0,2023-08-08,0.009987039719448044,2023-08-g013-2023-08-07-3689,daily_high_low_midpoint_proxy,13:30:00,8141.65,71.0,湧德,09:00:00,0.01,423485239.66999996,7210564.2,131,leader_entry,62.15,6131,897,100,buy,2023-08-07,37.0,63.5,60.8,13117.0,3689,0.0,57.0
51000,672314.03,443010.0,board,637.0,2023-09-06,0.0004392203896646172,2023-06-g013-2023-06-05-2455,daily_high_low_midpoint_proxy,13:30:00,447000.0,136.5,全新,08:59:00,0.01,720463891.475,5172493.4,3000,time63,149.0,192,3000,101,sell,2023-09-05,2012.0,152.0,146.0,6830284.0,2455,1341.0,3990.0
206,700761.03,28447.0,odd,41.0,2023-09-06,0.009319483545286866,2023-06-g013-2023-06-05-2455,daily_high_low_midpoint_proxy,13:30:00,28704.0,136.5,全新,09:00:00,0.01,720463891.475,5172493.4,192,time63,149.5,0,192,102,sell,2023-09-05,130.0,152.0,147.0,20602.0,2455,86.0,257.0
73000,262077.03,-438684.0,board,621.0,2023-09-07,0.0002812223498168198,2023-09-g012-2023-09-06-6191,daily_high_low_midpoint_proxy,13:30:00,436100.0,66.5,精成科,08:59:00,0.01,409680961.14,7329939.25,7000,leader_entry,62.3,7000,7000,103,buy,2023-09-06,1963.0,64.6,60.0,24891336.0,6191,0.0,2584.0
877,217545.53,-44531.5,odd,63.0,2023-09-07,0.008094304345843404,2023-09-g012-2023-09-06-6191,daily_high_low_midpoint_proxy,13:30:00,44268.5,66.5,精成科,09:00:00,0.01,409680961.14,7329939.25,710,leader_entry,62.349999999999994,7710,710,104,buy,2023-09-06,200.0,64.3,60.4,87716.0,6191,0.0,263.0
49000,696978.53,479433.0,board,689.0,2023-09-11,0.00025326825802429823,2023-06-g020-2023-06-08-3014,daily_high_low_midpoint_proxy,13:30:00,483750.0,146.5,聯陽,08:59:00,0.01,726473850.85,4928137.3,3000,time63,161.25,179,3000,105,sell,2023-09-08,2177.0,166.5,156.0,11845148.0,3014,1451.0,4317.0
482,725318.78,28340.25,odd,41.0,2023-09-11,0.0037066180733868965,2023-06-g020-2023-06-08-3014,daily_high_low_midpoint_proxy,13:30:00,28595.25,146.5,聯陽,09:00:00,0.01,726473850.85,4928137.3,179,time63,159.75,0,179,106,sell,2023-09-08,129.0,163.5,156.0,48292.0,3014,85.0,255.0
215,615343.28,-109975.5,odd,156.0,2023-09-13,0.01,2023-09-g005-2023-09-12-2327,daily_high_low_midpoint_proxy,13:30:00,109327.5,565.0,國巨*,09:00:00,0.01,948442918.325,1940328.65,215,leader_entry,508.5,215,901,107,buy,2023-09-12,492.0,512.0,505.0,21500.0,2327,0.0,648.0
6000,933180.28,317837.0,board,457.0,2023-10-12,0.008599450495113362,2023-08-g013-2023-08-07-3689,daily_high_low_midpoint_proxy,13:30:00,320700.0,47.65,湧德,08:59:00,0.01,96272852.915,1623752.7,6000,loss12,53.45,131,6000,108,sell,2023-10-11,1444.0,53.9,53.0,697719.0,3689,962.0,2863.0
44,935498.48,2318.2,odd,20.0,2023-10-12,0.00987211128561813,2023-08-g013-2023-08-07-3689,daily_high_low_midpoint_proxy,13:30:00,2356.2,47.65,湧德,09:00:00,0.01,96272852.915,1623752.7,44,loss12,53.55,87,131,109,sell,2023-10-11,11.0,53.8,53.3,4457.0,3689,7.0,38.0
60,938622.48,3124.0,odd,20.0,2023-10-13,0.009878169245966415,2023-08-g013-2023-08-07-3689,daily_high_low_midpoint_proxy,13:30:00,3168.0,48.15,湧德,09:00:00,0.01,92853466.78,1568437.55,60,loss12,52.8,27,87,110,sell,2023-10-11,15.0,53.3,52.3,6074.0,3689,9.0,44.0
138000,549329.48,-389293.0,board,551.0,2023-10-13,0.00020931291778858392,2023-10-g007-2023-10-12-3006,daily_high_low_midpoint_proxy,13:30:00,387000.0,106.5,晶豪科,08:59:00,0.01,1243006547.285,13844779.05,4000,leader_entry,96.75,4000,4000,111,buy,2023-10-12,1742.0,97.9,95.6,19110144.0,3006,0.0,2293.0
414,509100.08,-40229.4,odd,57.0,2023-10-13,0.009993241286086705,2023-10-g007-2023-10-12-3006,daily_high_low_midpoint_proxy,13:30:00,39992.4,106.5,晶豪科,09:00:00,0.01,1243006547.285,13844779.05,414,leader_entry,96.6,4414,665,112,buy,2023-10-12,180.0,97.6,95.6,41428.0,3006,0.0,237.0
17,509961.48,861.4,odd,20.0,2023-10-16,0.009523809523809525,2023-08-g013-2023-08-07-3689,daily_high_low_midpoint_proxy,13:30:00,887.4,47.25,湧德,09:00:00,0.01,90687387.09,1534965.2,17,loss12,52.2,10,27,113,sell,2023-10-11,4.0,52.5,51.9,1785.0,3689,2.0,26.0
204,510452.48,491.0,odd,20.0,2023-10-17,0.000489452302873085,2023-08-g013-2023-08-07-3689,daily_high_low_midpoint_proxy,13:30:00,515.0,46.8,湧德,09:00:00,0.01,89453884.39000002,1518340.15,10,loss12,51.5,0,10,114,sell,2023-10-11,3.0,52.1,50.9,20431.0,3689,1.0,24.0
76000,853563.48,343111.0,board,493.0,2023-11-01,0.0005244294306125454,2023-10-g007-2023-10-12-3006,daily_high_low_midpoint_proxy,13:30:00,346200.0,75.6,晶豪科,08:59:00,0.01,1614368114.41,17541870.7,4000,loss12,86.55000000000001,414,4000,115,sell,2023-10-31,1558.0,87.9,85.2,7627337.0,3006,1038.0,3089.0
187,869668.78,16105.3,odd,23.0,2023-11-01,0.00997120614268956,2023-10-g007-2023-10-12-3006,daily_high_low_midpoint_proxy,13:30:00,16250.3,75.6,晶豪科,09:00:00,0.01,1614368114.41,17541870.7,187,loss12,86.9,227,414,116,sell,2023-10-31,74.0,87.9,85.9,18754.0,3006,48.0,145.0
378,890017.93,20349.15,odd,29.0,2023-11-02,0.006003702724147051,2023-10-g007-2023-10-12-3006,daily_high_low_midpoint_proxy,13:30:00,20532.15,78.3,晶豪科,09:00:00,0.01,1620969915.3,17599196.3,227,loss12,90.44999999999999,0,227,117,sell,2023-10-31,93.0,92.6,88.3,37810.0,3006,61.0,183.0
443,430835.43,-459182.5,odd,650.0,2023-11-06,0.003542498702588055,2023-11-g012-2023-11-03-3661,daily_high_low_midpoint_proxy,13:30:00,456477.5,3140.0,世芯-KY,09:00:00,0.01,7068022854.0,2644747.55,157,leader_entry,2907.5,157,157,118,buy,2023-11-03,2055.0,2940.0,2875.0,44319.0,3661,0.0,2705.0
37000,932071.43,501236.0,board,721.0,2023-12-08,0.0018704224749964595,2023-09-g012-2023-09-06-6191,daily_high_low_midpoint_proxy,13:30:00,505750.0,64.4,精成科,08:59:00,0.01,393535593.645,5872786.7,7000,time63,72.25,710,7000,119,sell,2023-12-07,2276.0,72.9,71.6,3742470.0,6191,1517.0,4514.0
124,940924.83,8853.4,odd,20.0,2023-12-08,0.009935101354058168,2023-09-g012-2023-09-06-6191,daily_high_low_midpoint_proxy,13:30:00,8940.4,64.4,精成科,09:00:00,0.01,393535593.645,5872786.7,124,time63,72.1,586,710,120,sell,2023-12-07,41.0,72.5,71.7,12481.0,6191,26.0,87.0
205,955481.08,14556.25,odd,21.0,2023-12-11,0.009990253411306042,2023-09-g012-2023-09-06-6191,daily_high_low_midpoint_proxy,13:30:00,14688.25,65.0,精成科,09:00:00,0.01,393104822.84499997,5835053.95,205,time63,71.65,381,586,121,sell,2023-12-07,67.0,72.4,70.9,20520.0,6191,44.0,132.0
25000,479427.08,-476054.0,board,674.0,2023-12-11,0.001177848439959372,2023-12-g007-2023-12-08-2458,daily_high_low_midpoint_proxy,13:30:00,473250.0,173.0,義隆,08:59:00,0.01,447084747.425,2994305.4,3000,leader_entry,157.75,3000,3000,122,buy,2023-12-08,2130.0,159.5,156.0,2547017.0,2458,0.0,2804.0
280,471167.08,-8260.0,odd,20.0,2023-12-11,0.001851654025567069,2023-12-g007-2023-12-08-2458,daily_high_low_midpoint_proxy,13:30:00,8203.0,173.0,義隆,09:00:00,0.01,447084747.425,2994305.4,52,leader_entry,157.75,3052,52,123,buy,2023-12-08,37.0,159.0,156.5,28083.0,2458,0.0,57.0
172,483199.28,12032.2,odd,20.0,2023-12-12,0.009942771258454245,2023-09-g012-2023-09-06-6191,daily_high_low_midpoint_proxy,13:30:00,12143.2,63.7,精成科,09:00:00,0.01,395037566.96,5846632.2,172,time63,70.6,209,381,124,sell,2023-12-07,55.0,71.1,70.1,17299.0,6191,36.0,111.0
135,492672.03,9472.75,odd,20.0,2023-12-13,0.00997340425531915,2023-09-g012-2023-09-06-6191,daily_high_low_midpoint_proxy,13:30:00,9564.75,63.3,精成科,09:00:00,0.01,401269140.71500003,5920500.25,135,time63,70.85,74,209,125,sell,2023-12-07,44.0,71.4,70.3,13536.0,6191,28.0,92.0
438,498001.93,5329.9,odd,20.0,2023-12-14,0.0016892277489898874,2023-09-g012-2023-09-06-6191,daily_high_low_midpoint_proxy,13:30:00,5390.9,64.0,精成科,09:00:00,0.01,397924422.025,5855824.05,74,time63,72.85,0,74,126,sell,2023-12-07,25.0,73.5,72.2,43807.0,6191,16.0,61.0
3651,630964.93,132963.0,odd,191.0,2023-12-14,0.0005888442767075114,2023-09-g005-2023-09-12-2327,daily_high_low_midpoint_proxy,13:30:00,134160.0,545.0,國巨*,09:00:00,0.01,1606799588.5,2715976.7,215,time63,624.0,0,215,127,sell,2023-12-13,604.0,631.0,617.0,365122.0,2327,402.0,1197.0
910,130571.43,-500393.5,odd,709.0,2023-12-18,0.008026616303583978,2023-12-g003-2023-12-15-6472,daily_high_low_midpoint_proxy,13:30:00,497445.5,743.0,保瑞,09:00:00,0.01,1215367535.85,1892488.05,731,leader_entry,680.5,731,731,128,buy,2023-12-15,2239.0,688.0,673.0,91072.0,6472,0.0,2948.0
292,745575.93,615004.5,odd,884.0,2024-02-02,0.0053761599835633325,2023-11-g012-2023-11-03-3661,daily_high_low_midpoint_proxy,13:30:00,620542.5,3565.0,世芯-KY,09:00:00,0.01,6991090664.25,1879954.7,157,time63,3952.5,0,157,129,sell,2024-02-01,2793.0,3995.0,3910.0,29203.0,3661,1861.0,5538.0
36000,311015.93,-434560.0,board,616.0,2024-02-15,0.0004893753352221046,2024-02-g013-2024-02-05-6546,daily_high_low_midpoint_proxy,13:30:00,432000.0,152.5,正基,08:59:00,0.01,467352381.2,3646221.9,3000,leader_entry,144.0,3000,3000,130,buy,2024-02-05,1944.0,151.0,137.0,6130264.0,6546,0.0,2560.0
190,283445.43,-27570.5,odd,39.0,2024-02-15,0.009953897736797989,2024-02-g013-2024-02-05-6546,daily_high_low_midpoint_proxy,13:30:00,27407.5,152.5,正基,09:00:00,0.01,467352381.2,3646221.9,190,leader_entry,144.25,3190,645,131,buy,2024-02-05,124.0,149.5,139.0,19088.0,6546,0.0,163.0
32000,655842.43,372397.0,board,535.0,2024-03-11,0.0009355808897000029,2024-02-g013-2024-02-05-6546,daily_high_low_midpoint_proxy,13:30:00,375750.0,109.5,正基,08:59:00,0.01,664906797.625,4679585.7,3000,loss12,125.25,190,3000,132,sell,2024-03-08,1691.0,129.0,121.5,3206564.0,6546,1127.0,3353.0
89,666907.93,11065.5,odd,20.0,2024-03-11,0.009912016928388463,2024-02-g013-2024-02-05-6546,daily_high_low_midpoint_proxy,13:30:00,11169.5,109.5,正基,09:00:00,0.01,664906797.625,4679585.7,89,loss12,125.5,101,190,133,sell,2024-03-08,51.0,129.0,122.0,8979.0,6546,33.0,104.0
86,677983.93,11076.0,odd,20.0,2024-03-12,0.009914687572054416,2024-02-g013-2024-02-05-6546,daily_high_low_midpoint_proxy,13:30:00,11180.0,113.5,正基,09:00:00,0.01,660880531.675,4657751.35,86,loss12,130.0,15,101,134,sell,2024-03-08,51.0,132.0,128.0,8674.0,6546,33.0,104.0
82000,166469.93,-511514.0,board,725.0,2024-03-12,0.00020302254551833146,2024-03-g012-2024-03-11-8040,daily_high_low_midpoint_proxy,13:30:00,508500.0,88.6,九暘,08:59:00,0.01,526694823.12,8217447.45,6000,leader_entry,84.75,6000,6000,135,buy,2024-03-11,2289.0,88.6,80.9,29553368.0,8040,0.0,3014.0
445,163970.03,-2499.9,odd,20.0,2024-03-12,0.0006508225049933796,2024-03-g012-2024-03-11-8040,daily_high_low_midpoint_proxy,13:30:00,2467.9,88.6,九暘,09:00:00,0.01,526694823.12,8217447.45,29,leader_entry,85.1,6029,29,136,buy,2024-03-11,12.0,88.6,81.6,44559.0,8040,0.0,32.0
124,165784.78,1814.75,odd,20.0,2024-03-13,0.0012088974854932303,2024-02-g013-2024-02-05-6546,daily_high_low_midpoint_proxy,13:30:00,1848.75,114.5,正基,09:00:00,0.01,631398879.475,4451241.75,15,loss12,123.25,0,15,137,sell,2024-03-08,9.0,128.0,118.5,12408.0,6546,5.0,34.0
31000,663799.78,498015.0,board,716.0,2024-03-20,0.0009613283250263885,2023-12-g007-2023-12-08-2458,daily_high_low_midpoint_proxy,13:30:00,502500.0,148.5,義隆,08:59:00,0.01,537577578.375,3243523.9,3000,time63,167.5,52,3000,138,sell,2024-03-19,2262.0,170.0,165.0,3120682.0,2458,1507.0,4485.0
376,672449.78,8650.0,odd,20.0,2024-03-20,0.00138095870402337,2023-12-g007-2023-12-08-2458,daily_high_low_midpoint_proxy,13:30:00,8736.0,148.5,義隆,09:00:00,0.01,537577578.375,3243523.9,52,time63,168.0,0,52,139,sell,2024-03-19,40.0,169.0,167.0,37655.0,2458,26.0,86.0
665,1093591.78,421142.0,odd,606.0,2024-03-27,0.009992336704181756,2023-12-g003-2023-12-15-6472,daily_high_low_midpoint_proxy,13:30:00,424935.0,558.0,保瑞,09:00:00,0.01,776563075.65,1196166.8,665,time63,639.0,66,731,140,sell,2024-03-26,1913.0,652.0,626.0,66551.0,6472,1274.0,3793.0
623,1136337.78,42746.0,odd,61.0,2024-03-28,0.0010593560399345125,2023-12-g003-2023-12-15-6472,daily_high_low_midpoint_proxy,13:30:00,43131.0,581.0,保瑞,09:00:00,0.01,812065410.15,1254262.9,66,time63,653.5,0,66,141,sell,2024-03-26,195.0,659.0,648.0,62302.0,6472,129.0,385.0
397000,690309.78,-446028.0,board,632.0,2024-04-03,4.692646513418388e-05,2024-04-g005-2024-04-02-2486,daily_high_low_midpoint_proxy,13:30:00,443400.0,79.8,一詮,08:59:00,0.01,2309800174.245,39735501.0,6000,leader_entry,73.9,6000,6000,142,buy,2024-04-02,1996.0,77.8,70.0,127859620.0,2486,0.0,2628.0
1568,631548.43,-58761.35,odd,83.0,2024-04-03,0.005042552513307621,2024-04-g005-2024-04-02-2486,daily_high_low_midpoint_proxy,13:30:00,58415.35,79.8,一詮,09:00:00,0.01,2309800174.245,39735501.0,791,leader_entry,73.85,6791,791,143,buy,2024-04-02,263.0,77.2,70.5,156865.0,2486,0.0,346.0
137000,216100.43,-415448.0,board,589.0,2024-04-09,0.00011828378740902202,2024-04-g008-2024-04-08-6188,daily_high_low_midpoint_proxy,13:30:00,413000.0,114.5,廣明,08:59:00,0.01,1362574437.6,13769135.65,4000,leader_entry,103.25,4000,4000,144,buy,2024-04-08,1859.0,108.5,98.0,33816976.0,6188,0.0,2448.0
1474,146123.43,-69977.0,odd,99.0,2024-04-09,0.004611420046114201,2024-04-g008-2024-04-08-6188,daily_high_low_midpoint_proxy,13:30:00,69564.0,114.5,廣明,09:00:00,0.01,1362574437.6,13769135.65,680,leader_entry,102.3,4680,680,145,buy,2024-04-08,314.0,106.0,98.6,147460.0,6188,0.0,413.0
11000,593594.43,447471.0,board,643.0,2024-04-16,0.005272509661873956,2024-03-g012-2024-03-11-8040,daily_high_low_midpoint_proxy,13:30:00,451500.0,69.3,九暘,08:59:00,0.01,210634293.87,2538038.6,6000,loss12,75.25,29,6000,146,sell,2024-04-15,2032.0,77.5,73.0,1137978.0,8040,1354.0,4029.0
69,595740.68,2146.25,odd,20.0,2024-04-16,0.004157706093189964,2024-03-g012-2024-03-11-8040,daily_high_low_midpoint_proxy,13:30:00,2182.25,69.3,九暘,09:00:00,0.01,210634293.87,2538038.6,29,loss12,75.25,0,29,147,sell,2024-04-15,10.0,77.0,73.5,6975.0,8040,6.0,36.0
49000,946779.68,351039.0,board,505.0,2024-04-17,0.0008112609510087625,2024-04-g008-2024-04-08-6188,daily_high_low_midpoint_proxy,13:30:00,354200.0,78.2,廣明,08:59:00,0.01,1700190127.7150002,17159630.45,4000,loss12,88.55,680,4000,148,sell,2024-04-16,1594.0,89.6,87.5,4930596.0,6188,1062.0,3161.0
294,972580.38,25800.7,odd,37.0,2024-04-17,0.00997184818369908,2024-04-g008-2024-04-08-6188,daily_high_low_midpoint_proxy,13:30:00,26033.7,78.2,廣明,09:00:00,0.01,1700190127.7150002,17159630.45,294,loss12,88.55,386,680,149,sell,2024-04-16,118.0,89.5,87.6,29483.0,6188,78.0,233.0
273,996471.28,23890.9,odd,34.0,2024-04-18,0.009984639016897081,2024-04-g008-2024-04-08-6188,daily_high_low_midpoint_proxy,13:30:00,24105.9,80.1,廣明,09:00:00,0.01,1714147498.7350001,17306919.25,273,loss12,88.3,113,386,150,sell,2024-04-16,109.0,89.1,87.5,27342.0,6188,72.0,215.0
514,1006084.98,9613.7,odd,20.0,2024-04-19,0.002194814023501991,2024-04-g008-2024-04-08-6188,daily_high_low_midpoint_proxy,13:30:00,9706.7,79.0,廣明,09:00:00,0.01,1656870700.59,16658317.65,113,loss12,85.9,0,113,151,sell,2024-04-16,44.0,88.3,83.5,51485.0,6188,29.0,93.0
2697,583042.98,-423042.0,odd,599.0,2024-04-19,0.0024098618963759384,2024-04-g009-2024-04-18-3017,daily_high_low_midpoint_proxy,13:30:00,420550.0,748.0,奇鋐,09:00:00,0.01,8712303667.0,14926037.3,650,leader_entry,647.0,650,650,152,buy,2024-04-18,1893.0,679.0,615.0,269725.0,3017,0.0,2492.0
75000,169305.98,-413737.0,board,586.0,2024-04-23,0.0005153653162749705,2024-04-g012-2024-04-22-2637,daily_high_low_midpoint_proxy,13:30:00,411300.0,76.1,慧洋-KY,08:59:00,0.01,482125987.81499994,7537726.25,6000,leader_entry,68.55000000000001,6000,6000,153,buy,2024-04-22,1851.0,69.7,67.4,11642227.0,2637,0.0,2437.0
472,164606.98,-4699.0,odd,20.0,2024-04-23,0.0014400372715529107,2024-04-g012-2024-04-22-2637,daily_high_low_midpoint_proxy,13:30:00,4658.0,76.1,慧洋-KY,09:00:00,0.01,482125987.81499994,7537726.25,68,leader_entry,68.5,6068,68,154,buy,2024-04-22,21.0,69.6,67.4,47221.0,2637,0.0,41.0
385000,272385.98,107779.0,board,155.0,2024-06-11,2.2015557778246268e-05,2024-04-g005-2024-04-02-2486,daily_high_low_midpoint_proxy,13:30:00,108750.0,97.7,一詮,08:59:00,0.01,3664809124.675,38555673.5,1000,reduce_cap40,108.75,5791,1000,155,sell,2024-06-07,490.0,113.5,104.0,45422424.0,2486,326.0,971.0
916,308790.98,36405.0,odd,52.0,2024-06-11,0.0036776340917771596,2024-04-g005-2024-04-02-2486,daily_high_low_midpoint_proxy,13:30:00,36733.0,97.7,一詮,09:00:00,0.01,3664809124.675,38555673.5,337,reduce_cap40,109.0,5454,337,156,sell,2024-06-07,166.0,114.0,104.0,91635.0,2486,110.0,328.0
243000,1030496.13,717291.0,board,1031.0,2024-07-05,9.999570818420474e-05,2024-04-g005-2024-04-02-2486,daily_high_low_midpoint_proxy,13:30:00,723750.0,124.5,一詮,08:59:00,0.01,2885008128.25,24354093.95,5000,time63,144.75,454,5000,157,sell,2024-07-04,3257.0,151.5,138.0,50002146.0,2486,2171.0,6459.0
2082,1095625.63,65129.5,odd,94.0,2024-07-05,0.002180260478696838,2024-04-g005-2024-04-02-2486,daily_high_low_midpoint_proxy,13:30:00,65716.5,124.5,一詮,09:00:00,0.01,2885008128.25,24354093.95,454,time63,144.75,0,454,158,sell,2024-07-04,296.0,151.0,138.5,208232.0,2486,197.0,587.0
381000,472102.63,-623523.0,board,883.0,2024-07-08,7.80881898484615e-05,2024-07-g009-2024-07-05-2365,daily_high_low_midpoint_proxy,13:30:00,619850.0,59.5,昆盈,08:59:00,0.01,1535695206.0,38102366.05,11000,leader_entry,56.35,11000,11000,159,buy,2024-07-05,2790.0,59.5,53.2,140866372.0,2365,0.0,3673.0
2639,452332.83,-19769.8,odd,28.0,2024-07-08,0.0013106358477844194,2024-07-g009-2024-07-05-2365,daily_high_low_midpoint_proxy,13:30:00,19652.8,59.5,昆盈,09:00:00,0.01,1535695206.0,38102366.05,346,leader_entry,56.8,11346,346,160,buy,2024-07-05,89.0,59.5,54.1,263994.0,2365,0.0,117.0
918,894897.83,442565.0,odd,636.0,2024-07-19,0.007076216292715852,2024-04-g009-2024-04-18-3017,daily_high_low_midpoint_proxy,13:30:00,446550.0,608.0,奇鋐,09:00:00,0.01,7637677154.1,10456204.9,650,time63,687.0,0,650,161,sell,2024-07-18,2010.0,697.0,677.0,91857.0,3017,1339.0,3985.0
53000,1295984.83,401087.0,board,577.0,2024-07-23,0.0011117641696196357,2024-04-g012-2024-04-22-2637,daily_high_low_midpoint_proxy,13:30:00,404700.0,58.5,慧洋-KY,08:59:00,0.01,375001530.265,5435705.1,6000,time63,67.45,68,6000,162,sell,2024-07-22,1822.0,69.5,65.4,5396828.0,2637,1214.0,3613.0
280,1300510.63,4525.8,odd,20.0,2024-07-23,0.0024267513650476427,2024-04-g012-2024-04-22-2637,daily_high_low_midpoint_proxy,13:30:00,4579.8,58.5,慧洋-KY,09:00:00,0.01,375001530.265,5435705.1,68,time63,67.35,0,68,163,sell,2024-07-22,21.0,69.3,65.4,28021.0,2637,13.0,54.0
274,878266.63,-438931.0,odd,622.0,2024-08-07,0.009968711343956924,2024-08-g004-2024-08-06-3131,daily_high_low_midpoint_proxy,13:30:00,436345.0,1725.0,弘塑,09:00:00,0.01,1477661649.75,1010905.15,274,leader_entry,1592.5,274,368,164,buy,2024-08-06,1964.0,1650.0,1535.0,27486.0,3131,0.0,2586.0
72000,353173.63,-525093.0,board,744.0,2024-08-12,0.00010448183448787067,2024-08-g011-2024-08-09-8374,daily_high_low_midpoint_proxy,13:30:00,522000.0,146.0,羅昇,08:59:00,0.01,852585187.775,7289561.9,4000,leader_entry,130.5,4000,4000,165,buy,2024-08-09,2349.0,140.5,120.5,38284167.0,8374,0.0,3093.0
698,265673.63,-87500.0,odd,124.0,2024-08-12,0.00950526797984425,2024-08-g011-2024-08-09-8374,daily_high_low_midpoint_proxy,13:30:00,86984.0,146.0,羅昇,09:00:00,0.01,852585187.775,7289561.9,664,leader_entry,131.0,4664,664,166,buy,2024-08-09,392.0,140.0,122.0,69856.0,8374,0.0,516.0
86000,785963.63,520290.0,board,748.0,2024-10-11,0.001276207945322611,2024-07-g009-2024-07-05-2365,daily_high_low_midpoint_proxy,13:30:00,524975.0,43.9,昆盈,08:59:00,0.01,562516866.6225001,10355113.45,11000,time63,47.725,346,11000,167,sell,2024-10-09,2363.0,48.95,46.5,8619285.0,2365,1574.0,4685.0
563,802363.08,16399.45,odd,24.0,2024-10-11,0.006136383790015075,2024-07-g009-2024-07-05-2365,daily_high_low_midpoint_proxy,13:30:00,16547.45,43.9,昆盈,09:00:00,0.01,562516866.6225001,10355113.45,346,time63,47.825,0,346,168,sell,2024-10-09,75.0,48.75,46.9,56385.0,2365,49.0,148.0
28000,439978.08,-362385.0,board,513.0,2024-10-16,0.00012897817044465223,2024-10-g003-2024-10-15-1560,daily_high_low_midpoint_proxy,13:30:00,360250.0,401.5,中砂,08:59:00,0.01,949788419.875,2835886.05,1000,leader_entry,360.25,1000,1000,169,buy,2024-10-15,1622.0,367.5,353.0,7753250.0,1560,0.0,2135.0
687,240251.08,-199727.0,odd,283.0,2024-10-16,0.008000698242755731,2024-10-g003-2024-10-15-1560,daily_high_low_midpoint_proxy,13:30:00,198550.0,401.5,中砂,09:00:00,0.01,949788419.875,2835886.05,550,leader_entry,361.0,1550,550,170,buy,2024-10-15,894.0,367.0,355.0,68744.0,1560,0.0,1177.0
38000,542033.08,301782.0,board,434.0,2024-11-01,0.0002602281368029724,2024-10-g003-2024-10-15-1560,daily_high_low_midpoint_proxy,13:30:00,304500.0,278.5,中砂,08:59:00,0.01,1708792769.675,4898456.45,1000,loss12,304.5,550,1000,171,sell,2024-10-30,1371.0,310.0,299.0,3842782.0,1560,913.0,2718.0
529,702724.58,160691.5,odd,231.0,2024-11-01,0.009984899962249905,2024-10-g003-2024-10-15-1560,daily_high_low_midpoint_proxy,13:30:00,162138.5,278.5,中砂,09:00:00,0.01,1708792769.675,4898456.45,529,loss12,306.5,21,550,172,sell,2024-10-30,730.0,312.0,301.0,52980.0,1560,486.0,1447.0
883,709024.83,6300.25,odd,20.0,2024-11-04,0.00023761031907671418,2024-10-g003-2024-10-15-1560,daily_high_low_midpoint_proxy,13:30:00,6368.25,278.5,中砂,09:00:00,0.01,1749685039.075,5030986.8,21,loss12,303.25,0,21,173,sell,2024-10-30,29.0,307.0,299.5,88380.0,1560,19.0,68.0
358000,236239.83,-472785.0,board,670.0,2024-11-05,5.2563448418725896e-05,2024-11-g008-2024-11-04-3231,daily_high_low_midpoint_proxy,13:30:00,470000.0,127.5,緯創,08:59:00,0.01,3977086149.925,35860419.35,4000,leader_entry,117.5,4000,4000,174,buy,2024-11-04,2115.0,120.0,115.0,76098508.0,3231,0.0,2785.0
9790,168461.83,-67778.0,odd,96.0,2024-11-05,0.0005831951947167214,2024-11-g008-2024-11-04-3231,daily_high_low_midpoint_proxy,13:30:00,67378.0,127.5,緯創,09:00:00,0.01,3977086149.925,35860419.35,571,leader_entry,118.0,4571,571,175,buy,2024-11-04,304.0,120.0,116.0,979089.0,3231,0.0,400.0
105,350571.83,182110.0,odd,262.0,2024-11-11,0.009967723561799886,2024-08-g004-2024-08-06-3131,daily_high_low_midpoint_proxy,13:30:00,183750.0,1595.0,弘塑,09:00:00,0.01,1542981010.5,921569.65,105,time63,1750.0,169,274,176,sell,2024-11-08,827.0,1775.0,1725.0,10534.0,3131,551.0,1640.0
102,525204.83,174633.0,odd,251.0,2024-11-12,0.009936678032148077,2024-08-g004-2024-08-06-3131,daily_high_low_midpoint_proxy,13:30:00,176205.0,1580.0,弘塑,09:00:00,0.01,1538580459.75,920451.0,102,time63,1727.5,67,169,177,sell,2024-11-08,793.0,1740.0,1715.0,10265.0,3131,528.0,1572.0
830,646720.83,121516.0,odd,175.0,2024-11-13,0.0008068012138143635,2024-08-g004-2024-08-06-3131,daily_high_low_midpoint_proxy,13:30:00,122610.0,1560.0,弘塑,09:00:00,0.01,1490798231.5,894762.55,67,time63,1830.0,0,67,178,sell,2024-11-08,552.0,1890.0,1770.0,83044.0,3131,367.0,1094.0
10000,1158115.83,511395.0,board,735.0,2024-11-14,0.003895757325484681,2024-08-g011-2024-08-09-8374,daily_high_low_midpoint_proxy,13:30:00,516000.0,117.0,羅昇,08:59:00,0.01,787259150.6,5677511.1,4000,time63,129.0,664,4000,179,sell,2024-11-13,2322.0,131.0,127.0,1026758.0,8374,1548.0,4605.0
125,1174096.83,15981.0,odd,23.0,2024-11-14,0.009986418470879603,2024-08-g011-2024-08-09-8374,daily_high_low_midpoint_proxy,13:30:00,16125.0,117.0,羅昇,09:00:00,0.01,787259150.6,5677511.1,125,time63,129.0,539,664,180,sell,2024-11-13,73.0,130.5,127.5,12517.0,8374,48.0,144.0
84,1184977.83,10881.0,odd,20.0,2024-11-15,0.009885842061904201,2024-08-g011-2024-08-09-8374,daily_high_low_midpoint_proxy,13:30:00,10983.0,115.0,羅昇,09:00:00,0.01,747327740.3,5398051.9,84,time63,130.75,455,539,181,sell,2024-11-13,50.0,134.0,127.5,8497.0,8374,32.0,102.0
503000,688904.83,-496073.0,board,703.0,2024-11-15,3.3414693657095876e-05,2024-11-g009-2024-11-14-3706,daily_high_low_midpoint_proxy,13:30:00,493150.0,76.7,神達,08:59:00,0.01,3147733543.245,50359248.8,7000,leader_entry,70.45,7000,7000,182,buy,2024-11-14,2220.0,72.7,68.2,209488678.0,3706,0.0,2923.0
3007,659728.03,-29176.8,odd,41.0,2024-11-15,0.0013699860008712047,2024-11-g009-2024-11-14-3706,daily_high_low_midpoint_proxy,13:30:00,29004.8,76.7,神達,09:00:00,0.01,3147733543.245,50359248.8,412,leader_entry,70.4,7412,412,183,buy,2024-11-14,131.0,72.4,68.4,300733.0,3706,0.0,172.0
1153,139157.03,-520571.0,odd,737.0,2024-11-15,0.00719362107817646,2024-11-g006-2024-11-14-2357,daily_high_low_midpoint_proxy,13:30:00,517505.0,685.0,華碩,09:00:00,0.01,2096765276.0,3482755.55,830,leader_entry,623.5,830,830,184,buy,2024-11-14,2329.0,641.0,606.0,115380.0,2357,0.0,3066.0
66,147407.53,8250.5,odd,20.0,2024-11-18,0.009974308599063019,2024-08-g011-2024-08-09-8374,daily_high_low_midpoint_proxy,13:30:00,8332.5,116.5,羅昇,09:00:00,0.01,542021251.775,3956091.8,66,time63,126.25,389,455,185,sell,2024-11-13,38.0,127.0,125.5,6617.0,8374,24.0,82.0
45,153037.03,5629.5,odd,20.0,2024-11-19,0.009922822491730982,2024-08-g011-2024-08-09-8374,daily_high_low_midpoint_proxy,13:30:00,5692.5,112.5,羅昇,09:00:00,0.01,456647714.025,3364112.85,45,time63,126.5,344,389,186,sell,2024-11-13,26.0,129.0,124.0,4535.0,8374,17.0,63.0
56,160062.03,7025.0,odd,20.0,2024-11-20,0.009939652112176074,2024-08-g011-2024-08-09-8374,daily_high_low_midpoint_proxy,13:30:00,7098.0,116.5,羅昇,09:00:00,0.01,429135664.65,3179546.05,56,time63,126.75,288,344,187,sell,2024-11-13,32.0,128.0,125.5,5634.0,8374,21.0,73.0
49,166206.78,6144.75,odd,20.0,2024-11-21,0.009947218838814454,2024-08-g011-2024-08-09-8374,daily_high_low_midpoint_proxy,13:30:00,6210.75,114.5,羅昇,09:00:00,0.01,396010749.75,2955342.6,49,time63,126.75,239,288,188,sell,2024-11-13,28.0,127.5,126.0,4926.0,8374,18.0,66.0
35,170581.28,4374.5,odd,20.0,2024-11-22,0.009798432250839866,2024-08-g011-2024-08-09-8374,daily_high_low_midpoint_proxy,13:30:00,4427.5,112.5,羅昇,09:00:00,0.01,381475679.25,2855752.95,35,time63,126.5,204,239,189,sell,2024-11-13,20.0,127.0,126.0,3572.0,8374,13.0,53.0
44,176151.28,5570.0,odd,20.0,2024-11-25,0.009885419006964727,2024-08-g011-2024-08-09-8374,daily_high_low_midpoint_proxy,13:30:00,5632.0,113.5,羅昇,09:00:00,0.01,326552506.05,2451989.9,44,time63,128.0,160,204,190,sell,2024-11-13,26.0,129.5,126.5,4451.0,8374,16.0,62.0
483,197717.28,21566.0,odd,31.0,2024-11-26,0.003309751354929461,2024-08-g011-2024-08-09-8374,daily_high_low_midpoint_proxy,13:30:00,21760.0,117.5,羅昇,09:00:00,0.01,322716132.3,2422592.4,160,time63,136.0,0,160,191,sell,2024-11-13,98.0,140.5,131.5,48342.0,8374,65.0,194.0
214000,610004.28,412287.0,board,593.0,2024-12-31,0.00018682483256992035,2024-11-g008-2024-11-04-3231,daily_high_low_midpoint_proxy,13:30:00,416000.0,93.6,緯創,08:59:00,0.01,2739300080.8,24604692.85,4000,loss12,104.0,571,4000,192,sell,2024-12-30,1872.0,105.0,103.0,21410430.0,3231,1248.0,3713.0
1603,669140.78,59136.5,odd,85.0,2024-12-31,0.0035600723237109544,2024-11-g008-2024-11-04-3231,daily_high_low_midpoint_proxy,13:30:00,59669.5,93.6,緯創,09:00:00,0.01,2739300080.8,24604692.85,571,loss12,104.5,0,571,193,sell,2024-12-30,269.0,105.5,103.5,160390.0,3231,179.0,533.0
18000,189816.78,-479324.0,board,679.0,2025-01-02,0.0002356179953715201,2024-12-g015-2024-12-31-2404,daily_high_low_midpoint_proxy,13:30:00,476500.0,530.0,漢唐,08:59:00,0.01,841327240.275,1824628.85,1000,leader_entry,476.5,1000,1000,194,buy,2024-12-31,2145.0,497.0,456.0,4244158.0,2404,0.0,2824.0
772,158230.28,-31586.5,odd,45.0,2025-01-02,0.0008547451305428926,2024-12-g015-2024-12-31-2404,daily_high_low_midpoint_proxy,13:30:00,31399.5,530.0,漢唐,09:00:00,0.01,841327240.275,1824628.85,66,leader_entry,475.75,1066,66,195,buy,2024-12-31,142.0,495.0,456.5,77216.0,2404,0.0,187.0
150000,657385.28,499155.0,board,718.0,2025-02-24,0.00046647413724108935,2024-11-g009-2024-11-14-3706,daily_high_low_midpoint_proxy,13:30:00,503650.0,65.0,神達,08:59:00,0.01,3732735460.745,51402344.25,7000,time63,71.95,412,7000,196,sell,2025-02-21,2267.0,72.9,71.0,15006191.0,3706,1510.0,4495.0
699,686825.48,29440.2,odd,42.0,2025-02-24,0.005893291374624517,2024-11-g009-2024-11-14-3706,daily_high_low_midpoint_proxy,13:30:00,29705.2,65.0,神達,09:00:00,0.01,3732735460.745,51402344.25,412,time63,72.1,0,412,197,sell,2025-02-21,134.0,72.8,71.4,69910.0,3706,89.0,265.0
460,1008459.48,321634.0,odd,462.0,2025-02-24,0.009987840889352093,2024-11-g006-2024-11-14-2357,daily_high_low_midpoint_proxy,13:30:00,324530.0,639.0,華碩,09:00:00,0.01,2286793792.35,3474517.5,460,time63,705.5,370,830,198,sell,2025-02-21,1461.0,713.0,698.0,46056.0,2357,973.0,2896.0
518,1263496.48,255037.0,odd,367.0,2025-02-25,0.007132117660665407,2024-11-g006-2024-11-14-2357,daily_high_low_midpoint_proxy,13:30:00,257335.0,629.0,華碩,09:00:00,0.01,2287403646.35,3459562.7,370,time63,695.5,0,370,199,sell,2025-02-21,1159.0,704.0,687.0,51878.0,2357,772.0,2298.0
26000,1702542.48,439046.0,board,631.0,2025-04-15,0.0003781547560523669,2024-12-g015-2024-12-31-2404,daily_high_low_midpoint_proxy,13:30:00,443000.0,390.0,漢唐,08:59:00,0.01,1342478378.275,3088429.45,1000,time63,443.0,66,1000,200,sell,2025-04-14,1994.0,458.0,428.0,2644420.0,2404,1329.0,3954.0
384,1731535.98,28993.5,odd,42.0,2025-04-15,0.0017158455738983491,2024-12-g015-2024-12-31-2404,daily_high_low_midpoint_proxy,13:30:00,29254.5,390.0,漢唐,09:00:00,0.01,1342478378.275,3088429.45,66,time63,443.25,0,66,201,sell,2025-04-14,132.0,456.0,430.5,38465.0,2404,87.0,261.0
693,1203023.98,-528512.0,odd,749.0,2025-06-11,0.00854947304681305,2025-06-g007-2025-06-10-6223,daily_high_low_midpoint_proxy,13:30:00,525398.0,966.0,旺矽,09:00:00,0.01,2398920183.0,3180802.8,593,leader_entry,886.0,593,593,202,buy,2025-06-10,2365.0,895.0,877.0,69361.0,6223,0.0,3114.0
23000,759410.98,-443613.0,board,628.0,2025-06-11,0.0007464079119238664,2025-06-g006-2025-06-10-3044,daily_high_low_midpoint_proxy,13:30:00,441000.0,244.0,健鼎,08:59:00,0.01,489876422.875,2343997.8,2000,leader_entry,220.5,2000,2000,203,buy,2025-06-10,1985.0,222.5,218.5,2679500.0,3044,0.0,2613.0
266,700409.98,-59001.0,odd,84.0,2025-06-11,0.009979365972613018,2025-06-g006-2025-06-10-3044,daily_high_low_midpoint_proxy,13:30:00,58653.0,244.0,健鼎,09:00:00,0.01,489876422.875,2343997.8,266,leader_entry,220.5,2266,351,204,buy,2025-06-10,264.0,222.0,219.0,26655.0,3044,0.0,348.0
5000,317151.98,-383258.0,board,543.0,2025-06-26,0.0018178909556289175,2025-06-g020-2025-06-25-6739,daily_high_low_midpoint_proxy,13:30:00,381000.0,424.5,竹陞科技,08:59:00,0.01,307984763.4,972908.65,1000,leader_entry,381.0,1000,1000,205,buy,2025-06-25,1715.0,400.0,362.0,550088.0,6739,0.0,2258.0
257,218524.48,-98627.5,odd,140.0,2025-06-26,0.009997665914572473,2025-06-g020-2025-06-25-6739,daily_high_low_midpoint_proxy,13:30:00,98045.5,424.5,竹陞科技,09:00:00,0.01,307984763.4,972908.65,257,leader_entry,381.5,1257,403,206,buy,2025-06-25,442.0,400.0,363.0,25706.0,6739,0.0,582.0
455,949188.84,697828.5,odd,1003.0,2025-09-08,0.009979383252182304,2025-06-g007-2025-06-10-6223,daily_high_low_midpoint_proxy,13:30:00,704112.5,1370.0,旺矽,09:00:00,0.01,2865184991.25,2218940.5,455,time63,1547.5,138,593,207,sell,2025-09-05,3169.0,1570.0,1525.0,45594.0,6223,2112.0,6284.0
26000,1544328.84,595140.0,board,856.0,2025-09-08,0.0007602137569041663,2025-06-g006-2025-06-10-3044,daily_high_low_midpoint_proxy,13:30:00,600500.0,269.0,健鼎,08:59:00,0.01,1733013801.15,5457000.3,2000,time63,300.25,266,2000,208,sell,2025-09-05,2703.0,303.0,297.5,2630839.0,3044,1801.0,5360.0
275,1623350.34,79021.5,odd,114.0,2025-09-08,0.0096422227860949,2025-06-g006-2025-06-10-3044,daily_high_low_midpoint_proxy,13:30:00,79733.5,269.0,健鼎,09:00:00,0.01,1733013801.15,5457000.3,266,time63,299.75,0,266,209,sell,2025-09-05,359.0,301.5,298.0,27587.0,3044,239.0,712.0
520,1833632.34,210282.0,odd,302.0,2025-09-09,0.002650583896742471,2025-06-g007-2025-06-10-6223,daily_high_low_midpoint_proxy,13:30:00,212175.0,1375.0,旺矽,09:00:00,0.01,2992366650.0,2285198.35,138,time63,1537.5,0,138,210,sell,2025-09-05,955.0,1575.0,1500.0,52064.0,6223,636.0,1893.0
84000,1023158.34,-810474.0,board,1148.0,2025-09-10,0.0007114147203291533,2025-09-g024-2025-09-09-8111,daily_high_low_midpoint_proxy,13:30:00,805700.0,63.4,立碁,08:59:00,0.01,454808276.2025,8472548.65,14000,leader_entry,57.55,14000,14000,211,buy,2025-09-09,3626.0,59.0,56.1,19679098.0,8111,0.0,4774.0
864,1021343.74,-1814.6,odd,20.0,2025-09-10,0.00035861781752137247,2025-09-g024-2025-09-09-8111,daily_high_low_midpoint_proxy,13:30:00,1785.6,63.4,立碁,09:00:00,0.01,454808276.2025,8472548.65,31,leader_entry,57.599999999999994,14031,31,212,buy,2025-09-09,9.0,58.9,56.3,86443.0,8111,0.0,29.0
26000,320715.74,-700628.0,board,993.0,2025-09-11,0.0003712243238056136,2025-09-g021-2025-09-10-5289,daily_high_low_midpoint_proxy,13:30:00,696500.0,378.0,宜鼎,08:59:00,0.01,791955215.6,2617310.7,2000,leader_entry,348.25,2000,2000,213,buy,2025-09-10,3135.0,359.5,337.0,5387578.0,5289,0.0,4128.0
1564,203977.24,-116738.5,odd,165.0,2025-09-11,0.002128747682669565,2025-09-g021-2025-09-10-5289,daily_high_low_midpoint_proxy,13:30:00,116050.5,378.0,宜鼎,09:00:00,0.01,791955215.6,2617310.7,333,leader_entry,348.5,2333,333,214,buy,2025-09-10,523.0,357.5,339.5,156430.0,5289,0.0,688.0
9000,1022605.24,818628.0,board,1177.0,2025-09-23,0.0007726327305767858,2025-06-g020-2025-06-25-6739,daily_high_low_midpoint_proxy,13:30:00,826000.0,703.0,竹陞科技,08:59:00,0.01,617349375.25,925229.6,1000,time63,826.0,257,1000,215,sell,2025-09-22,3717.0,859.0,793.0,1294276.0,6739,2478.0,7372.0
425,1235156.74,212551.5,odd,306.0,2025-09-23,0.006038817613609662,2025-06-g020-2025-06-25-6739,daily_high_low_midpoint_proxy,13:30:00,214466.5,703.0,竹陞科技,09:00:00,0.01,617349375.25,925229.6,257,time63,834.5,0,257,216,sell,2025-09-22,966.0,859.0,810.0,42558.0,6739,643.0,1915.0
87000,424883.74,-810273.0,board,1148.0,2025-10-02,0.00033201589426489023,2025-10-g010-2025-10-01-6290,daily_high_low_midpoint_proxy,13:30:00,805500.0,143.0,良維,08:59:00,0.01,1037907946.875,8741769.5,6000,leader_entry,134.25,6000,6000,217,buy,2025-10-01,3625.0,137.5,131.0,18071424.0,6290,0.0,4773.0
962,361529.74,-63354.0,odd,90.0,2025-10-02,0.004884842437848175,2025-10-g010-2025-10-01-6290,daily_high_low_midpoint_proxy,13:30:00,62980.0,143.0,良維,09:00:00,0.01,1037907946.875,8741769.5,470,leader_entry,134.0,6470,470,218,buy,2025-10-01,284.0,137.5,130.5,96216.0,6290,0.0,374.0
13000,1246658.74,885129.0,board,1273.0,2025-12-12,0.009602309281518288,2025-09-g024-2025-09-09-8111,daily_high_low_midpoint_proxy,13:30:00,893100.0,62.2,立碁,08:59:00,0.01,1202637749.8200002,17477102.35,13000,time63,68.69999999999999,1031,14000,219,sell,2025-12-11,4019.0,69.3,68.1,1353841.0,8111,2679.0,7971.0
138,1248761.74,2103.0,odd,20.0,2025-12-12,0.0022374594009382893,2025-09-g024-2025-09-09-8111,daily_high_low_midpoint_proxy,13:30:00,2139.0,62.2,立碁,09:00:00,0.01,1202637749.8200002,17477102.35,31,time63,69.0,1000,31,220,sell,2025-12-11,10.0,69.5,68.5,13855.0,8111,6.0,36.0
10000,1317591.74,68830.0,board,99.0,2025-12-15,0.000927361619099198,2025-09-g024-2025-09-09-8111,daily_high_low_midpoint_proxy,13:30:00,69450.0,62.3,立碁,08:59:00,0.01,1127724960.905,16382793.25,1000,time63,69.44999999999999,0,1000,221,sell,2025-12-11,313.0,70.8,68.1,1078328.0,8111,208.0,620.0
37000,2305692.74,988101.0,board,1421.0,2025-12-15,0.000532919219571778,2025-09-g021-2025-09-10-5289,daily_high_low_midpoint_proxy,13:30:00,997000.0,450.0,宜鼎,08:59:00,0.01,2225830436.35,4517587.2,2000,time63,498.5,333,2000,222,sell,2025-12-12,4487.0,507.0,490.0,3752914.0,5289,2991.0,8899.0
1001,2470376.74,164684.0,odd,237.0,2025-12-15,0.0033253445176752547,2025-09-g021-2025-09-10-5289,daily_high_low_midpoint_proxy,13:30:00,166167.0,450.0,宜鼎,09:00:00,0.01,2225830436.35,4517587.2,333,time63,499.0,0,333,223,sell,2025-12-12,748.0,508.0,490.0,100140.0,5289,498.0,1483.0
154000,1484645.74,-985731.0,board,1396.0,2025-12-16,0.0012276629948774146,2025-12-g005-2025-12-15-8110,daily_high_low_midpoint_proxy,13:30:00,979925.0,61.0,華東,08:59:00,0.01,4252241149.9300003,91603725.65,19000,leader_entry,51.575,19000,19000,224,buy,2025-12-15,4410.0,53.2,49.95,15476560.0,8110,0.0,5806.0
1482,1445137.31,-39508.43,odd,56.0,2025-12-16,0.005145531547570878,2025-12-g005-2025-12-15-8110,daily_high_low_midpoint_proxy,13:30:00,39275.43,61.0,華東,09:00:00,0.01,4252241149.9300003,91603725.65,763,leader_entry,51.475,19763,763,225,buy,2025-12-15,177.0,53.0,49.95,148284.0,8110,0.0,233.0
26000,338619.31,-1106518.0,board,1568.0,2025-12-23,0.001352588787309471,2025-12-g008-2025-12-22-6196,daily_high_low_midpoint_proxy,13:30:00,1100000.0,301.5,帆宣,08:59:00,0.01,669421439.575,2652690.4,4000,leader_entry,275.0,4000,4000,226,buy,2025-12-22,4950.0,279.0,271.0,2957292.0,6196,0.0,6518.0
516,329516.31,-9103.0,odd,20.0,2025-12-23,0.0006392870980240217,2025-12-g008-2025-12-22-6196,daily_high_low_midpoint_proxy,13:30:00,9042.0,301.5,帆宣,09:00:00,0.01,669421439.575,2652690.4,33,leader_entry,274.0,4033,33,227,buy,2025-12-22,41.0,278.0,270.0,51620.0,6196,0.0,61.0
41000,1422176.31,1092660.0,board,1571.0,2026-01-06,0.001448915583280287,2025-10-g010-2025-10-01-6290,daily_high_low_midpoint_proxy,13:30:00,1102500.0,162.5,良維,08:59:00,0.01,1046249481.625,5794786.8,6000,time63,183.75,470,6000,228,sell,2026-01-05,4962.0,186.0,181.5,4141028.0,6290,3307.0,9840.0
705,1507884.31,85708.0,odd,123.0,2026-01-06,0.006660431369214636,2025-10-g010-2025-10-01-6290,daily_high_low_midpoint_proxy,13:30:00,86480.0,162.5,良維,09:00:00,0.01,1046249481.625,5794786.8,470,time63,184.0,0,470,229,sell,2026-01-05,390.0,187.0,181.0,70566.0,6290,259.0,772.0
424000,294662.31,-1213222.0,board,1719.0,2026-01-09,0.00014122164311048622,2026-01-g017-2026-01-08-6443,daily_high_low_midpoint_proxy,13:30:00,1206075.0,34.3,元晶,08:59:00,0.01,1030634172.0074999,42458951.7,39000,leader_entry,30.925,39000,39000,230,buy,2026-01-08,5428.0,33.6,28.25,276161636.0,6443,0.0,7147.0
5424,275700.96,-18961.35,odd,27.0,2026-01-09,0.0011264188545186725,2026-01-g017-2026-01-08-6443,daily_high_low_midpoint_proxy,13:30:00,18849.35,34.3,元晶,09:00:00,0.01,1030634172.0074999,42458951.7,611,leader_entry,30.85,39611,611,231,buy,2026-01-08,85.0,33.5,28.2,542427.0,6443,0.0,112.0
1086000,677680.96,401980.0,board,578.0,2026-03-03,2.9842085939425603e-05,2026-01-g017-2026-01-08-6443,daily_high_low_midpoint_proxy,13:30:00,405600.0,44.65,元晶,08:59:00,0.01,4536192848.6175,108607256.65,8000,reduce_cap40,50.7,31611,8000,232,sell,2026-03-02,1826.0,54.2,47.2,268077775.0,6443,1216.0,3620.0
11433,681970.76,4289.8,odd,20.0,2026-03-03,7.346953769293407e-05,2026-01-g017-2026-01-08-6443,daily_high_low_midpoint_proxy,13:30:00,4342.8,44.65,元晶,09:00:00,0.01,4536192848.6175,108607256.65,84,reduce_cap40,51.7,31527,84,233,sell,2026-03-02,20.0,53.8,49.6,1143331.0,6443,13.0,53.0
130000,1621608.76,939638.0,board,1351.0,2026-03-27,0.0014545169487970226,2025-12-g005-2025-12-15-8110,daily_high_low_midpoint_proxy,13:30:00,948100.0,47.25,華東,08:59:00,0.01,1293419753.2,22076301.2,19000,time63,49.9,763,19000,234,sell,2026-03-26,4267.0,51.0,48.8,13062756.0,8110,2844.0,8462.0
1152,1659418.76,37810.0,odd,54.0,2026-03-27,0.006618437944554318,2025-12-g005-2025-12-15-8110,daily_high_low_midpoint_proxy,13:30:00,38150.0,47.25,華東,09:00:00,0.01,1293419753.2,22076301.2,763,time63,50.0,0,763,235,sell,2026-03-26,172.0,51.0,49.0,115284.0,8110,114.0,340.0
39000,476198.76,-1183220.0,board,1676.0,2026-04-02,0.0005856528406915342,2026-04-g004-2026-04-01-5475,daily_high_low_midpoint_proxy,13:30:00,1176250.0,246.5,德宏,08:59:00,0.01,832650598.2,3989015.15,5000,leader_entry,235.25,5000,5000,236,buy,2026-04-01,5294.0,246.5,224.0,8537481.0,5475,0.0,6970.0
2428,355685.76,-120513.0,odd,171.0,2026-04-02,0.0020257584241905203,2026-04-g004-2026-04-01-5475,daily_high_low_midpoint_proxy,13:30:00,119802.0,246.5,德宏,09:00:00,0.01,832650598.2,3989015.15,492,leader_entry,243.5,5492,492,237,buy,2026-04-01,540.0,246.5,240.5,242872.0,5475,0.0,711.0
18000,1489475.76,1133790.0,board,1630.0,2026-04-07,0.001964186014308113,2025-12-g008-2025-12-22-6196,daily_high_low_midpoint_proxy,13:30:00,1144000.0,254.0,帆宣,08:59:00,0.01,521357494.0,1841807.55,4000,time63,286.0,33,4000,238,sell,2026-04-02,5148.0,294.0,278.0,2036467.0,6196,3432.0,10210.0
524,1498839.26,9363.5,odd,20.0,2026-04-07,0.0006285834015886017,2025-12-g008-2025-12-22-6196,daily_high_low_midpoint_proxy,13:30:00,9454.5,254.0,帆宣,09:00:00,0.01,521357494.0,1841807.55,33,time63,286.5,0,33,239,sell,2026-04-02,43.0,294.0,279.0,52499.0,6196,28.0,91.0
168000,98818.26,-1400021.0,board,1983.0,2026-04-09,0.001439454200842072,2026-04-g012-2026-04-08-2426,daily_high_low_midpoint_proxy,13:30:00,1391775.0,43.0,鼎元,08:59:00,0.01,565118659.28,16859815.45,33000,leader_entry,42.175,33000,33000,240,buy,2026-04-08,6263.0,43.0,41.35,22925356.0,2426,0.0,8246.0
43000,490044.26,391226.0,board,563.0,2026-04-21,0.00023243273396679001,2026-04-g004-2026-04-01-5475,daily_high_low_midpoint_proxy,13:30:00,394750.0,360.0,德宏,08:59:00,0.01,1375246367.225,5151798.65,1000,reduce_cap40,394.75,4492,1000,241,sell,2026-04-20,1777.0,404.5,385.0,4302320.0,5475,1184.0,3524.0
3170,497870.26,7826.0,odd,20.0,2026-04-21,6.30805380769898e-05,2026-04-g004-2026-04-01-5475,daily_high_low_midpoint_proxy,13:30:00,7905.0,360.0,德宏,09:00:00,0.01,1375246367.225,5151798.65,20,reduce_cap40,395.25,4472,20,242,sell,2026-04-20,36.0,403.5,387.0,317055.0,5475,23.0,79.0
42000,1714514.26,1216644.0,board,1749.0,2026-04-22,0.007307737550385082,2026-01-g017-2026-01-08-6443,daily_high_low_midpoint_proxy,13:30:00,1227600.0,35.3,元晶,08:59:00,0.01,1332438868.8650002,32022619.55,31000,time63,39.599999999999994,527,31000,243,sell,2026-04-21,5525.0,39.9,39.3,4242079.0,6443,3682.0,10956.0
643,1735105.24,20590.98,odd,30.0,2026-04-22,0.008195574078969876,2026-01-g017-2026-01-08-6443,daily_high_low_midpoint_proxy,13:30:00,20776.98,35.3,元晶,09:00:00,0.01,1332438868.8650002,32022619.55,527,time63,39.425,0,527,244,sell,2026-04-21,94.0,39.5,39.35,64303.0,6443,62.0,186.0
70000,562196.24,-1172909.0,board,1662.0,2026-04-28,0.00023051638089743024,2026-04-g020-2026-04-27-6488,daily_high_low_midpoint_proxy,13:30:00,1166000.0,682.0,環球晶,08:59:00,0.01,3796772496.15,7096475.7,2000,leader_entry,583.0,2000,2000,245,buy,2026-04-27,5247.0,604.0,562.0,8676173.0,6488,0.0,6909.0
2979,385997.24,-176199.0,odd,250.0,2026-04-28,0.0010135316544058423,2026-04-g020-2026-04-27-6488,daily_high_low_midpoint_proxy,13:30:00,175160.0,682.0,環球晶,09:00:00,0.01,3796772496.15,7096475.7,302,leader_entry,580.0,2302,302,246,buy,2026-04-27,789.0,593.0,567.0,297968.0,6488,0.0,1039.0
206000,761614.24,375617.0,board,540.0,2026-05-07,0.00010243320658384928,2026-04-g012-2026-04-08-2426,daily_high_low_midpoint_proxy,13:30:00,379000.0,68.6,鼎元,08:59:00,0.01,1152110751.345,20676867.05,5000,reduce_cap40,75.8,28000,5000,247,sell,2026-05-06,1706.0,78.6,73.0,48812296.0,2426,1137.0,3383.0
2462,810347.24,48733.0,odd,70.0,2026-05-07,0.0026277846597485936,2026-04-g012-2026-04-08-2426,daily_high_low_midpoint_proxy,13:30:00,49172.0,68.6,鼎元,09:00:00,0.01,1152110751.345,20676867.05,647,reduce_cap40,76.0,27353,647,248,sell,2026-05-06,222.0,79.0,73.0,246215.0,2426,147.0,439.0
1458,1261419.54,448337.0,odd,645.0,2026-07-02,0.002640531123974651,2026-04-g020-2026-04-27-6488,daily_high_low_midpoint_proxy,13:30:00,452375.0,995.0,環球晶,09:00:00,0.01,4172801621.6,4156816.85,385,reduce_cap40,1175.0,1917,385,249,sell,2026-07-01,2036.0,1200.0,1150.0,145804.0,6488,1357.0,4038.0
10000,2192038.54,930619.0,board,1338.0,2026-07-06,0.003809349667824709,2026-04-g004-2026-04-01-5475,daily_high_low_midpoint_proxy,13:30:00,939000.0,215.0,德宏,08:59:00,0.01,514453189.7,2044425.05,4000,time63,234.75,472,4000,250,sell,2026-07-03,4226.0,243.0,226.5,1050048.0,5475,2817.0,8381.0
679,2301384.54,109346.0,odd,157.0,2026-07-06,0.006951091998880756,2026-04-g004-2026-04-01-5475,daily_high_low_midpoint_proxy,13:30:00,110330.0,215.0,德宏,09:00:00,0.01,514453189.7,2044425.05,472,time63,233.75,0,472,251,sell,2026-07-03,497.0,240.0,227.5,67903.0,5475,330.0,984.0
147000,256137.54,-2045247.0,board,2897.0,2026-07-07,0.0012884259409300315,2026-07-g001-2026-07-06-1216,daily_high_low_midpoint_proxy,13:30:00,2033200.0,85.5,統一,08:59:00,0.01,1107185624.675,14708515.2,26000,leader_entry,78.2,26000,26000,252,buy,2026-07-06,9150.0,78.7,77.7,20179662.0,1216,0.0,12047.0
1161,196662.54,-59475.0,odd,84.0,2026-07-07,0.00652789858504784,2026-07-g001-2026-07-06-1216,daily_high_low_midpoint_proxy,13:30:00,59124.0,85.5,統一,09:00:00,0.01,1107185624.675,14708515.2,758,leader_entry,78.0,26758,758,253,buy,2026-07-06,267.0,78.4,77.6,116117.0,1216,0.0,351.0
111000,2168802.54,1972140.0,board,2836.0,2026-07-09,0.0024162600339672465,2026-04-g012-2026-04-08-2426,daily_high_low_midpoint_proxy,13:30:00,1989900.0,66.2,鼎元,08:59:00,0.01,1931894868.4,24639680.25,27000,time63,73.7,353,27000,254,sell,2026-07-08,8955.0,75.9,71.5,11174294.0,2426,5969.0,17760.0
934,2194517.04,25714.5,odd,37.0,2026-07-09,0.0037759664548702478,2026-04-g012-2026-04-08-2426,daily_high_low_midpoint_proxy,13:30:00,25945.5,66.2,鼎元,09:00:00,0.01,1931894868.4,24639680.25,353,time63,73.5,0,353,255,sell,2026-07-08,117.0,75.3,71.7,93486.0,2426,77.0,231.0
402000,331040.04,-1863477.0,board,2640.0,2026-07-14,5.188690536395758e-05,2026-07-g019-2026-07-13-4958,daily_high_low_midpoint_proxy,13:30:00,1852500.0,710.0,臻鼎-KY,08:59:00,0.01,24129045939.75,40212196.9,3000,leader_entry,617.5,3000,3000,256,buy,2026-07-13,8337.0,644.0,591.0,57818056.0,4958,0.0,10977.0
11418,286280.04,-44760.0,odd,63.0,2026-07-14,6.30561199467526e-05,2026-07-g019-2026-07-13-4958,daily_high_low_midpoint_proxy,13:30:00,44496.0,710.0,臻鼎-KY,09:00:00,0.01,24129045939.75,40212196.9,72,leader_entry,618.0,3072,72,257,buy,2026-07-13,201.0,642.0,594.0,1141840.0,4958,0.0,264.0
4060,767387.04,481107.0,odd,692.0,2026-07-15,0.0008077643889188516,2026-04-g020-2026-04-27-6488,daily_high_low_midpoint_proxy,13:30:00,485440.0,1365.0,環球晶,09:00:00,0.01,9131690398.95,7462374.65,328,reduce_cap40,1480.0,1589,328,258,sell,2026-07-14,2185.0,1530.0,1430.0,406059.0,6488,1456.0,4333.0
359000,2220551.04,1453164.0,board,2089.0,2026-07-20,8.35435660760545e-05,2026-07-g019-2026-07-13-4958,daily_high_low_midpoint_proxy,13:30:00,1466250.0,469.0,臻鼎-KY,08:59:00,0.01,23838425657.7,39668679.15,3000,loss12,488.75,72,3000,259,sell,2026-07-17,6599.0,506.0,471.5,35909408.0,4958,4398.0,13086.0
10039,2255195.04,34644.0,odd,50.0,2026-07-20,7.171793336806341e-05,2026-07-g019-2026-07-13-4958,daily_high_low_midpoint_proxy,13:30:00,34956.0,469.0,臻鼎-KY,09:00:00,0.01,23838425657.7,39668679.15,72,loss12,485.5,0,72,260,sell,2026-07-17,158.0,500.0,471.0,1003933.0,4958,104.0,312.0
49000,3153109.04,897914.0,board,1291.0,2026-07-29,0.0002001524360953302,2026-04-g020-2026-04-27-6488,daily_high_low_midpoint_proxy,13:30:00,906000.0,864.0,環球晶,08:59:00,0.01,11981559382.9,9434349.75,1000,time63,906.0,589,1000,261,sell,2026-07-28,4077.0,948.0,864.0,4996192.0,6488,2718.0,8086.0
2585,3667971.04,514862.0,odd,740.0,2026-07-29,0.0022780893444208083,2026-04-g020-2026-04-27-6488,daily_high_low_midpoint_proxy,13:30:00,519498.0,864.0,環球晶,09:00:00,0.01,11981559382.9,9434349.75,589,time63,882.0,0,589,262,sell,2026-07-28,2338.0,900.0,864.0,258550.0,6488,1558.0,4636.0
444000,1933957.04,-1734014.0,board,2456.0,2026-08-05,0.0022935631801440748,2026-08-g018-2026-08-04-2834,daily_high_low_midpoint_proxy,13:30:00,1723800.0,18.55,臺企銀,08:59:00,0.01,818685223.865,45609885.6,102000,leader_entry,16.9,102000,102000,263,buy,2026-08-04,7758.0,17.05,16.75,44472287.0,2834,0.0,10214.0
3540,1926400.09,-7556.95,odd,20.0,2026-08-05,0.0012483936111621077,2026-08-g018-2026-08-04-2834,daily_high_low_midpoint_proxy,13:30:00,7502.95,18.55,臺企銀,09:00:00,0.01,818685223.865,45609885.6,442,leader_entry,16.975,102442,442,264,buy,2026-08-04,34.0,17.1,16.85,354055.0,2834,0.0,54.0
106000,252138.09,-1674262.0,board,2372.0,2026-08-11,0.0014053938423926253,2026-08-g013-2026-08-10-2615,daily_high_low_midpoint_proxy,13:30:00,1664400.0,96.2,萬海,08:59:00,0.01,900244333.8100001,10664764.25,19000,leader_entry,87.6,19000,19000,265,buy,2026-08-10,7490.0,88.8,86.4,13519342.0,2615,0.0,9862.0
1301,188303.49,-63834.6,odd,90.0,2026-08-11,0.005564394026730611,2026-08-g013-2026-08-10-2615,daily_high_low_midpoint_proxy,13:30:00,63458.6,96.2,萬海,09:00:00,0.01,900244333.8100001,10664764.25,724,leader_entry,87.65,19724,724,266,buy,2026-08-10,286.0,88.8,86.5,130113.0,2615,0.0,376.0
