arm,label,end_nav,max_drawdown,partial_year,profit,start_nav,total_return,year,benchmark_return,excess_return
control,中位數原版,785142.17,-0.29563711273334126,False,-214857.82999999996,1000000.0,-0.21485782999999992,2019,0.3400964000000002,-0.5549542300000001
control,中位數原版,2476886.32,-0.2829443155470347,False,1691744.15,785142.17,2.154697855548887,2020,0.31162582781358106,1.8430720277353059
control,中位數原版,3009331.1799999997,-0.3643378916955805,False,532444.8599999999,2476886.32,0.2149654005921433,2021,0.22053666512478864,-0.005571264532645337
control,中位數原版,3072652.33,-0.21521822494326337,False,63321.15000000037,3009331.1799999997,0.021041602340358123,2022,-0.2131579248387574,0.23419952717911552
control,中位數原版,3095251.05,-0.48870210016132953,False,22598.71999999974,3072652.33,0.007354792398526877,2023,0.2744434883754683,-0.2670886959769414
control,中位數原版,5661832.99,-0.18476775594457695,False,2566581.9400000004,3095251.05,0.8291999254793889,2024,0.48359612371357863,0.3456038017658103
control,中位數原版,12271092.16,-0.22979132634588129,False,6609259.17,5661832.99,1.167335592850117,2025,0.367969034033514,0.799366558816603
control,中位數原版,15727739.91,-0.45016643048241434,True,3456647.75,12271092.16,0.28169030962603414,2026,0.7024538836523355,-0.4207635740263014
three_black,三黑K且收盤逐日降低,782714.02,-0.28962978999364464,False,-217285.97999999998,1000000.0,-0.21728598,2019,0.3400964000000002,-0.5573823800000002
three_black,三黑K且收盤逐日降低,1776366.9400000002,-0.26555915178571443,False,993652.9200000002,782714.02,1.2694967697141801,2020,0.31162582781358106,0.9578709419005991
three_black,三黑K且收盤逐日降低,4800480.94,-0.2861996929144147,False,3024114.0,1776366.9400000002,1.7024151552831759,2021,0.22053666512478864,1.4818784901583872
three_black,三黑K且收盤逐日降低,3833011.1,-0.31871012220080697,False,-967469.8400000003,4800480.94,-0.20153602359683576,2022,-0.2131579248387574,0.01162190124192164
three_black,三黑K且收盤逐日降低,6484470.56,-0.3055196434759234,False,2651459.4599999995,3833011.1,0.6917432250587532,2023,0.2744434883754683,0.4172997366832849
three_black,三黑K且收盤逐日降低,5913917.03,-0.24025118854838046,False,-570553.5299999993,6484470.56,-0.08798768144920055,2024,0.48359612371357863,-0.5715838051627792
three_black,三黑K且收盤逐日降低,14498883.49,-0.17833480199487384,False,8584966.46,5913917.03,1.4516548704437944,2025,0.367969034033514,1.0836858364102804
three_black,三黑K且收盤逐日降低,26157424.44,-0.28840353683649556,True,11658540.950000001,14498883.49,0.8040992230912809,2026,0.7024538836523355,0.10164533943894538
benchmark,0050 含息再投入,1340096.4000000001,-0.08357377375385533,False,340096.40000000014,1000000.0,0.3400964000000002,2019,0.3400964000000002,0.0
benchmark,0050 含息再投入,1757705.05,-0.2815996329011602,False,417608.6499999999,1340096.4000000001,0.31162582781358106,2020,0.31162582781358106,0.0
benchmark,0050 含息再投入,2145343.46,-0.10442347734053392,False,387638.4099999999,1757705.05,0.22053666512478864,2021,0.22053666512478864,0.0
benchmark,0050 含息再投入,1688046.5000000002,-0.3390680994372489,False,-457296.95999999973,2145343.46,-0.2131579248387574,2022,-0.2131579248387574,0.0
benchmark,0050 含息再投入,2151319.87,-0.0700997273921774,False,463273.3699999999,1688046.5000000002,0.2744434883754683,2023,0.2744434883754683,0.0
benchmark,0050 含息再投入,3191689.82,-0.2120740658824264,False,1040369.9499999997,2151319.87,0.48359612371357863,2024,0.48359612371357863,0.0
benchmark,0050 含息再投入,4366132.84,-0.2749849340752484,False,1174443.02,3191689.82,0.367969034033514,2025,0.367969034033514,0.0
benchmark,0050 含息再投入,7433139.8100000005,-0.15339509427828035,True,3067006.9700000007,4366132.84,0.7024538836523355,2026,0.7024538836523355,0.0
