date,control_nav,control_cash,control_drawdown,control_total_return,reclaim_nav,reclaim_cash,reclaim_drawdown,reclaim_total_return,confirm2_nav,confirm2_cash,confirm2_drawdown,confirm2_total_return,benchmark_nav,benchmark_cash,benchmark_drawdown,benchmark_total_return
2025-01-02,1000000.0,1000000.0,0.0,0.0,1000000.0,1000000.0,0.0,0.0,1000000.0,1000000.0,0.0,0.0,992713.77,95620.62,-0.007286229999999949,-0.007286229999999949
2025-01-03,995848.8500000001,150906.45,-0.004151149999999881,-0.004151149999999881,995848.8500000001,150906.45,-0.004151149999999881,-0.004151149999999881,995848.8500000001,150906.45,-0.004151149999999881,-0.004151149999999881,1001176.17,7652.17,0.0,0.001176170000000143
2025-01-06,963079.8500000001,150906.45,-0.03692014999999993,-0.03692014999999993,963079.8500000001,150906.45,-0.03692014999999993,-0.03692014999999993,963079.8500000001,150906.45,-0.03692014999999993,-0.03692014999999993,1032355.39,581.79,0.0,0.032355389999999984
2025-01-07,949596.25,150906.45,-0.05040374999999997,-0.05040374999999997,949596.25,150906.45,-0.05040374999999997,-0.05040374999999997,949596.25,150906.45,-0.05040374999999997,-0.05040374999999997,1043816.24,149.84,0.0,0.04381623999999995
2025-01-08,972564.1499999999,150906.45,-0.02743585000000004,-0.02743585000000004,972564.1499999999,150906.45,-0.02743585000000004,-0.02743585000000004,972564.1499999999,150906.45,-0.02743585000000004,-0.02743585000000004,1028242.94,149.84,-0.014919580097738305,0.02824293999999994
2025-01-09,945261.3500000001,150906.45,-0.05473864999999989,-0.05473864999999989,945261.3500000001,150906.45,-0.05473864999999989,-0.05473864999999989,945261.3500000001,150906.45,-0.05473864999999989,-0.05473864999999989,1016499.14,149.84,-0.026170410991114612,0.01649914000000008
2025-01-10,929503.8500000001,150906.45,-0.07049614999999987,-0.07049614999999987,929503.8500000001,150906.45,-0.07049614999999987,-0.07049614999999987,929503.8500000001,150906.45,-0.07049614999999987,-0.07049614999999987,1016243.84,149.84,-0.02641499427140548,0.01624384000000001
2025-01-13,893567.95,150906.45,-0.10643205,-0.10643205,893567.95,150906.45,-0.10643205,-0.10643205,893567.95,150906.45,-0.10643205,-0.10643205,992756.24,149.84,-0.048916656058158314,-0.0072437600000000435
2025-01-14,908291.88,622317.88,-0.09170811999999995,-0.09170811999999995,908291.88,622317.88,-0.09170811999999995,-0.09170811999999995,908291.88,622317.88,-0.09170811999999995,-0.09170811999999995,998883.44,149.84,-0.043046657331179294,-0.0011165600000000442
2025-01-15,905677.88,633461.88,-0.09432211999999995,-0.09432211999999995,905677.88,633461.88,-0.09432211999999995,-0.09432211999999995,905677.88,633461.88,-0.09432211999999995,-0.09432211999999995,991224.44,149.84,-0.05038415573990307,-0.008775560000000016
2025-01-16,905748.88,637844.88,-0.09425112000000002,-0.09425112000000002,905748.88,637844.88,-0.09425112000000002,-0.09425112000000002,905748.88,637844.88,-0.09425112000000002,-0.09425112000000002,1011393.14,149.84,-0.0310620765969305,0.011393140000000024
2025-01-17,898572.88,637844.88,-0.10142711999999998,-0.10142711999999998,898572.88,637844.88,-0.10142711999999998,-0.10142711999999998,898572.88,637844.88,-0.10142711999999998,-0.10142711999999998,1016243.84,149.84,-0.02641499427140548,0.01624384000000001
2025-01-20,904552.88,637844.88,-0.09544712,-0.09544712,904552.88,637844.88,-0.09544712,-0.09544712,904552.88,637844.88,-0.09544712,-0.09544712,1026455.84,149.84,-0.016631663059773816,0.026455839999999897
2025-01-21,899768.88,637844.88,-0.10023112,-0.10023112,899768.88,637844.88,-0.10023112,-0.10023112,899768.88,637844.88,-0.10023112,-0.10023112,1028498.2399999999,149.84,-0.01467499681744755,0.028498239999999786
2025-01-22,914120.88,637844.88,-0.08587911999999998,-0.08587911999999998,914120.88,637844.88,-0.08587911999999998,-0.08587911999999998,914120.88,637844.88,-0.08587911999999998,-0.08587911999999998,1041773.84,149.84,-0.001956666242326377,0.04177384000000006
2025-02-03,926224.2799999999,90788.58,-0.0737757200000001,-0.0737757200000001,926224.2799999999,90788.58,-0.0737757200000001,-0.0737757200000001,926224.2799999999,90788.58,-0.0737757200000001,-0.0737757200000001,997862.2399999999,149.84,-0.04402499045234254,-0.0021377600000000996
2025-02-04,895422.73,90788.58,-0.10457727000000006,-0.10457727000000006,895422.73,90788.58,-0.10457727000000006,-0.10457727000000006,895422.73,90788.58,-0.10457727000000006,-0.10457727000000006,1003734.1399999999,149.84,-0.038399575005654385,0.0037341399999999414
2025-02-05,904879.13,90788.58,-0.09512087000000002,-0.09512087000000002,904879.13,90788.58,-0.09512087000000002,-0.09512087000000002,904879.13,90788.58,-0.09512087000000002,-0.09512087000000002,1018796.84,149.84,-0.02396916146849759,0.018796840000000037
2025-02-06,899579.88,90788.58,-0.10042012,-0.10042012,899579.88,90788.58,-0.10042012,-0.10042012,899579.88,90788.58,-0.10042012,-0.10042012,1023136.94,149.84,-0.019811245703554192,0.023136939999999884
2025-02-07,907458.1799999999,90788.58,-0.09254182000000011,-0.09254182000000011,907458.1799999999,90788.58,-0.09254182000000011,-0.09254182000000011,907458.1799999999,90788.58,-0.09254182000000011,-0.09254182000000011,1027732.34,149.84,-0.015408746658319927,0.027732340000000022
2025-02-10,891518.86,324805.36,-0.10848113999999998,-0.10848113999999998,891518.86,324805.36,-0.10848113999999998,-0.10848113999999998,891518.86,324805.36,-0.10848113999999998,-0.10848113999999998,1016243.84,149.84,-0.02641499427140548,0.01624384000000001
2025-02-11,882045.86,324805.36,-0.11795414000000004,-0.11795414000000004,882045.86,324805.36,-0.11795414000000004,-0.11795414000000004,882045.86,324805.36,-0.11795414000000004,-0.11795414000000004,1022371.0399999999,149.84,-0.02054499554442657,0.022371039999999898
2025-02-12,899661.86,324805.36,-0.10033813999999996,-0.10033813999999996,899661.86,324805.36,-0.10033813999999996,-0.10033813999999996,899661.86,324805.36,-0.10033813999999996,-0.10033813999999996,1020839.2399999999,149.84,-0.022012495226171325,0.020839239999999926
2025-02-13,902433.86,324805.36,-0.09756613999999997,-0.09756613999999997,902433.86,324805.36,-0.09756613999999997,-0.09756613999999997,902433.86,324805.36,-0.09756613999999997,-0.09756613999999997,1016499.1399999999,149.84,-0.026170410991114723,0.016499139999999857
2025-02-14,885158.86,324805.36,-0.11484114000000001,-0.11484114000000001,885158.86,324805.36,-0.11484114000000001,-0.11484114000000001,885158.86,324805.36,-0.11484114000000001,-0.11484114000000001,1004500.0399999999,149.84,-0.037665825164781896,0.004500039999999927
2025-02-17,898206.86,41488.36,-0.10179314000000006,-0.10179314000000006,898206.86,41488.36,-0.10179314000000006,-0.10179314000000006,898206.86,41488.36,-0.10179314000000006,-0.10179314000000006,1019562.7399999999,149.84,-0.023235411627625324,0.0195627399999998
2025-02-18,903618.36,41488.36,-0.09638164000000005,-0.09638164000000005,903618.36,41488.36,-0.09638164000000005,-0.09638164000000005,903618.36,41488.36,-0.09638164000000005,-0.09638164000000005,1023136.94,149.84,-0.019811245703554192,0.023136939999999884
2025-02-19,929655.36,41488.36,-0.07034464000000007,-0.07034464000000007,929655.36,41488.36,-0.07034464000000007,-0.07034464000000007,929655.36,41488.36,-0.07034464000000007,-0.07034464000000007,1021349.84,149.84,-0.021523328665589703,0.021349840000000064
2025-02-20,912201.86,41488.36,-0.08779813999999997,-0.08779813999999997,912201.86,41488.36,-0.08779813999999997,-0.08779813999999997,912201.86,41488.36,-0.08779813999999997,-0.08779813999999997,1017520.3400000001,13936.04,-0.02519207786995148,0.017520340000000134
2025-02-21,937155.36,41488.36,-0.06284464000000001,-0.06284464000000001,937155.36,41488.36,-0.06284464000000001,-0.06284464000000001,937155.36,41488.36,-0.06284464000000001,-0.06284464000000001,1024654.1399999999,1252.64,-0.018357733158089307,0.02465413999999999
2025-02-24,958938.36,41488.36,-0.04106164000000001,-0.04106164000000001,958938.36,41488.36,-0.04106164000000001,-0.04106164000000001,958938.36,41488.36,-0.04106164000000001,-0.04106164000000001,1015582.1399999999,247.14,-0.027048918112253295,0.0155821399999998
2025-02-25,956166.36,41488.36,-0.04383364000000001,-0.04383364000000001,956166.36,41488.36,-0.04383364000000001,-0.04383364000000001,956166.36,41488.36,-0.04383364000000001,-0.04383364000000001,1002365.04,32.64,-0.03971120433995157,0.0023650399999999294
2025-02-26,943381.86,41488.36,-0.056618139999999983,-0.056618139999999983,943381.86,41488.36,-0.056618139999999983,-0.056618139999999983,943381.86,41488.36,-0.056618139999999983,-0.056618139999999983,1007799.84,32.64,-0.03450454076092935,0.007799839999999891
2025-02-27,904716.36,41488.36,-0.09528364,-0.09528364,904716.36,41488.36,-0.09528364,-0.09528364,904716.36,41488.36,-0.09528364,-0.09528364,996412.64,32.64,-0.045413740640785516,-0.0035873600000000394
2025-03-03,886370.36,263112.36,-0.11362963999999998,-0.11362963999999998,886370.36,263112.36,-0.11362963999999998,-0.11362963999999998,886370.36,263112.36,-0.11362963999999998,-0.11362963999999998,973379.4400000001,32.64,-0.06748007676140388,-0.026620559999999904
2025-03-04,905089.36,270111.86,-0.09491064000000005,-0.09491064000000005,905089.36,270111.86,-0.09491064000000005,-0.09491064000000005,905089.36,270111.86,-0.09491064000000005,-0.09491064000000005,966909.4400000001,32.64,-0.07367848578404945,-0.03309055999999999
2025-03-05,901200.36,276698.86,-0.09879963999999997,-0.09879963999999997,901200.36,276698.86,-0.09879963999999997,-0.09879963999999997,901200.36,276698.86,-0.09879963999999997,-0.09879963999999997,979590.64,32.64,-0.061529604099664126,-0.020409359999999932
2025-03-06,891459.36,282266.36,-0.10854063999999997,-0.10854063999999997,891459.36,282266.36,-0.10854063999999997,-0.10854063999999997,891459.36,282266.36,-0.10854063999999997,-0.10854063999999997,973638.24,32.64,-0.06723214040049807,-0.026361760000000012
2025-03-07,881379.86,584109.86,-0.11862013999999999,-0.11862013999999999,881379.86,584109.86,-0.11862013999999999,-0.11862013999999999,881379.86,584109.86,-0.11862013999999999,-0.11862013999999999,964580.24,32.64,-0.07590991303220196,-0.03541976000000002
2025-03-10,877526.36,584109.86,-0.12247364000000005,-0.12247364000000005,877526.36,584109.86,-0.12247364000000005,-0.12247364000000005,877526.36,584109.86,-0.12247364000000005,-0.12247364000000005,958886.64,32.64,-0.08136451297212999,-0.04111335999999999
2025-03-11,867617.36,584109.86,-0.13238264,-0.13238264,867617.36,584109.86,-0.13238264,-0.13238264,867617.36,584109.86,-0.13238264,-0.13238264,942064.64,32.64,-0.0974803764310086,-0.05793535999999999
2025-03-12,867617.36,584109.86,-0.13238264,-0.13238264,867617.36,584109.86,-0.13238264,-0.13238264,867617.36,584109.86,-0.13238264,-0.13238264,946205.4400000001,32.64,-0.09351339465651531,-0.053794559999999936
2025-03-13,865965.86,584109.86,-0.13403414000000002,-0.13403414000000002,865965.86,584109.86,-0.13403414000000002,-0.13403414000000002,865965.86,584109.86,-0.13403414000000002,-0.13403414000000002,937406.24,32.64,-0.10194323092731339,-0.06259376000000005
2025-03-14,867066.86,584109.86,-0.13293314,-0.13293314,867066.86,584109.86,-0.13293314,-0.13293314,867066.86,584109.86,-0.13293314,-0.13293314,934300.64,32.64,-0.10491846725818332,-0.06569935999999998
2025-03-17,873672.86,584109.86,-0.12632714,-0.12632714,873672.86,584109.86,-0.12632714,-0.12632714,873672.86,584109.86,-0.12632714,-0.12632714,942323.4400000001,32.64,-0.09723244007010268,-0.05767655999999999
2025-03-18,872021.36,584109.86,-0.12797864000000003,-0.12797864000000003,872021.36,584109.86,-0.12797864000000003,-0.12797864000000003,872021.36,584109.86,-0.12797864000000003,-0.12797864000000003,946205.4400000001,32.64,-0.09351339465651531,-0.053794559999999936
2025-03-19,868167.86,584109.86,-0.13183214,-0.13183214,868167.86,584109.86,-0.13183214,-0.13183214,868167.86,584109.86,-0.13183214,-0.13183214,934559.4400000001,32.64,-0.1046705308972774,-0.06544055999999998
2025-03-20,872571.86,584109.86,-0.12742814000000002,-0.12742814000000002,872571.86,584109.86,-0.12742814000000002,-0.12742814000000002,872571.86,584109.86,-0.12742814000000002,-0.12742814000000002,954745.84,32.64,-0.08533149474662327,-0.04525416000000004
2025-03-21,871470.86,584109.86,-0.12852914000000004,-0.12852914000000004,871470.86,584109.86,-0.12852914000000004,-0.12852914000000004,871470.86,584109.86,-0.12852914000000004,-0.12852914000000004,946981.84,32.64,-0.092769585573798,-0.053018160000000036
2025-03-24,864864.86,584109.86,-0.13513514000000004,-0.13513514000000004,864864.86,584109.86,-0.13513514000000004,-0.13513514000000004,864864.86,584109.86,-0.13513514000000004,-0.13513514000000004,945946.64,32.64,-0.09376133101742123,-0.05405335999999994
2025-03-25,868718.36,584109.86,-0.13128163999999998,-0.13128163999999998,868718.36,584109.86,-0.13128163999999998,-0.13128163999999998,868718.36,584109.86,-0.13128163999999998,-0.13128163999999998,955781.04,32.64,-0.08433974930299992,-0.04421895999999992
2025-03-26,870369.86,584109.86,-0.12963014000000006,-0.12963014000000006,870369.86,584109.86,-0.12963014000000006,-0.12963014000000006,870369.86,584109.86,-0.12963014000000006,-0.12963014000000006,955004.64,32.64,-0.08508355838571735,-0.04499536000000004
2025-03-27,867066.86,584109.86,-0.13293314,-0.13293314,867066.86,584109.86,-0.13293314,-0.13293314,867066.86,584109.86,-0.13293314,-0.13293314,936888.64,32.64,-0.10243910364912501,-0.06311135999999995
2025-03-28,855506.36,584109.86,-0.14449363999999998,-0.14449363999999998,855506.36,584109.86,-0.14449363999999998,-0.14449363999999998,855506.36,584109.86,-0.14449363999999998,-0.14449363999999998,927571.84,32.64,-0.1113648126417347,-0.07242816000000007
2025-03-31,840092.36,584109.86,-0.15990764000000002,-0.15990764000000002,840092.36,584109.86,-0.15990764000000002,-0.15990764000000002,840092.36,584109.86,-0.15990764000000002,-0.15990764000000002,894186.64,32.64,-0.143348603198586,-0.10581335999999997
2025-04-01,842743.11,842743.11,-0.15725688999999998,-0.15725688999999998,842743.11,842743.11,-0.15725688999999998,-0.15725688999999998,842743.11,842743.11,-0.15725688999999998,-0.15725688999999998,912561.4400000001,32.64,-0.12574512157427242,-0.08743855999999994
2025-04-02,842743.11,842743.11,-0.15725688999999998,-0.15725688999999998,842743.11,842743.11,-0.15725688999999998,-0.15725688999999998,842743.11,842743.11,-0.15725688999999998,-0.15725688999999998,911008.64,32.64,-0.1272327397397074,-0.08899135999999996
2025-04-07,842743.11,842743.11,-0.15725688999999998,-0.15725688999999998,842743.11,842743.11,-0.15725688999999998,-0.15725688999999998,842743.11,842743.11,-0.15725688999999998,-0.15725688999999998,819911.04,32.64,-0.2145063387785574,-0.18008895999999996
2025-04-08,842743.11,842743.11,-0.15725688999999998,-0.15725688999999998,842743.11,842743.11,-0.15725688999999998,-0.15725688999999998,842743.11,842743.11,-0.15725688999999998,-0.15725688999999998,793254.64,32.64,-0.24004378395185721,-0.20674536
2025-04-09,842743.11,842743.11,-0.15725688999999998,-0.15725688999999998,842743.11,842743.11,-0.15725688999999998,-0.15725688999999998,842743.11,842743.11,-0.15725688999999998,-0.15725688999999998,756763.84,32.64,-0.27500281083957845,-0.24323616000000003
2025-04-10,842743.11,842743.11,-0.15725688999999998,-0.15725688999999998,842743.11,842743.11,-0.15725688999999998,-0.15725688999999998,842743.11,842743.11,-0.15725688999999998,-0.15725688999999998,832333.4400000001,32.64,-0.20260539345507778,-0.1676665599999999
2025-04-11,842743.11,842743.11,-0.15725688999999998,-0.15725688999999998,842743.11,842743.11,-0.15725688999999998,-0.15725688999999998,842743.11,842743.11,-0.15725688999999998,-0.15725688999999998,851743.4400000001,32.64,-0.18401016638714107,-0.14825655999999998
2025-04-14,842743.11,842743.11,-0.15725688999999998,-0.15725688999999998,842743.11,842743.11,-0.15725688999999998,-0.15725688999999998,842743.11,842743.11,-0.15725688999999998,-0.15725688999999998,847343.84,32.64,-0.18822508452254016,-0.15265616000000004
2025-04-15,842743.11,842743.11,-0.15725688999999998,-0.15725688999999998,842743.11,842743.11,-0.15725688999999998,-0.15725688999999998,842743.11,842743.11,-0.15725688999999998,-0.15725688999999998,855884.24,32.64,-0.1800431846126479,-0.14411576000000004
2025-04-16,842743.11,842743.11,-0.15725688999999998,-0.15725688999999998,842743.11,842743.11,-0.15725688999999998,-0.15725688999999998,842743.11,842743.11,-0.15725688999999998,-0.15725688999999998,840356.24,32.64,-0.19491936626699735,-0.15964376000000002
2025-04-17,842743.11,842743.11,-0.15725688999999998,-0.15725688999999998,842743.11,842743.11,-0.15725688999999998,-0.15725688999999998,842743.11,842743.11,-0.15725688999999998,-0.15725688999999998,831039.4400000001,32.64,-0.20384507525960693,-0.16896055999999993
2025-04-18,842743.11,842743.11,-0.15725688999999998,-0.15725688999999998,842743.11,842743.11,-0.15725688999999998,-0.15725688999999998,842743.11,842743.11,-0.15725688999999998,-0.15725688999999998,832851.04,32.64,-0.20210952073326616,-0.16714896
2025-04-21,842743.11,842743.11,-0.15725688999999998,-0.15725688999999998,842743.11,842743.11,-0.15725688999999998,-0.15725688999999998,842743.11,842743.11,-0.15725688999999998,-0.15725688999999998,820946.24,32.64,-0.21351459333493417,-0.17905376000000006
2025-04-22,842743.11,842743.11,-0.15725688999999998,-0.15725688999999998,842743.11,842743.11,-0.15725688999999998,-0.15725688999999998,842743.11,842743.11,-0.15725688999999998,-0.15725688999999998,807229.84,32.64,-0.22665522046294284,-0.19277016000000002
2025-04-23,842743.11,842743.11,-0.15725688999999998,-0.15725688999999998,842743.11,842743.11,-0.15725688999999998,-0.15725688999999998,842743.11,842743.11,-0.15725688999999998,-0.15725688999999998,842944.24,32.64,-0.19244000265793915,-0.15705576
2025-04-24,842743.11,842743.11,-0.15725688999999998,-0.15725688999999998,842743.11,842743.11,-0.15725688999999998,-0.15725688999999998,842743.11,842743.11,-0.15725688999999998,-0.15725688999999998,838027.04,32.64,-0.19715079351514975,-0.16197295999999994
2025-04-25,842743.11,842743.11,-0.15725688999999998,-0.15725688999999998,842743.11,842743.11,-0.15725688999999998,-0.15725688999999998,842743.11,842743.11,-0.15725688999999998,-0.15725688999999998,857954.64,32.64,-0.1780596937254013,-0.14204536
2025-04-28,842743.11,842743.11,-0.15725688999999998,-0.15725688999999998,842743.11,842743.11,-0.15725688999999998,-0.15725688999999998,842743.11,842743.11,-0.15725688999999998,-0.15725688999999998,865201.04,32.64,-0.1711174756200382,-0.1347989599999999
2025-04-29,842743.11,842743.11,-0.15725688999999998,-0.15725688999999998,842743.11,842743.11,-0.15725688999999998,-0.15725688999999998,842743.11,842743.11,-0.15725688999999998,-0.15725688999999998,868565.4400000001,32.64,-0.16789430292826246,-0.13143455999999998
2025-04-30,842743.11,842743.11,-0.15725688999999998,-0.15725688999999998,842743.11,842743.11,-0.15725688999999998,-0.15725688999999998,842743.11,842743.11,-0.15725688999999998,-0.15725688999999998,872706.24,32.64,-0.1639273211537694,-0.12729376000000003
2025-05-02,842743.11,842743.11,-0.15725688999999998,-0.15725688999999998,842743.11,842743.11,-0.15725688999999998,-0.15725688999999998,842743.11,842743.11,-0.15725688999999998,-0.15725688999999998,898068.64,32.64,-0.13962955778499864,-0.10193136000000003
2025-05-05,842743.11,842743.11,-0.15725688999999998,-0.15725688999999998,842743.11,842743.11,-0.15725688999999998,-0.15725688999999998,842743.11,842743.11,-0.15725688999999998,-0.15725688999999998,890045.84,32.64,-0.14731558497307917,-0.10995416000000002
2025-05-06,842743.11,842743.11,-0.15725688999999998,-0.15725688999999998,842743.11,842743.11,-0.15725688999999998,-0.15725688999999998,842743.11,842743.11,-0.15725688999999998,-0.15725688999999998,885128.64,32.64,-0.15202637583028977,-0.11487135999999998
2025-05-07,842743.11,842743.11,-0.15725688999999998,-0.15725688999999998,842743.11,842743.11,-0.15725688999999998,-0.15725688999999998,842743.11,842743.11,-0.15725688999999998,-0.15725688999999998,881764.24,32.64,-0.15524954852206552,-0.11823576000000002
2025-05-08,842743.11,842743.11,-0.15725688999999998,-0.15725688999999998,842743.11,842743.11,-0.15725688999999998,-0.15725688999999998,842743.11,842743.11,-0.15725688999999998,-0.15725688999999998,893410.24,32.64,-0.14409241228130343,-0.10658975999999998
2025-05-09,842743.11,842743.11,-0.15725688999999998,-0.15725688999999998,842743.11,842743.11,-0.15725688999999998,-0.15725688999999998,842743.11,842743.11,-0.15725688999999998,-0.15725688999999998,904538.64,32.64,-0.13343114876235307,-0.09546135999999994
2025-05-12,842743.11,842743.11,-0.15725688999999998,-0.15725688999999998,842743.11,842743.11,-0.15725688999999998,-0.15725688999999998,842743.11,842743.11,-0.15725688999999998,-0.15725688999999998,914631.84,32.64,-0.12376163068702595,-0.08536816000000003
2025-05-13,842743.11,842743.11,-0.15725688999999998,-0.15725688999999998,842743.11,842743.11,-0.15725688999999998,-0.15725688999999998,842743.11,842743.11,-0.15725688999999998,-0.15725688999999998,925760.24,32.64,-0.11310036716807548,-0.07423975999999999
2025-05-14,842743.11,842743.11,-0.15725688999999998,-0.15725688999999998,842743.11,842743.11,-0.15725688999999998,-0.15725688999999998,842743.11,842743.11,-0.15725688999999998,-0.15725688999999998,946723.04,32.64,-0.0930175219347037,-0.05327695999999993
2025-05-15,842743.11,842743.11,-0.15725688999999998,-0.15725688999999998,842743.11,842743.11,-0.15725688999999998,-0.15725688999999998,842743.11,842743.11,-0.15725688999999998,-0.15725688999999998,944652.64,32.64,-0.09500101282195028,-0.05534735999999996
2025-05-16,842743.11,842743.11,-0.15725688999999998,-0.15725688999999998,842743.11,842743.11,-0.15725688999999998,-0.15725688999999998,842743.11,842743.11,-0.15725688999999998,-0.15725688999999998,947240.64,32.64,-0.09252164921289208,-0.05275936000000003
2025-05-19,842743.11,842743.11,-0.15725688999999998,-0.15725688999999998,842743.11,842743.11,-0.15725688999999998,-0.15725688999999998,842743.11,842743.11,-0.15725688999999998,-0.15725688999999998,934041.84,32.64,-0.10516640361908913,-0.06595815999999999
2025-05-20,842743.11,842743.11,-0.15725688999999998,-0.15725688999999998,842743.11,842743.11,-0.15725688999999998,-0.15725688999999998,842743.11,842743.11,-0.15725688999999998,-0.15725688999999998,935853.4400000001,32.64,-0.10343084909274824,-0.06414655999999996
2025-05-21,842743.11,842743.11,-0.15725688999999998,-0.15725688999999998,842743.11,842743.11,-0.15725688999999998,-0.15725688999999998,842743.11,842743.11,-0.15725688999999998,-0.15725688999999998,950346.24,32.64,-0.08954641288202225,-0.04965375999999999
2025-05-22,842743.11,842743.11,-0.15725688999999998,-0.15725688999999998,842743.11,842743.11,-0.15725688999999998,-0.15725688999999998,842743.11,842743.11,-0.15725688999999998,-0.15725688999999998,939994.24,32.64,-0.09946386731825518,-0.06000576000000002
2025-05-23,842743.11,842743.11,-0.15725688999999998,-0.15725688999999998,842743.11,842743.11,-0.15725688999999998,-0.15725688999999998,842743.11,842743.11,-0.15725688999999998,-0.15725688999999998,936112.24,32.64,-0.10318291273184255,-0.06388775999999996
2025-05-26,842743.11,842743.11,-0.15725688999999998,-0.15725688999999998,842743.11,842743.11,-0.15725688999999998,-0.15725688999999998,842743.11,842743.11,-0.15725688999999998,-0.15725688999999998,935077.04,32.64,-0.10417465817546578,-0.06492295999999997
2025-05-27,842743.11,842743.11,-0.15725688999999998,-0.15725688999999998,842743.11,842743.11,-0.15725688999999998,-0.15725688999999998,842743.11,842743.11,-0.15725688999999998,-0.15725688999999998,926795.4400000001,32.64,-0.11210862172445213,-0.07320455999999997
2025-05-28,842743.11,842743.11,-0.15725688999999998,-0.15725688999999998,842743.11,842743.11,-0.15725688999999998,-0.15725688999999998,842743.11,842743.11,-0.15725688999999998,-0.15725688999999998,928348.24,32.64,-0.11062100355901727,-0.07165176000000006
2025-05-29,842743.11,842743.11,-0.15725688999999998,-0.15725688999999998,842743.11,842743.11,-0.15725688999999998,-0.15725688999999998,842743.11,842743.11,-0.15725688999999998,-0.15725688999999998,930418.64,32.64,-0.10863751267177069,-0.06958136000000004
2025-06-02,842743.11,842743.11,-0.15725688999999998,-0.15725688999999998,842743.11,842743.11,-0.15725688999999998,-0.15725688999999998,842743.11,842743.11,-0.15725688999999998,-0.15725688999999998,910491.04,32.64,-0.127728612461519,-0.08950895999999997
2025-06-03,842743.11,842743.11,-0.15725688999999998,-0.15725688999999998,842743.11,842743.11,-0.15725688999999998,-0.15725688999999998,842743.11,842743.11,-0.15725688999999998,-0.15725688999999998,916961.04,32.64,-0.12153020343887344,-0.08303896
2025-06-04,842743.11,842743.11,-0.15725688999999998,-0.15725688999999998,842743.11,842743.11,-0.15725688999999998,-0.15725688999999998,842743.11,842743.11,-0.15725688999999998,-0.15725688999999998,938441.4400000001,32.64,-0.10095148548369004,-0.06155855999999993
2025-06-05,842743.11,842743.11,-0.15725688999999998,-0.15725688999999998,842743.11,842743.11,-0.15725688999999998,-0.15725688999999998,842743.11,842743.11,-0.15725688999999998,-0.15725688999999998,940253.04,32.64,-0.09921593095734926,-0.059746960000000016
2025-06-06,842743.11,842743.11,-0.15725688999999998,-0.15725688999999998,842743.11,842743.11,-0.15725688999999998,-0.15725688999999998,842743.11,842743.11,-0.15725688999999998,-0.15725688999999998,941805.84,32.64,-0.0977283127919144,-0.058194159999999995
2025-06-09,842743.11,842743.11,-0.15725688999999998,-0.15725688999999998,842743.11,842743.11,-0.15725688999999998,-0.15725688999999998,842743.11,842743.11,-0.15725688999999998,-0.15725688999999998,950863.84,32.64,-0.08905054016021063,-0.049136159999999984
2025-06-10,842743.11,842743.11,-0.15725688999999998,-0.15725688999999998,842743.11,842743.11,-0.15725688999999998,-0.15725688999999998,842743.11,842743.11,-0.15725688999999998,-0.15725688999999998,976485.04,32.64,-0.06450484043053395,-0.023514959999999974
2025-06-11,838291.11,331424.11,-0.16170889,-0.16170889,838291.11,331424.11,-0.16170889,-0.16170889,838291.11,331424.11,-0.16170889,-0.16170889,976485.04,32.64,-0.06450484043053395,-0.023514959999999974
2025-06-12,838556.11,331424.11,-0.16144389000000003,-0.16144389000000003,838556.11,331424.11,-0.16144389000000003,-0.16144389000000003,838556.11,331424.11,-0.16144389000000003,-0.16144389000000003,976485.04,32.64,-0.06450484043053395,-0.023514959999999974
2025-06-13,838303.11,331424.11,-0.16169688999999998,-0.16169688999999998,838303.11,331424.11,-0.16169688999999998,-0.16169688999999998,838303.11,331424.11,-0.16169688999999998,-0.16169688999999998,976485.04,32.64,-0.06450484043053395,-0.023514959999999974
2025-06-16,843758.11,331424.11,-0.15624189,-0.15624189,843758.11,331424.11,-0.15624189,-0.15624189,843758.11,331424.11,-0.15624189,-0.15624189,976485.04,32.64,-0.06450484043053395,-0.023514959999999974
2025-06-17,854391.11,331424.11,-0.14560889,-0.14560889,854391.11,331424.11,-0.14560889,-0.14560889,854391.11,331424.11,-0.14560889,-0.14560889,976485.04,32.64,-0.06450484043053395,-0.023514959999999974
2025-06-18,867493.11,331424.11,-0.13250689000000004,-0.13250689000000004,867493.11,331424.11,-0.13250689000000004,-0.13250689000000004,867493.11,331424.11,-0.13250689000000004,-0.13250689000000004,984921.92,32.64,-0.056422115065004164,-0.015078079999999994
2025-06-19,859449.11,331424.11,-0.14055088999999998,-0.14055088999999998,859449.11,331424.11,-0.14055088999999998,-0.14055088999999998,859449.11,331424.11,-0.14055088999999998,-0.14055088999999998,975191.04,32.64,-0.06574452223506311,-0.02480895999999999
2025-06-20,850827.11,331424.11,-0.14917289,-0.14917289,850827.11,331424.11,-0.14917289,-0.14917289,850827.11,331424.11,-0.14917289,-0.14917289,973741.76,32.64,-0.0671329658561357,-0.026258239999999988
2025-06-23,867505.11,331424.11,-0.13249489000000003,-0.13249489000000003,867505.11,331424.11,-0.13249489000000003,-0.13249489000000003,867505.11,331424.11,-0.13249489000000003,-0.13249489000000003,965667.2000000001,32.64,-0.07486858031639743,-0.03433279999999994
2025-06-24,876169.11,331424.11,-0.12383089000000003,-0.12383089000000003,876169.11,331424.11,-0.12383089000000003,-0.12383089000000003,876169.11,331424.11,-0.12383089000000003,-0.12383089000000003,983265.6000000001,32.64,-0.05800890777480139,-0.016734399999999927
2025-06-25,876169.11,331424.11,-0.12383089000000003,-0.12383089000000003,876169.11,331424.11,-0.12383089000000003,-0.12383089000000003,876169.11,331424.11,-0.12383089000000003,-0.12383089000000003,997551.36,32.64,-0.04432282065279991,-0.002448640000000002
2025-06-26,874426.11,232796.61,-0.12557388999999997,-0.12557388999999997,874426.11,232796.61,-0.12557388999999997,-0.12557388999999997,874426.11,232796.61,-0.12557388999999997,-0.12557388999999997,998793.6000000001,32.64,-0.043132726120451936,-0.0012063999999999409
2025-06-27,873494.61,232796.61,-0.12650539000000005,-0.12650539000000005,873494.61,232796.61,-0.12650539000000005,-0.12650539000000005,873494.61,232796.61,-0.12650539000000005,-0.12650539000000005,999828.8,32.64,-0.0421409806768287,-0.00017119999999992697
2025-06-30,884388.61,232796.61,-0.11561138999999998,-0.11561138999999998,884388.61,232796.61,-0.11561138999999998,-0.11561138999999998,884388.61,232796.61,-0.11561138999999998,-0.11561138999999998,1001278.08,32.64,-0.0407525370557561,0.0012780799999998482
2025-07-01,879557.11,232796.61,-0.12044288999999997,-0.12044288999999997,879557.11,232796.61,-0.12044288999999997,-0.12044288999999997,879557.11,232796.61,-0.12044288999999997,-0.12044288999999997,1007075.2000000001,32.64,-0.03519876257146559,0.007075200000000059
2025-07-02,877694.61,232796.61,-0.12230539000000007,-0.12230539000000007,877694.61,232796.61,-0.12230539000000007,-0.12230539000000007,877694.61,232796.61,-0.12230539000000007,-0.12230539000000007,1007282.24,32.64,-0.035000413482740966,0.007282239999999884
2025-07-03,903029.61,232796.61,-0.09697038999999996,-0.09697038999999996,903029.61,232796.61,-0.09697038999999996,-0.09697038999999996,903029.61,232796.61,-0.09697038999999996,-0.09697038999999996,1021153.92,32.64,-0.02171102453818874,0.021153919999999937
2025-07-04,910229.61,232796.61,-0.08977038999999998,-0.08977038999999998,910229.61,232796.61,-0.08977038999999998,-0.08977038999999998,910229.61,232796.61,-0.08977038999999998,-0.08977038999999998,1011630.08,32.64,-0.03083508261952317,0.011630079999999987
2025-07-07,908967.11,232796.61,-0.09103289000000003,-0.09103289000000003,908967.11,232796.61,-0.09103289000000003,-0.09103289000000003,908967.11,232796.61,-0.09103289000000003,-0.09103289000000003,1005625.92,32.64,-0.03658720619253819,0.005625919999999951
2025-07-08,909589.61,232796.61,-0.09041039000000006,-0.09041039000000006,909589.61,232796.61,-0.09041039000000006,-0.09041039000000006,909589.61,232796.61,-0.09041039000000006,-0.09041039000000006,1001071.04,32.64,-0.040950886144480725,0.001071040000000023
2025-07-09,927358.61,232796.61,-0.07264139000000003,-0.07264139000000003,927358.61,232796.61,-0.07264139000000003,-0.07264139000000003,927358.61,232796.61,-0.07264139000000003,-0.07264139000000003,1011423.04,32.64,-0.031033431708247794,0.01142303999999994
2025-07-10,939955.24,232796.61,-0.06004476000000003,-0.06004476000000003,939955.24,232796.61,-0.06004476000000003,-0.06004476000000003,939955.24,232796.61,-0.06004476000000003,-0.06004476000000003,1023017.2799999999,32.64,-0.019925882739667,0.023017279999999918
2025-07-11,923049.74,232796.61,-0.07695026000000005,-0.07695026000000005,923049.74,232796.61,-0.07695026000000005,-0.07695026000000005,923049.74,232796.61,-0.07695026000000005,-0.07695026000000005,1027365.12,32.64,-0.01576055187644909,0.02736512000000002
2025-07-14,920551.24,232796.61,-0.07944876000000001,-0.07944876000000001,920551.24,232796.61,-0.07944876000000001,-0.07944876000000001,920551.24,232796.61,-0.07944876000000001,-0.07944876000000001,1021360.96,32.64,-0.021512675449464225,0.021360959999999984
2025-07-15,933130.74,232796.61,-0.06686926000000004,-0.06686926000000004,933130.74,232796.61,-0.06686926000000004,-0.06686926000000004,933130.74,232796.61,-0.06686926000000004,-0.06686926000000004,1035232.64,32.64,-0.008223286504911997,0.03523264000000004
2025-07-16,955901.74,232796.61,-0.044098260000000056,-0.044098260000000056,955901.74,232796.61,-0.044098260000000056,-0.044098260000000056,955901.74,232796.61,-0.044098260000000056,-0.044098260000000056,1043514.24,32.64,-0.0002893229559256527,0.043514239999999926
2025-07-17,965863.74,232796.61,-0.03413626000000003,-0.03413626000000003,965863.74,232796.61,-0.03413626000000003,-0.03413626000000003,965863.74,232796.61,-0.03413626000000003,-0.03413626000000003,1049725.44,32.64,0.0,0.04972544000000001
2025-07-18,980376.74,232796.61,-0.01962326000000003,-0.01962326000000003,980376.74,232796.61,-0.01962326000000003,-0.01962326000000003,980376.74,232796.61,-0.01962326000000003,-0.01962326000000003,1065253.44,32.64,0.0,0.06525344
2025-07-21,1001276.74,232796.61,0.0,0.0012767399999999984,1001276.74,232796.61,0.0,0.0012767399999999984,1001276.74,232796.61,0.0,0.0012767399999999984,1061319.6799999997,32.64,-0.0036927925808906137,0.061319679999999765
2025-07-22,974822.74,232796.61,-0.026420268186795215,-0.02517725999999998,974822.74,232796.61,-0.026420268186795215,-0.02517725999999998,974822.74,232796.61,-0.026420268186795215,-0.02517725999999998,1054073.28,32.64,-0.010495305229899055,0.05407328000000011
2025-07-23,981691.74,232796.61,-0.019560026931215835,-0.018308259999999965,981691.74,232796.61,-0.019560026931215835,-0.018308259999999965,981691.74,232796.61,-0.019560026931215835,-0.018308259999999965,1057178.88,32.64,-0.007579942666038342,0.05717887999999993
2025-07-24,988561.74,232796.61,-0.012698786950748553,-0.011438260000000033,988561.74,232796.61,-0.012698786950748553,-0.011438260000000033,988561.74,232796.61,-0.012698786950748553,-0.011438260000000033,1063390.0799999998,32.64,-0.0017492175383165831,0.0633900799999998
2025-07-25,972624.74,232796.61,-0.028615465490589576,-0.027375260000000012,972624.74,232796.61,-0.028615465490589576,-0.027375260000000012,972624.74,232796.61,-0.028615465490589576,-0.027375260000000012,1061319.6799999997,32.64,-0.0036927925808906137,0.061319679999999765
2025-07-28,971154.74,232796.61,-0.030083591075929728,-0.028845259999999984,971154.74,232796.61,-0.030083591075929728,-0.028845259999999984,971154.74,232796.61,-0.030083591075929728,-0.028845259999999984,1064425.2799999998,32.64,-0.0007774300170296788,0.06442527999999981
2025-07-29,956715.74,232796.61,-0.04450417973356702,-0.04328425999999996,956715.74,232796.61,-0.04450417973356702,-0.04328425999999996,956715.74,232796.61,-0.04450417973356702,-0.04328425999999996,1052002.8800000001,32.64,-0.012438880272472863,0.052002880000000085
2025-07-30,960077.24,335628.11,-0.04114696602260026,-0.03992276000000006,960077.24,335628.11,-0.04114696602260026,-0.03992276000000006,960077.24,335628.11,-0.04114696602260026,-0.03992276000000006,1063390.0799999998,32.64,-0.0017492175383165831,0.0633900799999998
2025-07-31,980857.24,340676.11,-0.020393462850240573,-0.019142760000000036,980857.24,340676.11,-0.020393462850240573,-0.019142760000000036,980857.24,340676.11,-0.020393462850240573,-0.019142760000000036,1074777.2799999998,32.64,0.0,0.07477727999999972
2025-08-01,976221.24,340676.11,-0.025023551430946034,-0.02377876000000001,976221.24,340676.11,-0.025023551430946034,-0.02377876000000001,976221.24,340676.11,-0.025023551430946034,-0.02377876000000001,1065460.48,32.64,-0.008668586667555767,0.06546048000000004
2025-08-04,965525.6900000001,54278.96,-0.03570546340665015,-0.0344743099999999,965525.6900000001,54278.96,-0.03570546340665015,-0.0344743099999999,965525.6900000001,54278.96,-0.03570546340665015,-0.0344743099999999,1059249.2799999998,32.64,-0.0144476444459265,0.05924927999999974
2025-08-05,995296.7899999999,54278.96,-0.005972324893914971,-0.004703210000000069,995296.7899999999,54278.96,-0.005972324893914971,-0.004703210000000069,995296.7899999999,54278.96,-0.005972324893914971,-0.004703210000000069,1072706.88,32.64,-0.0019263525927901703,0.07270687999999992
2025-08-06,1030617.49,54278.96,0.0,0.030617490000000025,1030617.49,54278.96,0.0,0.030617490000000025,1030617.49,54278.96,0.0,0.030617490000000025,1063390.0799999998,32.64,-0.010594939260346048,0.0633900799999998
2025-08-07,1039473.49,54278.96,0.0,0.03947349,1039473.49,54278.96,0.0,0.03947349,1039473.49,54278.96,0.0,0.03947349,1093410.88,32.64,0.0,0.09341087999999997
2025-08-08,1109016.19,58906.89,0.0,0.10901618999999996,1109016.19,58906.89,0.0,0.10901618999999996,1109016.19,58906.89,0.0,0.10901618999999996,1093410.8800000001,7486.08,0.0,0.0934108800000002
2025-08-11,1131138.19,58906.89,0.0,0.13113818999999993,1131138.19,58906.89,0.0,0.13113818999999993,1131138.19,58906.89,0.0,0.13113818999999993,1101670.5,646.45,0.0,0.1016705
2025-08-12,1135089.0899999999,58906.89,0.0,0.1350890899999999,1135089.0899999999,58906.89,0.0,0.1350890899999999,1135089.0899999999,58906.89,0.0,0.1350890899999999,1102689.65,94.95,0.0,0.10268964999999985
2025-08-13,1163301.4899999998,58906.89,0.0,0.16330148999999983,1163301.4899999998,58906.89,0.0,0.16330148999999983,1163301.4899999998,58906.89,0.0,0.16330148999999983,1112048.1500000001,20.75,0.0,0.11204815000000012
2025-08-14,1157348.79,70690.09,-0.005117074164496915,0.15734879000000013,1157348.79,70690.09,-0.005117074164496915,0.15734879000000013,1157348.79,70690.09,-0.005117074164496915,0.15734879000000013,1107879.3499999999,20.75,-0.0037487585407163238,0.10787934999999993
2025-08-15,1151701.6900000002,70690.09,-0.009971447728481464,0.1517016900000001,1151701.6900000002,70690.09,-0.009971447728481464,0.1517016900000001,1151701.6900000002,70690.09,-0.009971447728481464,0.1517016900000001,1107879.3499999999,20.75,-0.0037487585407163238,0.10787934999999993
2025-08-18,1179204.1900000002,70690.09,0.0,0.1792041900000001,1179204.1900000002,70690.09,0.0,0.1792041900000001,1179204.1900000002,70690.09,0.0,0.1792041900000001,1111005.95,20.75,-0.000937189635179192,0.11100595000000002
2025-08-19,1165192.49,70690.09,-0.011882335662325105,0.16519248999999991,1165192.49,70690.09,-0.011882335662325105,0.16519248999999991,1165192.49,70690.09,-0.011882335662325105,0.16519248999999991,1108921.55,20.75,-0.002811568905537132,0.10892155000000003
2025-08-20,1098226.29,70690.09,-0.06867165219282345,0.09822628999999994,1098226.29,70690.09,-0.06867165219282345,0.09822628999999994,1098226.29,70690.09,-0.06867165219282345,0.09822628999999994,1077655.55,20.75,-0.030927257960907673,0.07765555000000002
2025-08-21,1133645.79,70690.09,-0.03863486950466155,0.1336457900000001,1133645.79,70690.09,-0.03863486950466155,0.1336457900000001,1133645.79,70690.09,-0.03863486950466155,0.1336457900000001,1083908.75,20.75,-0.02530412014983352,0.08390874999999998
2025-08-22,1120360.1900000002,70690.09,-0.049901450909871636,0.1203601900000002,1120360.1900000002,70690.09,-0.049901450909871636,0.1203601900000002,1120360.1900000002,70690.09,-0.049901450909871636,0.1203601900000002,1078697.75,20.75,-0.02999006832572859,0.0786977499999999
2025-08-25,1157412.59,70690.09,-0.018479920767581426,0.15741259000000007,1157412.59,70690.09,-0.018479920767581426,0.15741259000000007,1157412.59,70690.09,-0.018479920767581426,0.15741259000000007,1098499.55,20.75,-0.012183465257327275,0.0984995500000001
2025-08-26,1192134.29,70690.09,0.0,0.19213429000000004,1192134.29,70690.09,0.0,0.19213429000000004,1192134.29,70690.09,0.0,0.19213429000000004,1099541.75,20.75,-0.011246275622148305,0.09954174999999998
2025-08-27,1205882.6900000002,70690.09,0.0,0.20588269000000015,1205882.6900000002,70690.09,0.0,0.20588269000000015,1205882.6900000002,70690.09,0.0,0.20588269000000015,1104752.75,20.75,-0.0065603274462532335,0.10475275000000006
2025-08-28,1184879.8900000001,70690.09,-0.01741695122931075,0.18487989000000016,1184879.8900000001,70690.09,-0.01741695122931075,0.18487989000000016,1184879.8900000001,70690.09,-0.01741695122931075,0.18487989000000016,1094330.75,20.75,-0.015932223798043377,0.09433074999999991
2025-08-29,1211723.29,70690.09,0.0,0.21172329000000012,1211723.29,70690.09,0.0,0.21172329000000012,1211723.29,70690.09,0.0,0.21172329000000012,1094330.75,20.75,-0.015932223798043377,0.09433074999999991
2025-09-01,1189872.29,70690.09,-0.018032994975280214,0.18987229000000005,1189872.29,70690.09,-0.018032994975280214,0.18987229000000005,1189872.29,70690.09,-0.018032994975280214,0.18987229000000005,1083908.75,20.75,-0.02530412014983352,0.08390874999999998
2025-09-02,1178984.49,70690.09,-0.02701837974905974,0.17898448999999994,1178984.49,70690.09,-0.02701837974905974,0.17898448999999994,1178984.49,70690.09,-0.02701837974905974,0.17898448999999994,1083908.75,20.75,-0.02530412014983352,0.08390874999999998
2025-09-03,1190880.09,70690.09,-0.01720128693738321,0.19088009000000006,1190880.09,70690.09,-0.01720128693738321,0.19088009000000006,1190880.09,70690.09,-0.01720128693738321,0.19088009000000006,1082866.55,20.75,-0.02624130978501249,0.0828665500000001
2025-09-04,1183554.6900000002,70690.09,-0.023246726569066678,0.18355469000000024,1183554.6900000002,70690.09,-0.023246726569066678,0.18355469000000024,1183554.6900000002,70690.09,-0.023246726569066678,0.18355469000000024,1090161.95,20.75,-0.01968098233875948,0.09016194999999994
2025-09-05,1250658.1900000002,70690.09,0.0,0.2506581900000002,1250658.1900000002,70690.09,0.0,0.2506581900000002,1250658.1900000002,70690.09,0.0,0.2506581900000002,1101626.1500000001,20.75,-0.009371896351790143,0.10162615000000019
2025-09-08,1253947.79,854274.59,0.0,0.25394779,1253947.79,854274.59,0.0,0.25394779,1253947.79,854274.59,0.0,0.25394779,1112048.1500000001,20.75,0.0,0.11204815000000012
2025-09-09,1260216.34,114139.34,0.0,0.26021634000000016,1260216.34,114139.34,0.0,0.26021634000000016,1260216.34,114139.34,0.0,0.26021634000000016,1123512.3499999999,20.75,0.0,0.12351234999999994
2025-09-10,1320512.34,114139.34,0.0,0.32051234000000006,1320512.34,114139.34,0.0,0.32051234000000006,1320512.34,114139.34,0.0,0.32051234000000006,1145398.55,20.75,0.0,0.14539855000000013
2025-09-11,1299156.34,114139.34,-0.01617251073927861,0.29915634000000013,1299156.34,114139.34,-0.01617251073927861,0.29915634000000013,1299156.34,114139.34,-0.01617251073927861,0.29915634000000013,1155820.55,20.75,0.0,0.15582055000000006
2025-09-12,1301822.6400000001,114139.34,-0.014153370198721427,0.30182264000000014,1301822.6400000001,114139.34,-0.014153370198721427,0.30182264000000014,1301822.6400000001,114139.34,-0.014153370198721427,0.30182264000000014,1167284.75,20.75,0.0,0.1672847500000001
2025-09-15,1289531.84,114139.34,-0.023460969702108203,0.28953184,1289531.84,114139.34,-0.023460969702108203,0.28953184,1289531.84,114139.34,-0.023460969702108203,0.28953184,1167284.75,20.75,0.0,0.1672847500000001
2025-09-16,1329836.84,506221.84,0.0,0.32983684,1329836.84,506221.84,0.0,0.32983684,1329836.84,506221.84,0.0,0.32983684,1182917.75,20.75,0.0,0.1829177500000001
2025-09-17,1306306.84,506221.84,-0.017693899952418213,0.3063068400000002,1306306.84,506221.84,-0.017693899952418213,0.3063068400000002,1306306.84,506221.84,-0.017693899952418213,0.3063068400000002,1174580.1500000001,20.75,-0.007048334510154963,0.17458015000000016
2025-09-18,1269090.64,506221.84,-0.045679438388847915,0.26909063999999994,1269090.64,506221.84,-0.045679438388847915,0.26909063999999994,1269090.64,506221.84,-0.045679438388847915,0.26909063999999994,1187086.55,20.75,0.0,0.18708655000000007
2025-09-19,1251379.84,120977.84,-0.058997463177512866,0.25137984,1251379.84,120977.84,-0.058997463177512866,0.25137984,1251379.84,120977.84,-0.058997463177512866,0.25137984,1188128.75,20.75,0.0,0.18812874999999996
2025-09-22,1265403.59,516920.59,-0.048451996562224875,0.26540359,1265403.59,516920.59,-0.048451996562224875,0.26540359,1265403.59,516920.59,-0.048451996562224875,0.26540359,1196466.3499999999,20.75,0.0,0.1964663499999999
2025-09-23,1253777.3900000001,516920.59,-0.05719457283195728,0.2537773900000002,1253777.3900000001,516920.59,-0.05719457283195728,0.2537773900000002,1253777.3900000001,516920.59,-0.05719457283195728,0.2537773900000002,1218352.55,20.75,0.0,0.2183525500000001
2025-09-24,1245927.59,516920.59,-0.06309740223469817,0.24592758999999997,1245927.59,516920.59,-0.06309740223469817,0.24592758999999997,1245927.59,516920.59,-0.06309740223469817,0.24592758999999997,1217310.3499999999,20.75,-0.0008554174241275359,0.21731034999999976
2025-09-25,1228337.09,516920.59,-0.07632496479793716,0.22833709000000013,1228337.09,516920.59,-0.07632496479793716,0.22833709000000013,1228337.09,516920.59,-0.07632496479793716,0.22833709000000013,1213141.55,20.75,-0.004277087120636791,0.21314155
2025-09-26,1202714.6900000002,516920.59,-0.09559229085577137,0.2027146900000001,1202714.6900000002,516920.59,-0.09559229085577137,0.2027146900000001,1202714.6900000002,516920.59,-0.09559229085577137,0.2027146900000001,1193339.75,20.75,-0.02053001817905664,0.19333975000000003
2025-09-30,1211855.89,746590.59,-0.0887183648785066,0.21185588999999982,1211855.89,746590.59,-0.0887183648785066,0.21185588999999982,1211855.89,746590.59,-0.0887183648785066,0.21185588999999982,1204803.95,20.75,-0.011120426513655746,0.20480394999999985
2025-10-01,1213684.89,751343.59,-0.08734300818437257,0.2136848899999999,1213684.89,751343.59,-0.08734300818437257,0.2136848899999999,1213684.89,751343.59,-0.08734300818437257,0.2136848899999999,1211057.1500000001,20.75,-0.005987921968891419,0.21105715000000025
2025-10-02,1225711.69,763543.59,-0.0782991919519993,0.22571169000000002,1225711.69,763543.59,-0.0782991919519993,0.22571169000000002,1225711.69,763543.59,-0.0782991919519993,0.22571169000000002,1233985.55,20.75,0.0,0.2339855500000001
2025-10-03,1233899.2899999998,767710.59,-0.07214234642499473,0.23389928999999987,1233899.2899999998,767710.59,-0.07214234642499473,0.23389928999999987,1233899.2899999998,767710.59,-0.07214234642499473,0.23389928999999987,1251702.95,20.75,0.0,0.25170294999999987
2025-10-07,1242495.7399999998,779610.34,-0.06567805716677266,0.24249573999999985,1242495.7399999998,779610.34,-0.06567805716677266,0.24249573999999985,1242495.7399999998,779610.34,-0.06567805716677266,0.24249573999999985,1286095.55,20.75,0.0,0.28609555
2025-10-08,1238517.39,792988.59,-0.06866966476879988,0.23851738999999994,1238517.39,792988.59,-0.06866966476879988,0.23851738999999994,1238517.39,792988.59,-0.06866966476879988,0.23851738999999994,1274631.3499999999,20.75,-0.00891395666519501,0.27463134999999994
2025-10-09,1240388.0899999999,801029.09,-0.06726295084440603,0.24038808999999994,1247808.49,440821.49,-0.06168301819642785,0.24780848999999994,1240388.0899999999,801029.09,-0.06726295084440603,0.24038808999999994,1284011.1500000001,20.75,-0.001620719393671699,0.2840111500000002
2025-10-13,1236572.89,801222.09,-0.07013187422300637,0.23657288999999992,1236942.89,441014.49,-0.06985364460199506,0.2369428899999999,1243393.59,455913.99,-0.0650028991526509,0.24339359000000016,1271504.75,20.75,-0.01134503575570267,0.2715047500000001
2025-10-14,1235147.5899999999,801222.09,-0.0712036598414586,0.23514758999999996,1216884.3900000001,441014.49,-0.08493707393457373,0.21688439000000015,1223771.69,455913.99,-0.07975801753243661,0.22377168999999997,1265251.55,20.75,-0.01620719393671799,0.2652515500000001
2025-10-15,1277166.1900000002,435523.09,-0.03960685131869257,0.2771661900000002,1260886.8900000001,79204.99,-0.05184842826282354,0.2608868900000001,1267726.99,94104.49,-0.04670486493666404,0.2677269899999999,1288179.95,20.75,0.0,0.28817994999999996
2025-10-16,1284396.8900000001,61768.09,-0.03416956774937885,0.28439689000000024,1257697.3900000001,79204.99,-0.05424684279313541,0.25769739000000014,1264620.09,94104.49,-0.04904116658401492,0.26462009,1313192.75,20.75,0.0,0.31319275
2025-10-17,1250553.99,64577.09,-0.059618479211329456,0.25055399,1208729.2899999998,82013.99,-0.09106948037324658,0.20872928999999973,1216147.5899999999,96913.49,-0.08549112686636073,0.21614758999999983,1293390.95,20.75,-0.015079126807545973,0.29339095000000004
2025-10-20,1253009.6900000002,64577.09,-0.05777186169695814,0.2530096900000003,1205082.79,395184.19,-0.09381154608410458,0.20508279000000007,1215662.49,96913.49,-0.08585590845866486,0.21566248999999993,1315277.1500000001,20.75,0.0,0.31527715000000023
2025-10-21,1273189.99,64577.09,-0.042596842181030325,0.2731899899999999,1226531.0899999999,34862.19,-0.07768302613725175,0.22653108999999994,1236301.79,381126.89,-0.07033573381829306,0.23630178999999996,1317361.55,20.75,0.0,0.31736155
2025-10-22,1269802.8900000001,64577.09,-0.045143846368401075,0.26980289000000024,1221242.99,34862.19,-0.08165952899906137,0.22124298999999992,1233396.6900000002,408223.89,-0.0725202875264005,0.23339669000000018,1306939.55,20.75,-0.00791126779129081,0.30693955000000006
2025-10-23,1266818.09,64577.09,-0.0473883322408184,0.2668180900000001,1207359.19,34862.19,-0.09209975714013163,0.20735919000000003,1231900.8900000001,408223.89,-0.07364508716723472,0.23190089000000014,1299644.1500000001,20.75,-0.01344915524519441,0.2996441500000002
2025-10-27,1285796.29,64577.09,-0.03311725820439748,0.28579628999999995,1198039.39,34862.19,-0.09910798530743081,0.19803938999999993,1224537.09,408223.89,-0.07918245820291758,0.2245370900000001,1329867.95,20.75,0.0,0.3298679499999999
2025-10-28,1300184.59,64577.09,-0.022297660215218618,0.30018459,1240657.69,34862.19,-0.06706021920704208,0.24065768999999992,1259331.3900000001,408223.89,-0.0530181206289938,0.25933139000000005,1320488.1500000001,20.75,-0.007053181483168913,0.3204881500000001
2025-10-29,1278248.8900000001,64577.09,-0.03879269128985774,0.2782488900000002,1231677.99,34862.19,-0.07381270171459542,0.2316779899999999,1249047.6900000002,408223.89,-0.060751174557624577,0.24904769000000027,1342374.35,20.75,0.0,0.34237435000000005
2025-10-30,1307504.09,64577.09,-0.016793601536862268,0.3075040900000001,1267290.19,34862.19,-0.04703332628384704,0.26729019,1272271.8900000001,408223.89,-0.04328722762711246,0.27227189000000007,1342374.35,20.75,0.0,0.34237435000000005
2025-10-31,1343816.99,64577.09,0.0,0.3438169900000001,1281136.0899999999,34862.19,-0.03662159787963182,0.28113608999999995,1288073.79,408223.89,-0.03140464209128091,0.2880737900000001,1349669.75,20.75,0.0,0.3496697499999999
2025-11-03,1392043.3900000001,64577.09,0.0,0.3920433900000002,1306568.49,34862.19,-0.017497146492046367,0.3065684900000001,1320026.1900000002,408223.89,-0.007377333598308167,0.3200261900000001,1337163.35,20.75,-0.009266266803416134,0.3371633500000002
2025-11-04,1313015.1900000002,64577.09,-0.05677136256507054,0.3130151900000002,1261445.29,34862.19,-0.05142852712668122,0.26144528999999994,1273019.99,71513.64,-0.04272467741230579,0.2730199900000001,1332994.55,20.75,-0.012355022404554883,0.33299455
2025-11-05,1332384.49,64577.09,-0.04285706927569277,0.3323844899999999,1252976.5899999999,34862.19,-0.05779675196845968,0.25297658999999983,1265350.5899999999,71513.64,-0.04849185107550502,0.26535058999999994,1316319.3499999999,20.75,-0.024710044809109877,0.3163193499999999
2025-11-06,1375154.29,64577.09,-0.012132595953061598,0.37515429,1318485.39,34862.19,-0.008535971976832979,0.31848539,1319836.64,71513.64,-0.007519869881180474,0.3198366399999999,1319445.95,20.75,-0.02239347810825576,0.31944595
2025-11-07,1340012.3900000001,64577.09,-0.03737742686310952,0.34001239000000005,1280633.49,34862.19,-0.036999538981037805,0.28063349000000004,1280973.79,71513.64,-0.03674364292690224,0.28097379,1303812.95,20.75,-0.03397631161252601,0.30381294999999997
2025-11-10,1395648.99,64577.09,0.0,0.39564899,1327114.0899999999,34862.19,-0.0020474316232660383,0.3271140899999998,1290150.8399999999,71513.64,-0.0298427587552772,0.2901508399999999,1320488.1500000001,20.75,-0.021621289207970906,0.3204881500000001
2025-11-11,1348121.59,64577.09,-0.034053977999152885,0.3481215900000001,1307889.69,34862.19,-0.01650364115345171,0.3078896899999999,1278889.99,71513.64,-0.03831060207355974,0.2788899899999999,1311108.3499999999,20.75,-0.028570989310533257,0.3111083499999998
2025-11-12,1344915.59,64577.09,-0.03635111719602213,0.34491559000000005,1276865.69,34862.19,-0.039832818889270705,0.27686568999999994,1263653.5399999998,71513.64,-0.04976798507101088,0.26365353999999974,1317361.55,20.75,-0.023937855908825023,0.31736155
2025-11-13,1336896.09,64577.09,-0.04209718949461638,0.33689609,1258986.19,34862.19,-0.053277701345678,0.2589861899999999,1256422.3399999999,71513.64,-0.055205644626298844,0.25642233999999986,1311108.3499999999,20.75,-0.028570989310533257,0.3111083499999998
2025-11-14,1299722.79,64577.09,-0.06873232502393023,0.2997227900000001,1261116.89,34862.19,-0.05167547471462752,0.2611168899999998,1273097.8399999999,71513.64,-0.04266613639610117,0.2730978399999999,1286095.55,20.75,-0.047103522917365526,0.28609555
2025-11-17,1325888.8900000001,414397.09,-0.04998398630303158,0.3258888900000001,1316639.99,380960.19,-0.009923661010925344,0.3166399900000001,1288993.14,417611.64,-0.030713316680263003,0.28899313999999987,1290264.3499999999,20.75,-0.04401476731622689,0.29026434999999995
2025-11-18,1280230.09,414397.09,-0.08269908897365363,0.2802300900000001,1308773.19,380960.19,-0.01583927393679374,0.3087731899999999,1276045.2400000002,417611.64,-0.04044977427456431,0.2760452400000002,1260040.55,20.75,-0.06640824542448254,0.26004055000000004
2025-11-19,1256156.8900000001,414397.09,-0.09994783860374512,0.2561568900000002,1279619.99,380960.19,-0.03776166255102398,0.27961999000000004,1264423.9400000002,417611.64,-0.049188665881748195,0.26442394000000013,1251702.95,20.75,-0.07258575662676003,0.25170294999999987
2025-11-20,1255096.89,813585.09,-0.10070734189403896,0.2550968899999999,1298919.99,780148.19,-0.023248603941518176,0.2989199899999999,1282993.6400000001,816799.64,-0.03522477238636279,0.28299364000000016,1290264.3499999999,20.75,-0.04401476731622689,0.29026434999999995
2025-11-21,1213350.3900000001,86717.59,-0.1306192325621931,0.21335039000000022,1248014.2900000003,83339.09,-0.061528262369389464,0.2480142900000002,1248655.5399999998,86905.44,-0.061046060357299425,0.2486555399999999,1247534.1500000001,20.75,-0.07567451222789856,0.24753415000000012
2025-11-24,1212248.79,374954.59,-0.1314085427740681,0.21224879000000008,1268662.09,83339.09,-0.04600169596745418,0.2686620900000001,1280926.1400000001,86905.44,-0.03677947439025675,0.28092614000000005,1241280.95,20.75,-0.0803076456296068,0.24128094999999994
2025-11-25,1188898.6900000002,443469.59,-0.14813918218792232,0.18889869000000026,1256641.1900000002,83339.09,-0.05504107556533022,0.2566411900000001,1250512.44,86905.44,-0.059649723645797126,0.25051243999999984,1257956.1500000001,20.75,-0.0679526232250518,0.25795615000000005
2025-11-26,1194963.99,453785.59,-0.143793318691113,0.19496398999999998,1250461.49,83339.09,-0.059688036616582285,0.25046148999999995,1243141.24,86905.44,-0.06519265927390017,0.24314123999999993,1278800.1500000001,20.75,-0.05250884521935817,0.27880015000000014
2025-11-27,1205884.7899999998,116094.79,-0.13596842856598224,0.20588478999999982,1278535.89,83339.09,-0.03857687534058707,0.2785358899999999,1277870.44,86905.44,-0.039077275073835516,0.27787044000000005,1290264.3499999999,20.75,-0.04401476731622689,0.29026434999999995
2025-11-28,1212034.09,116094.79,-0.13156237801597948,0.21203409000000017,1279849.79,83339.09,-0.03758885939721757,0.2798497900000001,1259874.8399999999,86905.44,-0.05260946147348444,0.25987483999999994,1299644.1500000001,20.75,-0.03706506721366454,0.2996441500000002
2025-12-01,1197367.3900000001,116094.79,-0.14207125245725283,0.19736739000000014,1273469.4900000002,83339.09,-0.04238666602137442,0.2734694900000003,1241490.74,86905.44,-0.06643378897519492,0.24149073999999993,1281926.75,20.75,-0.050192278518504274,0.28192675
2025-12-02,1204622.5899999999,116094.79,-0.13687281069146195,0.20462258999999983,1284349.69,83339.09,-0.03420506082535668,0.28434969,1240361.94,86905.44,-0.06728261491086396,0.24036193999999989,1286095.55,20.75,-0.047103522917365526,0.28609555
2025-12-03,1216692.7899999998,151304.99,-0.12822436105513912,0.21669278999999975,1324072.49,118549.29,-0.004334629502368181,0.32407249000000005,1253108.14,122115.64,-0.057697830058610955,0.2531081399999999,1298601.95,20.75,-0.03783725611394939,0.2986019499999999
2025-12-04,1260675.14,160205.04,-0.09671045582886861,0.2606751399999998,1281126.44,127449.34,-0.036628854408936484,0.28112644,1264610.69,131015.69,-0.04904823512033263,0.26461069000000004,1296517.55,20.75,-0.039381633914518654,0.29651755000000013
2025-12-05,1225800.1400000001,160205.04,-0.12169883059206732,0.22580014000000004,1274160.84,127449.34,-0.041866790214655225,0.2741608400000002,1259624.99,131015.69,-0.05279734166486172,0.25962499000000006,1307981.75,20.75,-0.030887556011387263,0.30798174999999994
2025-12-08,1225701.44,160205.04,-0.12176955037956938,0.22570143999999992,1245401.74,127449.34,-0.06349282668391121,0.24540173999999992,1271861.39,131015.69,-0.04359591211204539,0.27186139,1327783.55,20.75,-0.016215966905978263,0.32778355000000015
2025-12-09,1241266.04,160205.04,-0.11061731933041408,0.24126603999999996,1264684.54,562478.34,-0.04899270199192263,0.26468453999999997,1280742.99,131015.69,-0.03691719805265736,0.28074299,1325699.1500000001,20.75,-0.017760344706547526,0.32569915000000016
2025-12-10,1223897.54,160205.04,-0.12306206734689062,0.22389754000000006,1260447.8399999999,562478.34,-0.052178581546891256,0.2604478399999999,1283595.2899999998,131015.69,-0.03477234846344024,0.28359528999999983,1335078.95,20.75,-0.01081064460398562,0.33507895
2025-12-11,1222315.94,160205.04,-0.12419530357701192,0.22231593999999988,1242984.44,167809.34,-0.06531056847545302,0.24298443999999986,1289812.0899999999,131015.69,-0.03009748925289224,0.28981208999999986,1320488.1500000001,20.75,-0.021621289207970906,0.3204881500000001
2025-12-12,1211534.74,160205.04,-0.1319201685518362,0.21153474000000005,1261657.04,167809.34,-0.05126929706654848,0.26165704,1333104.79,131015.69,0.0,0.33310478999999993,1322572.55,20.75,-0.020076911407401643,0.32257255000000007
2025-12-15,1222079.3399999999,492675.24,-0.12436483044350577,0.22207933999999985,1265810.84,167809.34,-0.04814575598612536,0.2658108400000001,1312995.49,131015.69,-0.015084560606822284,0.31299549000000004,1309023.95,20.75,-0.03011536711110263,0.30902395000000005
2025-12-16,1199436.0899999999,148355.19,-0.14058900296986576,0.19943608999999984,1217773.84,167809.34,-0.08426823248482118,0.21777384,1276497.89,131015.69,-0.04246245338297838,0.2764978899999999,1297559.75,20.75,-0.03860944501423402,0.29755975
2025-12-17,1216648.99,148355.19,-0.12825574430430386,0.21664898999999993,1230757.34,167809.34,-0.07450500468914667,0.23075734000000003,1307336.79,131015.69,-0.019329313189250463,0.30733679000000014,1290264.3499999999,20.75,-0.04401476731622689,0.29026434999999995
2025-12-18,1224491.49,148355.19,-0.12263649472493798,0.2244914899999999,1236975.84,167809.34,-0.069828867126286,0.23697584000000016,1298154.29,131015.69,-0.02621736885365178,0.29815429000000004,1290264.3499999999,20.75,-0.04401476731622689,0.29026434999999995
2025-12-19,1231547.5899999999,148355.19,-0.11758071060546549,0.23154758999999991,1253516.54,167809.34,-0.05739072471477036,0.2535165400000001,1326824.89,131015.69,-0.004710732454873412,0.3268248899999999,1302770.75,20.75,-0.03474850051281064,0.3027707500000001
2025-12-22,1251101.5899999999,148355.19,-0.10357002443716179,0.25110158999999976,1301138.34,167809.34,-0.021580466969165935,0.30113834000000006,1336718.49,131015.69,0.0,0.33671849,1321530.3499999999,20.75,-0.020849100307686497,0.32153034999999996
2025-12-23,1262250.19,148355.19,-0.09558191275587136,0.26225019000000005,1301521.1400000001,167809.34,-0.02129261210721156,0.3015211400000002,1359091.29,131015.69,0.0,0.35909129000000006,1327783.55,20.75,-0.016215966905978263,0.32778355000000015
2025-12-24,1266970.99,148355.19,-0.09219940036642016,0.2669709899999999,1294324.1400000001,167809.34,-0.026704554221854693,0.29432414000000007,1361236.69,131015.69,0.0,0.3612366899999999,1330910.1500000001,20.75,-0.013899400205124146,0.33091015000000024
2025-12-26,1263713.79,148355.19,-0.09453322500523575,0.26371378999999995,1297841.34,167809.34,-0.024059718483960824,0.2978413400000002,1372923.49,131015.69,0.0,0.37292349,1342374.35,20.75,-0.005405322301992643,0.34237435000000005
2025-12-29,1252934.39,148355.19,-0.10225680025749173,0.25293438999999984,1282248.74,167809.34,-0.035784916290933944,0.28224874,1367839.59,131015.69,-0.003702974009134219,0.36783959,1360091.75,20.75,0.0,0.36009175000000004
2025-12-30,1262284.7899999998,148355.19,-0.0955571214220563,0.2622847899999998,1279450.9400000002,167809.34,-0.03788878340894808,0.27945094000000026,1364848.99,131015.69,-0.0058812454290515515,0.36484899000000004,1358007.35,20.75,-0.0015325436684693328,0.35800735000000006
2025-12-31,1272159.39,148355.19,-0.08848184671419435,0.2721593899999999,1279642.74,167809.34,-0.03774455518919151,0.2796427399999999,1361006.89,131015.69,-0.008679726209652183,0.36100688999999986,1367387.15,20.75,0.0,0.3673871499999999
2026-01-02,1324743.69,148355.19,-0.05080453646156402,0.32474369000000003,1289710.84,167809.34,-0.03017362641269583,0.28971084000000014,1377138.69,131015.69,0.0,0.37713869,1395526.55,20.75,0.0,0.39552655000000003
2026-01-05,1356642.19,148355.19,-0.027948861267760527,0.35664218999999986,1289458.1400000001,167809.34,-0.030363649724126973,0.28945814000000003,1359836.5899999999,131015.69,-0.012563803577401611,0.3598365899999998,1448678.75,20.75,0.0,0.44867875
2026-01-06,1401615.19,148355.19,0.0,0.40161519,1302756.34,167809.34,-0.020363776356203234,0.3027563400000002,1362719.49,131015.69,-0.01047040512673414,0.3627194899999999,1467438.35,20.75,0.0,0.4674383500000001
2026-01-07,1400423.09,148355.19,-0.0008505187504423972,0.4004230900000001,1294615.6400000001,167809.34,-0.02648535439881483,0.2946156400000002,1333396.5899999999,131015.69,-0.03176303179747286,0.33339658999999977,1455974.15,20.75,-0.007812389529004871,0.45597414999999986
2026-01-08,1374851.0899999999,148355.19,-0.01909518403549848,0.37485108999999994,1309186.04,167809.34,-0.015528822317781521,0.30918603999999994,1311561.69,131015.69,-0.04761829761677816,0.31156169,1461185.15,20.75,-0.004261303379457293,0.46118514999999993
2026-01-09,1373386.49,148355.19,-0.020140121341007955,0.3733864899999999,1358152.24,167809.34,0.0,0.3581522399999999,1311085.09,131015.69,-0.04796437750216709,0.3110850900000002,1455974.15,20.75,-0.007812389529004871,0.45597414999999986
2026-01-12,1399825.19,148355.19,-0.0012770980314503744,0.39982519000000005,1398896.9400000002,167809.34,0.0,0.3988969400000002,1318233.74,561310.94,-0.04277343337147832,0.31823373999999993,1466396.15,20.75,-0.0007102172299096043,0.46639615
2026-01-13,1434224.29,148355.19,0.0,0.43422428999999996,1361975.4400000002,167809.34,-0.026393295277349016,0.36197544000000015,1326124.74,166931.94,-0.03704343677977706,0.32612474,1473691.55,20.75,0.0,0.4736915500000001
2026-01-14,1496229.3900000001,148355.19,0.0,0.4962293900000001,1417347.74,167809.34,0.0,0.4173477400000001,1375515.7399999998,166931.94,-0.00117849422994587,0.37551573999999976,1474733.75,20.75,0.0,0.47473374999999995
2026-01-15,1482568.19,148355.19,-0.00913041816402238,0.48256818999999984,1424640.34,167809.34,0.0,0.42464034000000006,1371193.3399999999,166931.94,-0.0043171759265583365,0.3711933399999998,1472649.35,20.75,-0.0014134076744360957,0.4726493500000002
2026-01-16,1484590.4899999998,148355.19,-0.007778820599159797,0.48459048999999976,1417057.44,167809.34,-0.005322676739590415,0.41705744,1369473.94,166931.94,-0.005565706675483839,0.36947394,1500788.75,20.75,0.0,0.5007887499999999
2026-01-19,1563638.69,148355.19,0.0,0.5636386899999999,1430912.24,167809.34,0.0,0.43091224000000006,1381036.7399999998,166931.94,0.0,0.38103673999999965,1513295.15,20.75,0.0,0.5132951499999998
2026-01-20,1526789.3900000001,148355.19,-0.023566377728859944,0.52678939,1445230.7400000002,167809.34,0.0,0.4452307400000002,1401737.94,166931.94,0.0,0.40173793999999985,1513295.15,20.75,0.0,0.5132951499999998
2026-01-21,1474617.5899999999,148355.19,-0.05693201413428839,0.4746175899999998,1413744.74,167809.34,-0.02178614053005834,0.41374474000000006,1417674.54,166931.94,0.0,0.4176745399999999,1497662.15,20.75,-0.0103304368615732,0.4976621499999998
2026-01-22,1482215.39,148355.19,-0.05207296322400412,0.4822153899999999,1465207.74,167809.34,0.0,0.4652077400000001,1444599.54,166931.94,0.0,0.44459954,1517463.95,20.75,0.0,0.51746395
2026-01-23,1456452.89,148355.19,-0.06854895615303558,0.45645289,1445619.84,167809.34,-0.013368684497940153,0.44561984,1438012.14,166931.94,-0.004560018065629556,0.4380121399999999,1526843.75,20.75,0.0,0.52684375
2026-01-26,1525185.69,148355.19,-0.024591998295974582,0.52518569,1471617.24,167809.34,0.0,0.47161724000000005,1477132.7399999998,166931.94,0.0,0.47713273999999983,1526843.75,20.75,0.0,0.52684375
2026-01-27,1511672.79,148355.19,-0.03323395636878235,0.51167279,1491040.54,167809.34,0.0,0.49104053999999997,1482772.74,166931.94,0.0,0.4827727399999999,1543518.95,20.75,0.0,0.54351895
2026-01-28,1507599.3900000001,148355.19,-0.03583903388832099,0.5075993900000002,1516839.9400000002,167809.34,0.0,0.5168399400000001,1519491.1400000001,166931.94,0.0,0.5194911400000002,1567489.55,20.75,0.0,0.5674895500000001
2026-01-29,1478958.19,148355.19,-0.05415605314805816,0.47895818999999995,1473862.7400000002,167809.34,-0.02833337840510708,0.47386274000000017,1558776.94,166931.94,0.0,0.55877694,1558109.75,20.75,-0.005983963338065057,0.5581097500000001
2026-01-30,1462856.0899999999,148355.19,-0.06445389247819144,0.46285608999999983,1432568.6400000001,167809.34,-0.05555714731509509,0.43256864000000017,1546808.54,166931.94,-0.007678070988142771,0.54680854,1534139.15,20.75,-0.021276314090897808,0.5341391499999999
2026-02-02,1377784.29,148355.19,-0.11886019525393032,0.37778429000000013,1371512.4400000002,167809.34,-0.09580938381672621,0.3715124400000003,1513159.54,166931.94,-0.029264867107926196,0.51315954,1511210.75,20.75,-0.03590378002839001,0.51121075
2026-02-03,1364057.04,947921.04,-0.1276392374251113,0.36405704000000005,1386143.54,1015910.84,-0.08616360668878498,0.38614353999999995,1567340.54,511282.94,0.0,0.56734054,1541434.55,20.75,-0.01662212038351385,0.54143455
2026-02-04,1365529.24,525005.04,-0.1266977155700848,0.3655292400000001,1387091.8900000001,590917.29,-0.08553839240282668,0.3870918900000002,1592014.94,34685.54,0.0,0.5920149399999999,1540392.35,20.75,-0.0172870051988544,0.5403923500000001
2026-02-05,1357702.04,525005.04,-0.13170347556442208,0.35770203999999994,1378663.29,590917.29,-0.09109507625438718,0.37866329,1517794.54,34685.54,-0.046620416765686845,0.5177945400000001,1521632.75,20.75,-0.029254931874984513,0.52163275
2026-02-06,1347926.24,525005.04,-0.1379554313790995,0.34792624000000005,1361859.8900000001,204174.29,-0.10217297548217252,0.3618598900000001,1492163.94,34685.54,-0.0627198887970235,0.49216393999999997,1519548.35,20.75,-0.0305847015056655,0.51954835
2026-02-09,1372062.24,115744.04,-0.12251964039083729,0.37206224,1403424.8900000001,204174.29,-0.07477061159135878,0.40342489000000015,1561823.94,34685.54,-0.018964018013549522,0.56182394,1562278.55,20.75,-0.0033244240767027478,0.56227855
2026-02-10,1403868.34,115744.04,-0.10217856018899085,0.40386834000000005,1445311.69,204174.29,-0.04715609611387228,0.44531169000000004,1586624.1400000001,34685.54,-0.0033861491274697064,0.5866241400000001,1594586.75,20.75,0.0,0.5945867499999999
2026-02-11,1447233.04,115744.04,-0.07444536307809058,0.44723303999999997,1428533.29,204174.29,-0.058217513708137325,0.42853329000000007,1565631.54,34685.54,-0.01657233191542784,0.56563154,1630021.55,20864.75,0.0,0.6300215500000002
2026-02-23,1491364.44,115744.04,-0.04622183530135082,0.4913644399999999,1464910.49,204174.29,-0.034235286552383504,0.46491049000000007,1621087.34,34685.54,0.0,0.6210873400000001,1633955.35,1744.15,0.0,0.6339553500000001
2026-02-24,1559909.1400000001,115744.04,-0.002385173776941918,0.55990914,1527104.09,204174.29,0.0,0.5271040900000001,1682607.74,34685.54,0.0,0.6826077399999999,1676115.35,140.15,0.0,0.6761153500000001
2026-02-25,1647354.04,115744.04,0.0,0.64735404,1599623.29,204174.29,0.0,0.59962329,1716031.54,34685.54,0.0,0.7160315400000001,1711977.9,38.0,0.0,0.7119778999999999
2026-02-26,1678349.74,115744.04,0.0,0.67834974,1666790.8900000001,204174.29,0.0,0.6667908900000001,1751187.94,34685.54,0.0,0.7511879399999999,1713033.35,38.0,0.0,0.7130333500000001
2026-03-02,1658036.04,115744.04,-0.01210337721385768,0.65803604,1639008.29,204174.29,-0.016668317643612762,0.63900829,1806401.54,34685.54,0.0,0.80640154,1696146.15,38.0,-0.009858068437488487,0.6961461499999999
2026-03-03,1606026.04,115744.04,-0.04309215074564854,0.6060260399999999,1637143.29,204174.29,-0.0177872342462827,0.63714329,1873891.54,34685.54,0.0,0.87389154,1662371.75,38.0,-0.02957420531246524,0.6623717499999999
2026-03-04,1519906.3399999999,565635.34,-0.09440428071922613,0.5199063399999999,1553432.69,599427.69,-0.0680098509537691,0.55343269,1793075.6400000001,477725.64,-0.04312730927852948,0.7930756400000001,1595878.4,38.0,-0.06839034978507585,0.5958783999999999
2026-03-05,1562866.54,548432.14,-0.068807589531369,0.5628665400000001,1565819.99,663830.39,-0.06057802487749386,0.56581999,1786884.04,62537.24,-0.04643144928227805,0.7868840400000001,1633874.6,38.0,-0.04620969580072687,0.6338746000000002
2026-03-06,1620927.3900000001,608147.89,-0.03421357815445536,0.6209273900000001,1615673.3900000001,663830.39,-0.030668214175324615,0.6156733900000002,1913716.24,62537.24,0.0,0.9137162400000001,1622264.65,38.0,-0.05298711785150023,0.62226465
2026-03-09,1604900.5899999999,180755.89,-0.04376272015867211,0.60490059,1607170.19,215690.39,-0.0357697539371602,0.6071701899999999,1818680.64,62537.24,-0.049660235939681496,0.81868064,1553660.4,38.0,-0.09303552087879674,0.5536603999999998
2026-03-10,1603029.29,220299.89,-0.044877684433043075,0.60302929,1605764.9900000002,215690.39,-0.03661281110073733,0.6057649900000002,1858119.04,62537.24,-0.029051955999495505,0.85811904,1587434.8,38.0,-0.07331938400381988,0.5874348
2026-03-11,1639764.0899999999,254119.89,-0.022990232059737492,0.6397640899999999,1641793.19,215690.39,-0.014997502176172905,0.64179319,1919614.64,62537.24,0.0,0.9196146399999998,1650761.8,38.0,-0.03635162736323849,0.6507618
2026-03-12,1616732.29,701147.29,-0.036713116778627986,0.6167322900000001,1617250.99,672565.99,-0.029721724720969678,0.61725099,1864340.54,484115.54,-0.02879437302061827,0.8643405399999999,1616987.4,38.0,-0.056067764238215356,0.6169874
2026-03-13,1628127.29,701147.29,-0.02992370946475076,0.6281272900000001,1629280.99,672565.99,-0.022504262667286445,0.62928099,1888060.54,484115.54,-0.01643772627197715,0.8880605400000001,1603266.55,38.0,-0.0640774448436745,0.6032665500000001
2026-03-16,1623977.29,701147.29,-0.03239637645488591,0.62397729,1625215.99,672565.99,-0.02494308089240882,0.62521599,1887005.54,484115.54,-0.016987315745831122,0.8870055400000001,1595878.4,38.0,-0.06839034978507585,0.5958783999999999
2026-03-17,1604486.89,189014.69,-0.044009212287303145,0.60448689,1603784.0899999999,160035.89,-0.037801262520699486,0.6037840899999998,1826862.44,26052.64,-0.04831813535241636,0.82686244,1618042.85,38.0,-0.05545163496087213,0.6180428500000001
2026-03-18,1619911.5899999999,627707.19,-0.03481881553483612,0.6199115899999998,1620040.29,620023.89,-0.028048269450284824,0.6200402899999999,1861676.7400000002,697577.14,-0.03018204737175778,0.8616767400000003,1642318.2,38.0,-0.041280661581982736,0.6423182000000001
2026-03-19,1688872.3900000001,627707.19,0.0,0.6888723900000002,1689682.5900000003,620023.89,0.0,0.6896825900000003,1939618.44,872669.14,0.0,0.93961844,1604322.0,38.0,-0.0634613155663315,0.604322
2026-03-20,1652174.79,627707.19,-0.0217290543781109,0.6521747900000001,1654867.49,78961.89,-0.020604520757949163,0.65486749,1908847.54,872669.14,-0.015864408878274006,0.90884754,1602211.1,38.0,-0.0646935741210175,0.6022111000000001
2026-03-23,1620207.89,158574.69,-0.04065700902363634,0.6202078899999999,1588523.5899999999,78961.89,-0.05986864077234788,0.5885235899999999,1871651.94,330163.64,-0.035041170262332666,0.87165194,1567381.25,38.0,-0.08502584027333737,0.56738125
2026-03-24,1622530.0899999999,158574.69,-0.03928200874904486,0.6225300899999999,1573014.2899999998,78961.89,-0.06904746529938532,0.5730142899999997,1868497.2400000002,330163.64,-0.03666762417457725,0.8684972400000002,1570547.6,38.0,-0.08317745244130825,0.5705476
2026-03-25,1683007.8900000001,158574.69,-0.0034724352382834445,0.6830078900000001,1662664.5900000003,584152.89,-0.0159899854327078,0.6626645900000003,1935112.94,330163.64,-0.0023228795453191786,0.93511294,1608543.8,38.0,-0.06099679845695938,0.6085438000000001
2026-03-26,1729850.19,158574.69,0.0,0.7298501899999998,1712418.3900000001,584152.89,0.0,0.7124183900000001,1986670.6400000001,330163.64,0.0,0.98667064,1600100.2,38.0,-0.06592583267570362,0.6001002
2026-03-27,1721803.19,158574.69,-0.004651847915223217,0.7218031899999999,1697933.64,73724.14,-0.008458651276222362,0.6979336399999998,1977097.1400000001,330163.64,-0.004818866201193761,0.9770971400000001,1583213.0,38.0,-0.075783901113192,0.583213
2026-03-30,1680686.19,158574.69,-0.028420958233383198,0.6806861899999999,1675502.64,73724.14,-0.021557669676743108,0.6755026399999999,1933356.1400000001,330163.64,-0.026836104045912745,0.9333561400000001,1559993.1,38.0,-0.0893387452147385,0.5599931
2026-03-31,1625748.19,158574.69,-0.06017977776445482,0.6257481899999999,1587308.64,73724.14,-0.07306027004300053,0.5873086399999998,1870896.94,330163.64,-0.058275235798521785,0.87089694,1527274.15,38.0,-0.10843875281237236,0.52727415
2026-04-01,1652769.19,158574.69,-0.04455934996313182,0.6527691899999999,1637335.64,73724.14,-0.04384603110925489,0.6373356399999999,1904621.1400000001,330163.64,-0.04130000129261491,0.9046211400000002,1592712.05,38.0,-0.07023873761710475,0.59271205
2026-04-02,1647014.29,158574.69,-0.04788616984225669,0.64701429,1622445.74,73724.14,-0.052541277602140335,0.6224457400000001,1897248.6400000001,330163.64,-0.04501098380353574,0.8972486400000002,1561048.55,38.0,-0.0887226159373955,0.56104855
2026-04-07,1609912.8900000001,158574.69,-0.06933392307226316,0.6099128900000002,1664465.84,73724.14,-0.028002823538936683,0.6644658400000001,1853659.04,330163.64,-0.06695201374697923,0.8536590400000001,1589545.7,38.0,-0.07208712544913387,0.5895457
2026-04-08,1647881.19,158574.69,-0.04738502817981016,0.6478811899999999,1690305.14,73724.14,-0.012913462112492446,0.69030514,1905659.2400000002,330163.64,-0.04077746878063282,0.9056592400000003,1671870.8,38.0,-0.024029041816377994,0.6718708
2026-04-09,1691972.19,640306.69,-0.02189669384029147,0.69197219,1688175.1400000001,555456.14,-0.014157317009425463,0.6881751400000002,1956170.1400000001,773045.64,-0.015352569966000984,0.9561701400000002,1670815.35,38.0,-0.024645171093720997,0.67081535
2026-04-10,1745900.0899999999,656415.09,0.0,0.7459000899999999,1716734.04,571956.04,0.0,0.71673404,2018209.74,775296.74,0.0,1.01820974,1704589.75,38.0,-0.004929034218744244,0.70458975
2026-04-13,1701004.34,110570.84,-0.02571495943963198,0.7010043400000001,1682378.79,35534.29,-0.02001198158801576,0.68237879,1966559.74,144062.74,-0.02559198827372622,0.9665597399999999,1701423.4,38.0,-0.006777422050773363,0.7014233999999999
2026-04-14,1739869.34,110570.84,-0.0034542354597162372,0.73986934,1673913.79,35534.29,-0.02494285602911439,0.6739137900000001,2010685.24,144062.74,-0.003728304274262406,1.01068524,1754195.9,38.0,0.0,0.7541958999999998
2026-04-15,1739074.34,110570.84,-0.003909587976480222,0.7390743400000002,1675840.29,35534.29,-0.023820667061509426,0.67584029,2009667.24,144062.74,-0.004232711710131731,1.0096672400000002,1776360.35,38.0,0.0,0.77636035
2026-04-16,1763524.34,110570.84,0.0,0.76352434,1733620.29,35534.29,0.0,0.73362029,2037111.24,144062.74,0.0,1.0371112400000002,1794303.0,38.0,0.0,0.794303
2026-04-17,1806462.84,110570.84,0.0,0.80646284,1814372.29,35534.29,0.0,0.8143722900000001,2087035.24,144062.74,0.0,1.08703524,1776360.35,38.0,-0.009999788218600703,0.77636035
2026-04-20,1824094.84,110570.84,0.0,0.8240948400000001,1885979.29,35534.29,0.0,0.8859792900000001,2106780.74,144062.74,0.0,1.10678074,1784803.95,38.0,-0.005294005527494594,0.7848039499999999
2026-04-21,1856635.34,110570.84,0.0,0.8566353400000002,1916676.29,35534.29,0.0,0.9166762900000001,2143851.24,144062.74,0.0,1.14385124,1815412.0,38.0,0.0,0.815412
2026-04-22,1909964.34,110570.84,0.0,0.9099643400000001,2025321.79,35534.29,0.0,1.02532179,2204575.24,144062.74,0.0,1.20457524,1822800.15,38.0,0.0,0.82280015
2026-04-23,1848950.84,110570.84,-0.031944837252825375,0.8489508400000001,1925803.79,35534.29,-0.049136883082663174,0.92580379,2134147.24,144062.74,-0.03194629002546545,1.1341472400000003,1822800.15,38.0,0.0,0.82280015
2026-04-24,1918759.34,110570.84,0.0,0.91875934,1981429.79,35534.29,-0.02167161792102179,0.98142979,2212939.74,144062.74,0.0,1.2129397400000004,1898792.55,38.0,0.0,0.89879255
2026-04-27,1877977.0899999999,645422.09,-0.021254489372283802,0.8779770899999999,1875031.54,561191.04,-0.07420561549382232,0.8750315399999999,2168656.74,764433.74,-0.02001093802942866,1.1686567400000003,1963175.0,38.0,0.0,0.9631749999999999
2026-04-28,1845584.59,113327.09,-0.03813649188542845,0.8455845900000001,1858657.04,675317.04,-0.0822905035747431,0.85865704,2128600.24,147055.74,-0.03811197317103632,1.1286002400000004,1942066.0,38.0,-0.010752480038712764,0.9420660000000001
2026-04-29,1817054.09,113327.09,-0.053005735466543746,0.8170540900000001,1836690.04,675317.04,-0.09313668125794472,0.8366900400000001,2095282.74,147055.74,-0.053167737861673614,1.09528274,1915679.75,38.0,-0.024193080087103747,0.91567975
2026-04-30,1850559.59,113327.09,-0.035543670630418966,0.85055959,1872682.04,675317.04,-0.07536567806343508,0.8726820399999999,2133963.24,147055.74,-0.035688500040222504,1.1339632400000004,1910402.5,38.0,-0.026881200096781965,0.9104025
2026-05-04,1895651.59,113327.09,-0.012043068413154945,0.8956515900000002,1914915.54,124162.54,-0.05451294236063098,0.91491554,2185693.24,147055.74,-0.012312355147998777,1.1856932400000004,1996949.4,38.0,0.0,0.9969493999999999
2026-05-05,1920644.09,113327.09,0.0,0.9206440900000001,1863075.54,124162.54,-0.08010887494574381,0.8630755400000001,2215786.74,147055.74,0.0,1.2157867400000004,1996949.4,38.0,0.0,0.9969493999999999
2026-05-06,1898619.09,113327.09,-0.011467507236075147,0.8986190900000002,1855590.54,124162.54,-0.08380458396193924,0.8555905400000001,2192190.74,147055.74,-0.0106490392662969,1.19219074,2021224.75,38.0,0.0,1.02122475
2026-05-07,1959107.5899999999,721544.09,0.0,0.9591075899999999,1885272.54,742073.54,-0.06914913506164366,0.8852725400000001,2262111.24,832815.74,0.0,1.2621112400000003,2062387.3,38.0,0.0,1.0623873000000001
2026-05-08,1949655.5899999999,721544.09,-0.004824645694930907,0.9496555899999999,1846129.54,742073.54,-0.08847594040846218,0.84612954,2251184.24,832815.74,-0.004830443263258766,1.2511842400000002,2047611.0,38.0,-0.00716465816095746,1.0476109999999998
2026-05-11,2053290.34,116611.34,0.0,1.0532903400000002,1891880.04,612346.04,-0.06588669052931095,0.89188004,2371399.99,134858.99,0.0,1.37139999,2045500.1,38.0,-0.00818818075537997,1.0455001
2026-05-12,2057747.34,116611.34,0.0,1.0577473400000001,1848212.04,612346.04,-0.08744770874163166,0.84821204,2376586.99,134858.99,0.0,1.3765869900000003,2044444.65,38.0,-0.00869994205259128,1.04444465
2026-05-13,2030425.34,116611.34,-0.013277626202641613,1.0304253400000003,1808316.04,63780.04,-0.10714630685921767,0.80831604,2345063.99,134858.99,-0.013263979030702311,1.3450639900000003,2015947.5,38.0,-0.02251749707729489,1.0159474999999998
2026-05-14,2087475.34,116611.34,0.0,1.0874753400000001,1874610.04,63780.04,-0.07441373057068623,0.8746100400000001,2410906.99,134858.99,0.0,1.4109069900000004,2027557.45,38.0,-0.01688812280797114,1.0275574499999998
2026-05-15,1980395.34,116611.34,-0.051296414356684084,0.9803953400000001,1771720.04,63780.04,-0.1252155342682606,0.7717200399999999,2287255.99,134858.99,-0.05128816686536708,1.2872559900000002,2013836.6,38.0,-0.02354101967171729,1.0138366000000003
2026-05-18,1913054.8399999999,740727.34,-0.08355571759712388,0.9130548399999998,1728648.04,623568.04,-0.14648227825564453,0.7286480399999999,2204537.99,850511.49,-0.0855980760999826,1.2045379900000004,2003282.1,38.0,-0.02865863264382973,1.0032821000000003
2026-05-19,1947117.09,1317210.59,-0.06723827932740989,0.9471170900000001,1710116.04,623568.04,-0.15563242915586273,0.71011604,2243881.74,1516569.24,-0.06927901022013294,1.2438817400000004,1965285.9,38.0,-0.04708203934343469,0.9652858999999998
2026-05-20,1884548.6400000001,744090.94,-0.09721154358642625,0.8845486400000002,1641628.54,599241.54,-0.1894480432168757,0.6416285400000001,2171736.79,856192.09,-0.09920341223947426,1.1717367900000002,1952620.5,38.0,-0.05322317490996964,0.9526205000000001
2026-05-21,1950807.19,801431.69,-0.06547054587001744,0.9508071899999999,1702064.54,696673.54,-0.159607846810358,0.7020645400000001,2248536.34,924026.84,-0.06734836751209572,1.2485363399999998,2023335.65,38.0,-0.01893516799681616,1.02333565
2026-05-22,2007213.0899999999,801431.69,-0.03844943624579544,1.00721309,1751199.54,696673.54,-0.13534750445755095,0.75119954,2313540.2399999998,924026.84,-0.04038594205577395,1.3135402399999996,2053943.7,38.0,-0.004094090377690041,1.0539437
2026-05-25,2050798.69,801431.69,-0.017569860250421065,1.0507986900000001,1768412.54,163392.54,-0.12684860809205045,0.7684125400000001,2382006.84,175759.34,-0.01198725215027907,1.3820068399999998,2127825.1999999997,38.0,0.0,1.1278251999999998
2026-05-26,2004161.89,801431.69,-0.039911106207367264,1.0041618899999998,1745969.04,163392.54,-0.1379300570305917,0.7459690400000001,2341910.04,175759.34,-0.02861866935812407,1.3419100400000001,2113048.9,38.0,-0.006944320426320649,1.1130489
2026-05-27,1971645.3900000001,243142.69,-0.05548805668765411,0.9716453900000002,1695791.04,163392.54,-0.1627053792770382,0.69579104,2291156.04,175759.34,-0.04967049765781306,1.2911560400000002,2164765.9499999997,38.0,0.0,1.1647659499999996
2026-05-28,1979055.0899999999,243142.69,-0.051938457869399435,0.9790550899999999,1627167.04,163392.54,-0.19658839003554096,0.62716704,2239739.2399999998,175759.34,-0.07099724324081058,1.2397392399999996,2121492.5,38.0,-0.019989897753149632,1.1214925
2026-05-29,2085598.79,243142.69,-0.0008989567273163246,1.0855987900000001,1690842.54,163392.54,-0.1651486947168035,0.69084254,2327946.94,175759.34,-0.034410307135075424,1.32794694,2224926.6,38.0,0.0,1.2249266000000003
2026-06-01,2015177.5899999999,243142.69,-0.0346340618327976,1.01517759,1637052.54,163392.54,-0.19170743726605544,0.63705254,2251558.2399999998,175759.34,-0.06609493881802564,1.2515582399999996,2227037.5,38.0,0.0,1.2270374999999998
2026-06-02,1987191.99,795808.99,-0.04804049565443014,0.9871919899999999,1602983.04,648798.54,-0.20852920858566382,0.60298304,2196434.64,812478.64,-0.088959197053056,1.19643464,2231259.3000000003,38.0,0.0,1.2312593000000005
2026-06-03,2042346.49,168744.49,-0.021618866165863393,1.04234649,1606491.04,612279.04,-0.20679713814761258,0.6064910400000001,2215079.64,119077.14,-0.08122559302878796,1.2150796400000003,2271366.4,38.0,0.0,1.2713663999999998
2026-06-04,2010738.49,168744.49,-0.036760601924044845,1.01073849,1566987.04,612279.04,-0.22630218677497171,0.5669870400000001,2132063.14,119077.14,-0.11565931458849021,1.13206314,2239702.9,38.0,-0.013940287220943315,1.2397028999999997
2026-06-05,1967720.49,168744.49,-0.05736827051571303,0.96772049,1546527.04,612279.04,-0.23640428516793865,0.54652704,2136036.14,119077.14,-0.11401138705894254,1.1360361400000003,2198540.35,38.0,-0.032062660608169535,1.19854035
2026-06-08,1822028.99,168744.49,-0.12716143032377092,0.82202899,1462504.04,612279.04,-0.27789053215094284,0.46250404,2020898.14,119077.14,-0.16176851766479816,1.02089814,2130991.5500000003,38.0,-0.061801940012848444,1.13099155
2026-06-09,1936973.49,1232973.49,-0.07209754631161303,0.93697349,1505339.04,1505339.04,-0.25674080660535425,0.50533904,2087358.64,1320852.14,-0.1342019212445853,1.0873586399999997,2184819.5,38.0,-0.03810345173724494,1.1848195000000001
2026-06-10,1980289.49,654288.49,-0.0513471215425233,0.9802894900000001,1486150.54,1055514.04,-0.26621510352683264,0.48615054000000013,2008446.1400000001,697286.14,-0.1669333788774655,1.0084461400000002,2116215.25,38.0,-0.0683074073826222,1.1162152500000002
2026-06-11,1988118.49,75253.49,-0.047596658075970466,0.98811849,1496330.54,617428.04,-0.261188741765327,0.49633054,2006469.6400000001,801756.14,-0.16775319482565354,1.0064696400000002,2107771.65,38.0,-0.07202481730820709,1.10777165
2026-06-12,1952066.49,75253.49,-0.06486728125851782,0.95206649,1470920.54,617428.04,-0.2737348962211087,0.47092054000000005,1972551.3900000001,803458.39,-0.18182186281686463,0.9725513900000002,2152100.5500000003,38.0,-0.05250841519888627,1.1521005500000001
2026-06-15,2023559.49,619346.49,-0.030618732961894546,1.0235594899999998,1465683.04,553928.54,-0.27632090503504625,0.46568304000000005,1965149.8900000001,722338.89,-0.18489186926286194,0.9651498900000002,2221760.25,38.0,-0.021839783312811112,1.22176025
2026-06-16,1922837.49,619346.49,-0.07886936283520363,0.92283749,1465081.04,112393.54,-0.27661814175218047,0.46508104000000006,1981559.8900000001,722338.89,-0.17808530224552543,0.9815598900000002,2235481.1,38.0,-0.015798992183735705,1.2354810999999999
2026-06-17,1964017.49,45405.49,-0.05914218368682622,0.96401749,1483428.54,112393.54,-0.26755908748703083,0.48342854,2033052.89,110092.89,-0.15672695030014416,1.03305289,2237592.0,38.0,-0.014869639702339454,1.2375919999999998
2026-06-18,1998748.49,45405.49,-0.04250438235117071,0.9987484900000001,1505018.04,112393.54,-0.2568992999379126,0.50501804,2065061.89,110092.89,-0.14345020419058152,1.06506189,2265033.6999999997,38.0,-0.002788057444188752,1.2650336999999996
2026-06-22,1992927.49,45405.49,-0.04529291828664195,0.99292749,1499320.54,112393.54,-0.2597124331536471,0.49932054000000003,2045970.89,110092.89,-0.15136880083457727,1.04597089,2346303.35,38.0,0.0,1.34630335
2026-06-23,1917911.49,45405.49,-0.08122915119083518,0.91791149,1463193.54,112393.54,-0.2775500924225972,0.46319354,1964518.89,110092.89,-0.18515359648942753,0.9645188899999999,2324138.9,38.0,-0.009446540661504854,1.3241389
2026-06-24,1925390.49,773845.49,-0.07764635437561629,0.9253904900000001,1470652.04,112393.54,-0.27386746774694015,0.47065204000000005,1976471.89,110092.89,-0.1801957113243926,0.9764718899999998,2261867.35,38.0,-0.03598682156763744,1.2618673500000002
2026-06-25,1955374.49,773845.49,-0.06328259187962437,0.9553744900000001,1508358.04,112393.54,-0.25525017928138716,0.5083580400000001,2024851.89,110092.89,-0.16012857468217812,1.0248518899999999,2262922.8000000003,38.0,-0.03553698629804192,1.2629228000000001
2026-06-26,1876879.49,173059.49,-0.10088543129807703,0.8768794900000001,1448507.54,112393.54,-0.2848012858243134,0.44850754000000004,1957500.89,110092.89,-0.18806453416935853,0.9575008899999999,2176375.9,38.0,-0.0724234784048704,1.1763759
2026-06-29,1802693.49,688610.49,-0.13642405471482122,0.80269349,1424249.04,112393.54,-0.2967788886525533,0.4242490400000001,1908207.8900000001,659846.89,-0.20851036646585863,0.9082078900000001,2204873.0500000003,38.0,-0.060277926125792636,1.2048730500000002
2026-06-30,1849637.49,150097.49,-0.11393564534276135,0.8496374899999999,1516075.54,112393.54,-0.2514396736925444,0.5160755400000001,1964524.89,89098.89,-0.18515110779947608,0.9645248899999999,2275588.1999999997,38.0,-0.03013896306289654,1.2755881999999996
2026-07-01,1896529.49,150097.49,-0.09147214644461388,0.89652949,1479511.54,112393.54,-0.2694931011432016,0.47951154000000007,1925182.89,89098.89,-0.20146944781142317,0.9251828899999999,2308307.15,38.0,-0.01619406970543691,1.30830715
2026-07-02,2013641.88,150097.49,-0.03536973998456916,1.0136418799999998,1525607.51,112393.54,-0.24673327590081373,0.5256075099999999,1977181.15,89098.89,-0.17990152328522646,0.9771811499999998,2296697.1999999997,38.0,-0.021142257670987208,1.2966971999999997
2026-07-03,2102395.88,150097.49,0.0,1.10239588,1539324.51,112393.54,-0.2399605249889698,0.5393245099999999,2015245.15,89098.89,-0.16411327423294764,1.0152451499999997,2287198.15,38.0,-0.02519077509734624,1.28719815
2026-07-06,2060323.88,150097.49,-0.02001145474086452,1.0603238799999999,1492638.51,112393.54,-0.2630116767765581,0.4926385099999999,1969029.15,89098.89,-0.1832828233659899,0.9690291499999999,2285087.25,38.0,-0.026090445636537174,1.2850872500000001
2026-07-07,1961740.88,150097.49,-0.06690224297813974,0.9617408799999998,1435909.01,112393.54,-0.29102179362816216,0.43590901000000004,1883250.15,89098.89,-0.21886237925752594,0.8832501499999998,2241813.8000000003,38.0,-0.04453369168995125,1.2418138
2026-07-08,1994326.88,862617.49,-0.051402783380644745,0.9943268799999998,1468024.01,561877.54,-0.2751650541418409,0.46802400999999993,1902922.1500000001,692146.89,-0.2107027944698937,0.9029221500000002,2238647.4499999997,38.0,-0.045883197498737927,1.2386474499999998
2026-07-09,1981567.88,862617.49,-0.05747157381225465,0.9815678799999998,1464485.28,561877.54,-0.2769122974774295,0.4644852800000001,1889083.1500000001,692146.89,-0.21644295784301493,0.88908315,2233370.1999999997,38.0,-0.048132373846715204,1.2333701999999995
2026-07-13,1935051.88,862617.49,-0.07959680742905562,0.9350518799999998,1390260.78,81033.04,-0.3135605478278096,0.39026078,1838879.1500000001,692146.89,-0.2372666562304836,0.8388791500000001,2237592.0,38.0,-0.04633303276833323,1.2375919999999998
2026-07-14,1893674.88,840192.49,-0.09927768694067263,0.8936748799999998,1342759.78,849846.54,-0.33701410480553806,0.34275977999999996,1793940.1500000001,739492.89,-0.25590652918551615,0.7939401500000001,2203817.6,38.0,-0.06072776139538816,1.2038176000000003
2026-07-15,1881403.88,753272.49,-0.10511436124009144,0.8814038799999999,1320041.03,439537.29,-0.34823145807363287,0.32004103000000006,1784101.6500000001,712269.39,-0.25998735853347876,0.7841016500000002,2243924.6999999997,38.0,-0.04363402115076054,1.2439246999999996
2026-07-16,1900651.88,753272.49,-0.09595909215727727,0.9006518799999998,1329259.03,439537.29,-0.3436800825611025,0.32925903,1802233.6500000001,712269.39,-0.2524665375000634,0.8022336500000002,2246035.6,38.0,-0.042734350611569494,1.2460356
2026-07-17,1827648.88,753272.49,-0.13068280936699705,0.8276488799999999,1271185.03,439537.29,-0.372354044539263,0.27118503000000005,1732929.6500000001,712269.39,-0.28121256556645513,0.7329296500000002,2114104.35,38.0,-0.09896375931100299,1.1141043500000003
2026-07-20,1793217.38,1187765.99,-0.14706007700129242,0.79321738,1242361.03,800893.79,-0.3865858570553373,0.2423610300000001,1700209.65,1125110.39,-0.29478422143526994,0.7002096499999999,2094050.8,38.0,-0.1075106294333169,1.0940508000000002
2026-07-21,1851661.38,1187765.99,-0.11926131628454295,0.8516613799999999,1283800.03,800893.79,-0.3661254046943325,0.2838000300000001,1755575.65,1125110.39,-0.2718194201261992,0.7555756499999999,2176375.9,38.0,-0.0724234784048704,1.1763759
2026-07-22,1916257.38,1199549.38,-0.08853637022918825,0.9162573799999998,1329601.03,810053.26,-0.3435112205058536,0.3296010300000001,1816769.65,1137807.65,-0.2464372713109103,0.8167696499999999,2204873.05,38.0,-0.06027792612579286,1.2048730499999998
2026-07-23,1987005.38,1199549.38,-0.054885238835228334,0.9870053799999998,1379764.03,810053.26,-0.3187433044899003,0.37976403000000003,1883791.65,1137807.65,-0.21863777498940362,0.8837916499999998,2205928.5,38.0,-0.059828090856197336,1.2059285000000002
2026-07-24,1937789.38,1199549.38,-0.07829472154407002,0.9377893799999999,1344868.03,810053.26,-0.33597315910969383,0.34486803,1837167.65,1137807.65,-0.23797655503914739,0.8371676499999998,2159488.7,38.0,-0.07962084271839787,1.1594887000000003
2026-07-27,1863965.38,1199549.38,-0.1134089456073325,0.8639653799999998,1292524.03,810053.26,-0.36181794103938414,0.29252403000000005,1767231.65,1137807.65,-0.26698472511376325,0.7672316499999998,2154211.45,38.0,-0.08187001906637514,1.15421145
2026-07-28,1797831.38,1199549.38,-0.14486543799733853,0.7978313799999999,1245632.53,810053.26,-0.3849705581847317,0.24563252999999996,1704580.65,1137807.65,-0.2929712108056065,0.7045806499999998,2063442.75,38.0,-0.1205558522515855,1.06344275
2026-07-29,1743608.38,1730270.38,-0.17065648930019783,0.74360838,1207006.53,1163866.26,-0.4040420954538785,0.20700653000000013,1652027.65,1491620.65,-0.3147692313090852,0.65202765,1990616.7,38.0,-0.15159448585367286,0.9906166999999999
2026-07-30,1742865.38,1742865.38,-0.17100989562441493,0.7428653799999998,1205243.28,1193868.51,-0.404912697848375,0.20524328000000014,1643123.15,1643123.15,-0.31846265458793177,0.6431231499999999,1986394.9,38.0,-0.15339382693205472,0.9863948999999999
2026-07-31,1742865.38,1742865.38,-0.17100989562441493,0.7428653799999998,1205243.28,1193868.51,-0.404912697848375,0.20524328000000014,1643123.15,1643123.15,-0.31846265458793177,0.6431231499999999,2183764.05,38.0,-0.06927463151770219,1.1837640499999997
2026-08-03,1742865.38,1742865.38,-0.17100989562441493,0.7428653799999998,1205243.28,1193868.51,-0.404912697848375,0.20524328000000014,1643123.15,1643123.15,-0.31846265458793177,0.6431231499999999,2165821.4,38.0,-0.07692183110082518,1.1658214
2026-08-04,1742865.38,1742865.38,-0.17100989562441493,0.7428653799999998,1205243.28,1193868.51,-0.404912697848375,0.20524328000000014,1643123.15,1643123.15,-0.31846265458793177,0.6431231499999999,2137324.25,38.0,-0.08906738337990272,1.1373242499999998
2026-08-05,1735049.68,1213588.68,-0.1747274162276231,0.7350496799999999,1199809.25,827823.73,-0.40759574309423685,0.19980924999999994,1635743.17,1144113.92,-0.3215237349326364,0.63574317,2203817.5999999996,38.0,-0.06072776139538838,1.2038175999999998
2026-08-06,1728823.28,1213588.68,-0.17768898976343117,0.7288232800000001,1183419.45,461067.73,-0.4156881855302609,0.18341944999999993,1629872.97,1144113.92,-0.3239585862248465,0.6298729699999999,2193263.0999999996,38.0,-0.06522611409134305,1.1932630999999998
2026-08-07,1727266.68,1213588.68,-0.1784293831473832,0.7272666799999998,1217646.0,472442.5,-0.3987888709773868,0.217646,1628405.42,1144113.92,-0.32456729904789905,0.62840542,2183764.05,38.0,-0.06927463151770219,1.1837640499999997
2026-08-10,1727266.68,1213588.68,-0.1784293831473832,0.7272666799999998,1198763.0,472442.5,-0.40811232767115,0.19876300000000002,1628405.42,1144113.92,-0.32456729904789905,0.62840542,2213316.65,12703.4,-0.056679243969029014,1.2133166499999999
2026-08-11,1718042.5299999998,689319.83,-0.1828168299112154,0.7180425299999997,1175972.15,108588.65,-0.4193652802204829,0.17597215,1604012.3699999999,165176.07,-0.3346850887847814,0.60401237,2220676.8,1169.4,-0.05354233074764192,1.2206767999999997
2026-08-12,1721155.73,689319.83,-0.1813360431433113,0.72115573,1196187.0499999998,108588.65,-0.4093841996337778,0.1961870499999998,1630828.47,165176.07,-0.32356226235007113,0.63082847,2233384.1,198.5,-0.04812644963405943,1.2333840999999999
2026-08-13,1721978.73,689319.83,-0.18094458499414479,0.72197873,1233707.2,108588.65,-0.39085867436403776,0.2337072,1680452.02,165176.07,-0.30297932397632654,0.6804520199999999,2265205.2700000005,70.97,-0.03456419222177709,1.2652052700000005
2026-08-14,1735750.83,689319.83,-0.1743939157643326,0.73575083,1281043.7499999998,108588.65,-0.3674863143599518,0.2810437499999998,1743370.27,165176.07,-0.2768819878862271,0.74337027,2258836.5700000003,70.97,-0.037278547123925754,1.2588365700000002
2026-08-17,1789291.83,689319.83,-0.14892725626916647,0.78929183,1296037.7499999998,108588.65,-0.36008304635877164,0.29603774999999977,1764542.7700000003,165176.07,-0.268100023219892,0.7645427700000003,2259898.0200000005,70.97,-0.0368261546402342,1.2598980200000005
2026-08-18,1827642.83,689319.83,-0.1306856870362587,0.82764283,1353017.15,108588.65,-0.33194954170714774,0.3530171499999999,1840865.07,165176.07,-0.23644293303907182,0.84086507,2226993.0700000003,70.97,-0.050850321634668294,1.2269930700000002
2026-08-19,1833453.13,689319.83,-0.12792203055496854,0.8334531299999999,1347205.75,108588.65,-0.33481891289976196,0.3472057500000001,1833317.47,165176.07,-0.23957353908538803,0.8333174699999999,2188780.87,70.97,-0.0671364510475595,1.18878087
2026-08-20,1879765.9300000002,689319.83,-0.10589344857353877,0.8797659300000003,1398221.0999999999,108588.65,-0.30963015017974016,0.3982210999999998,1901949.62,165176.07,-0.21110618207631482,0.9019496200000001,2203641.17,70.97,-0.06080295627587973,1.20364117
2026-08-21,1945204.9300000002,689319.83,-0.07476753141278025,0.9452049300000003,1441998.0999999999,108588.65,-0.2880153133591675,0.44199809999999995,1961477.62,165176.07,-0.1864150595042242,0.9614776200000001,2221685.8200000003,70.97,-0.0531122840531254,1.2216858200000003
2026-08-24,1915872.5300000003,102913.83,-0.08871942328958504,0.9158725300000004,1409778.2999999998,108588.65,-0.30392379770920264,0.4097782999999997,1918700.4200000002,165176.07,-0.20415825746973337,0.9187004200000002,2203641.17,70.97,-0.06080295627587973,1.20364117
2026-08-25,1935630.5300000003,102913.83,-0.07932157382271865,0.9356305300000003,1461549.2999999998,108588.65,-0.27836193378435936,0.4615492999999997,1987449.9200000002,165176.07,-0.17564222583302558,0.9874499200000002,2216378.5700000003,70.97,-0.05537424647158251,1.2163785700000003
2026-08-26,1917490.23,102913.83,-0.08794996782432807,0.9174902300000001,1463836.7,108588.65,-0.2772325330089892,0.4638366999999999,1988840.52,165176.07,-0.175065430458601,0.9888405200000001,2248222.0700000003,70.97,-0.04180247196083997,1.2482220700000002
2026-08-27,1897593.5300000003,102913.83,-0.0974137896427002,0.8975935300000002,1508034.2999999998,108588.65,-0.2554100254853824,0.5080342999999998,2046963.9200000002,165176.07,-0.15095691020415514,1.04696392,2251406.42,70.97,-0.04044529450976586,1.25140642
2026-08-28,1926864.98,757123.58,-0.08349088850002884,0.92686498,1480964.4500000002,562785.4,-0.2687757287201259,0.4809644500000001,2010629.27,782066.82,-0.16602785659516472,1.01062927,2270512.5200000005,70.97,-0.03230222980331998,1.2705125200000005
2026-08-31,1947670.98,757123.58,-0.07359456012632593,0.94767098,1464635.9500000002,562785.4,-0.27683790436086697,0.46463595000000013,1989483.27,782066.82,-0.17479882954754722,0.98948327,2255652.22,70.97,-0.038635724574999974,1.25565222
2026-09-01,1943980.2800000003,176713.58,-0.075350033505583,0.9439802800000003,1441392.7999999998,129192.4,-0.2883141794470103,0.4413927999999998,1954851.9200000002,189475.82,-0.1891632783394933,0.9548519200000001,2302356.0200000005,70.97,-0.01873045529257744,1.3023560200000004
2026-09-02,1965151.08,176713.58,-0.06528018881011122,0.96515108,1440118.15,129192.4,-0.2889435362269025,0.44011815,1953464.07,189475.82,-0.18973893306435685,0.9534640700000001,2267328.17,70.97,-0.033659407254394536,1.2673281699999999
2026-09-03,1893809.7800000003,176713.58,-0.09921352205085165,0.8938097800000002,1396437.2999999998,129192.4,-0.3105108991100126,0.3964372999999999,1895330.9200000002,189475.82,-0.21385149743997378,0.8953309200000001,2254590.7700000005,70.97,-0.03908811705869131,1.2545907700000005
2026-09-04,1885847.08,176713.58,-0.10300096288240435,0.88584708,1415957.9,629708.4,-0.30087262824541083,0.4159579,1922308.3199999998,852416.32,-0.20266176672373426,0.9223083199999997,2290680.0700000003,70.97,-0.023706772613183102,1.2906800700000005
2026-09-07,1966445.98,834896.58,-0.0646642724585248,0.96644598,1448180.2000000002,629708.4,-0.2849629095236268,0.44818020000000014,1966103.52,852416.32,-0.18449632102978808,0.9661035200000001,2333138.0700000003,70.97,-0.005611073265526345,1.3331380700000004
2026-09-08,1985022.48,834896.58,-0.05582840088137919,0.98502248,1461208.2000000002,629708.4,-0.27853035146577865,0.4612082000000002,1983854.02,852416.32,-0.177133739199122,0.9838540200000001,2327830.8200000003,70.97,-0.007873035683983454,1.3278308200000004
2026-09-09,2008861.48,834896.58,-0.04448943269428396,1.0088614800000002,1478662.4500000002,629708.4,-0.2699123382265096,0.4786624500000003,2007591.77,852416.32,-0.16728775588310862,1.0075917699999999,2327830.8200000003,70.97,-0.007873035683983454,1.3278308200000004
