adjusted_stop_floor,attempt,date,event_id,exit_date,market_on,observations,outcome,parent,root,signal_date,stock_id,filled,cohort,order_failures
49.64941671016716,1,2025-02-06,2025-01-g011-2025-01-02-3594-reclaim-2025-02-05,2025-01-15,True,"[{'close': 50.91499007728907, 'excess5': 0.06949323053057588, 'ma10': 48.02850928227641, 'signal_date': '2025-02-05'}]",candidate,2025-01-g011-2025-01-02-3594,2025-01-g011-2025-01-02-3594,2025-02-05,3594,False,,['slots_full']
421.6571818181818,1,2025-08-06,2025-06-g020-2025-06-25-6739-reclaim-2025-08-05,2025-07-31,True,"[{'close': 438.75272727272727, 'excess5': 0.032311095871751405, 'ma10': 436.0846363636363, 'signal_date': '2025-08-05'}]",candidate,2025-06-g020-2025-06-25-6739,2025-06-g020-2025-06-25-6739,2025-08-05,6739,False,,['slots_full']
69.25661577608142,1,2025-10-09,2025-09-g005-2025-09-08-5309-reclaim-2025-10-08,2025-09-16,True,"[{'close': 70.25025445292621, 'excess5': 0.00042475602428404535, 'ma10': 66.26576335877863, 'signal_date': '2025-10-08'}]",candidate,2025-09-g005-2025-09-08-5309,2025-09-g005-2025-09-08-5309,2025-10-08,5309,True,"{'event_id': '2025-09-g005-2025-09-08-5309-reclaim-2025-10-08', 'stock_id': '5309', 'name': '系統電', 'entry_date': '2025-10-09', 'buy_qty': 5036, 'sell_qty': 5036, 'first_sell': '2025-10-20', 'exit_date': '2025-10-20', 'exit_reasons': ['loss12'], 'pnl': -47037.39999999998, 'remaining_value': 0.0}",[]
3726.8545830461753,1,2025-12-01,2025-10-g008-2025-10-14-2059-reclaim-2025-11-28,2025-11-17,True,"[{'close': 3801.5909717436252, 'excess5': 0.04049840914342595, 'ma10': 3565.4239834596833, 'signal_date': '2025-11-28'}]",candidate,2025-10-g008-2025-10-14-2059,2025-10-g008-2025-10-14-2059,2025-11-28,2059,False,,['slots_full']
338.65977382875604,1,2025-12-26,2025-10-g016-2025-10-20-6584-reclaim-2025-12-24,2025-12-09,True,"[{'close': 339.6558319870759, 'excess5': 0.04420735591648284, 'ma10': 327.65333117932147, 'signal_date': '2025-12-24'}]",candidate,2025-10-g016-2025-10-20-6584,2025-10-g016-2025-10-20-6584,2025-12-24,6584,False,,['slots_full']
224.30753138075315,1,2026-02-06,2025-12-g010-2025-12-10-3105-reclaim-2026-02-05,2026-02-03,True,"[{'close': 238.9958158995816, 'excess5': 0.0033206502940158478, 'ma10': 238.24895397489541, 'signal_date': '2026-02-05'}]",candidate,2025-12-g010-2025-12-10-3105,2025-12-g010-2025-12-10-3105,2026-02-05,3105,True,"{'event_id': '2025-12-g010-2025-12-10-3105-reclaim-2026-02-05', 'stock_id': '3105', 'name': '穩懋', 'entry_date': '2026-02-06', 'buy_qty': 1730, 'sell_qty': 1730, 'first_sell': '2026-03-05', 'exit_date': '2026-03-05', 'exit_reasons': ['close_confirmed_peak15'], 'pnl': 127176.5, 'remaining_value': 0.0}",[]
67.88940659340659,1,2026-02-25,2025-11-g009-2025-11-20-6173-reclaim-2026-02-24,2026-02-04,True,"[{'close': 72.71736263736264, 'excess5': 0.09963582461020448, 'ma10': 63.965450549450544, 'signal_date': '2026-02-24'}]",candidate,2025-11-g009-2025-11-20-6173,2025-11-g009-2025-11-20-6173,2026-02-24,6173,False,,['slots_full']
299.6410041841004,2,2026-03-13,2025-12-g010-2025-12-10-3105-reclaim-2026-03-12,2026-03-05,True,"[{'close': 305.21757322175733, 'excess5': 0.032002583979328425, 'ma10': 302.1305439330544, 'signal_date': '2026-03-12'}]",candidate,2025-12-g010-2025-12-10-3105-reclaim-2026-02-05,2025-12-g010-2025-12-10-3105,2026-03-12,3105,False,,['resource_slots_locked']
1242.1501272727276,1,2026-03-20,2026-03-g024-2026-03-06-3081-reclaim-2026-03-19,2026-03-18,True,"[{'close': 1397.816, 'excess5': 0.07727734261676811, 'ma10': 1329.286709090909, 'signal_date': '2026-03-19'}]",candidate,2026-03-g024-2026-03-06-3081,2026-03-g024-2026-03-06-3081,2026-03-19,3081,True,"{'event_id': '2026-03-g024-2026-03-06-3081-reclaim-2026-03-19', 'stock_id': '3081', 'name': '聯亞', 'entry_date': '2026-03-20', 'buy_qty': 331, 'sell_qty': 331, 'first_sell': '2026-03-25', 'exit_date': '2026-03-25', 'exit_reasons': ['loss12'], 'pnl': -35871.0, 'remaining_value': 0.0}",[]
311.4263157894737,1,2026-05-04,2026-04-g005-2026-04-10-3030-reclaim-2026-04-30,2026-04-27,True,"[{'close': 335.07739938080493, 'excess5': 0.013955283841226462, 'ma10': 327.250773993808, 'signal_date': '2026-04-30'}]",candidate,2026-04-g005-2026-04-10-3030,2026-04-g005-2026-04-10-3030,2026-04-30,3030,False,,['slots_full']
324.1903938223938,1,2026-05-06,2026-03-g017-2026-03-26-2455-reclaim-2026-05-05,2026-04-28,True,"[{'close': 383.88353925353925, 'excess5': 0.22356616441429789, 'ma10': 340.777341055341, 'signal_date': '2026-05-05'}]",candidate,2026-03-g017-2026-03-26-2455,2026-03-g017-2026-03-26-2455,2026-05-05,2455,False,,['slots_full']
200.7975825,1,2026-05-25,2026-05-g004-2026-05-08-6278-reclaim-2026-05-22,2026-05-21,True,"[{'close': 238.17675000000003, 'excess5': 0.09119496855345921, 'ma10': 211.78287750000004, 'signal_date': '2026-05-22'}]",candidate,2026-05-g004-2026-05-08-6278,2026-05-g004-2026-05-08-6278,2026-05-22,6278,True,"{'event_id': '2026-05-g004-2026-05-08-6278-reclaim-2026-05-22', 'stock_id': '6278', 'name': '台表科', 'entry_date': '2026-05-25', 'buy_qty': 2153, 'sell_qty': 2153, 'first_sell': '2026-06-03', 'exit_date': '2026-06-03', 'exit_reasons': ['close_confirmed_peak15'], 'pnl': -65411.5, 'remaining_value': 0.0}",[]
2540.8897644151566,1,2026-05-26,2026-02-g010-2026-02-03-3017-reclaim-2026-05-25,2026-05-07,True,"[{'close': 2557.276194398682, 'excess5': 0.006294024284134059, 'ma10': 2469.8819011532123, 'signal_date': '2026-05-25'}]",candidate,2026-02-g010-2026-02-03-3017,2026-02-g010-2026-02-03-3017,2026-05-25,3017,False,,['slots_full']
718.8706722972972,1,2026-05-26,2026-04-g020-2026-04-27-6488-reclaim-2026-05-25,2026-05-18,True,"[{'close': 784.9651351351351, 'excess5': 0.06676912207390684, 'ma10': 721.2116216216216, 'signal_date': '2026-05-25'}]",candidate,2026-04-g020-2026-04-27-6488,2026-04-g020-2026-04-27-6488,2026-05-25,6488,False,,['slots_full']
58.91748531139836,1,2026-06-15,2026-05-g007-2026-05-19-2355-reclaim-2026-06-12,2026-06-02,True,"[{'close': 60.13781433607521, 'excess5': 0.13303673714148057, 'ma10': 55.900831962397184, 'signal_date': '2026-06-12'}]",candidate,2026-05-g007-2026-05-19-2355,2026-05-g007-2026-05-19-2355,2026-06-12,2355,False,,['resource_slots_locked']
208.64769375000003,2,2026-06-16,2026-05-g004-2026-05-08-6278-reclaim-2026-06-15,2026-06-03,True,"[{'close': 209.98440000000002, 'excess5': 0.05107554184613283, 'ma10': 198.80467500000003, 'signal_date': '2026-06-15'}]",candidate,2026-05-g004-2026-05-08-6278-reclaim-2026-05-22,2026-05-g004-2026-05-08-6278,2026-06-15,6278,True,"{'event_id': '2026-05-g004-2026-05-08-6278-reclaim-2026-06-15', 'stock_id': '6278', 'name': '台表科', 'entry_date': '2026-06-16', 'buy_qty': 2044, 'sell_qty': 2044, 'first_sell': '2026-07-14', 'exit_date': '2026-07-14', 'exit_reasons': ['close_confirmed_peak15'], 'pnl': -80273.23, 'remaining_value': 0.0}",[]
388.3530759330759,1,2026-06-17,2026-05-g014-2026-05-20-2455-reclaim-2026-06-16,2026-06-09,True,"[{'close': 402.75491634491635, 'excess5': 0.0033938726839113365, 'ma10': 374.59683526383526, 'signal_date': '2026-06-16'}]",candidate,2026-05-g014-2026-05-20-2455,2026-05-g014-2026-05-20-2455,2026-06-16,2455,False,,['slots_full']
530.7854030769231,1,2026-06-23,2026-06-g002-2026-06-10-8021-reclaim-2026-06-22,2026-06-15,True,"[{'close': 578.6402461538462, 'excess5': 0.022786506044018884, 'ma10': 528.24576, 'signal_date': '2026-06-22'}]",candidate,2026-06-g002-2026-06-10-8021,2026-06-g002-2026-06-10-8021,2026-06-22,8021,False,,['slots_full']
560.15,1,2026-07-13,2026-06-g015-2026-06-12-4958-reclaim-2026-07-09,2026-07-08,True,"[{'close': 588.0, 'excess5': 0.010851121385008877, 'ma10': 587.7, 'signal_date': '2026-07-09'}]",candidate,2026-06-g015-2026-06-12-4958,2026-06-g015-2026-06-12-4958,2026-07-09,4958,True,"{'event_id': '2026-06-g015-2026-06-12-4958-reclaim-2026-07-09', 'stock_id': '4958', 'name': '臻鼎-KY', 'entry_date': '2026-07-13', 'buy_qty': 751, 'sell_qty': 751, 'first_sell': '2026-07-20', 'exit_date': '2026-07-20', 'exit_reasons': ['loss12'], 'pnl': -119488.0, 'remaining_value': 0.0}",[]
218.875,1,2026-08-06,2026-07-g018-2026-07-14-8039-reclaim-2026-08-05,2026-07-30,True,"[{'close': 220.0, 'excess5': 0.145770431789642, 'ma10': 202.4, 'signal_date': '2026-08-05'}]",candidate,2026-07-g018-2026-07-14-8039,2026-07-g018-2026-07-14-8039,2026-08-05,8039,True,"{'event_id': '2026-07-g018-2026-07-14-8039-reclaim-2026-08-05', 'stock_id': '8039', 'name': '台虹', 'entry_date': '2026-08-06', 'buy_qty': 1642, 'sell_qty': 1642, 'first_sell': '2026-09-04', 'exit_date': '2026-09-04', 'exit_reasons': ['close_confirmed_peak15'], 'pnl': 133760.0, 'remaining_value': 0.0}",[]
