cash_after,cash_change,date,kind,channel,event_id,stock_id,action_id
1000000.0,1000000.0,2019-01-02,initial_deposit,,,,
739415.0,-260585.0,2019-02-22,buy,board,liquid_universe-2019-02-21-6188,6188,
738873.6,-541.4,2019-02-22,buy,odd,liquid_universe-2019-02-21-6188,6188,
441471.6,-297402.0,2019-02-22,buy,board,liquid_universe-2019-02-21-3049,3049,
440579.1,-892.5,2019-02-22,buy,odd,liquid_universe-2019-02-21-3049,3049,
140008.1,-300571.0,2019-02-22,buy,board,liquid_universe-2019-02-21-3356,3356,
139110.5,-897.6,2019-02-22,buy,odd,liquid_universe-2019-02-21-3356,3356,
259822.5,120712.0,2019-05-09,sell,board,liquid_universe-2019-02-21-3356,3356,
260100.0,277.5,2019-05-09,sell,odd,liquid_universe-2019-02-21-3356,3356,
377047.0,116947.0,2019-05-10,sell,board,liquid_universe-2019-02-21-3356,3356,
377257.8,210.8,2019-05-10,sell,odd,liquid_universe-2019-02-21-3356,3356,
377406.9,149.1,2019-05-13,sell,odd,liquid_universe-2019-02-21-3356,3356,
127937.9,-249469.0,2019-05-13,buy,board,liquid_universe-2019-05-10-3227,3227,
117454.9,-10483.0,2019-05-13,buy,odd,liquid_universe-2019-05-10-3227,3227,
355757.9,238303.0,2019-05-29,sell,board,liquid_universe-2019-02-21-6188,6188,
355777.4,19.5,2019-05-29,sell,odd,liquid_universe-2019-02-21-6188,6188,
757906.4,402129.0,2019-05-29,sell,board,liquid_universe-2019-02-21-3049,3049,
758731.6,825.2,2019-05-29,sell,odd,liquid_universe-2019-02-21-3049,3049,
759158.6,427.0,2019-05-30,sell,odd,liquid_universe-2019-02-21-6188,6188,
759486.6,328.0,2019-05-30,sell,odd,liquid_universe-2019-02-21-3049,3049,
448277.6,-311209.0,2019-05-31,buy,board,liquid_universe-2019-05-30-2520,2520,
447606.0,-671.6,2019-05-31,buy,odd,liquid_universe-2019-05-30-2520,2520,
142961.0,-304645.0,2019-05-31,buy,board,liquid_universe-2019-05-30-2841,2841,
142559.0,-402.0,2019-05-31,buy,odd,liquid_universe-2019-05-30-2841,2841,
153582.0,11023.0,2019-08-01,dividend_payment,,,2520,2520-cash-2019-07-04
298140.0,144558.0,2019-08-06,sell,board,liquid_universe-2019-05-30-2841,2841,
298180.6,40.6,2019-08-06,sell,odd,liquid_universe-2019-05-30-2841,2841,
410657.6,112477.0,2019-08-07,sell,board,liquid_universe-2019-05-30-2841,2841,
410722.9,65.3,2019-08-07,sell,odd,liquid_universe-2019-05-30-2841,2841,
421707.22,10984.32,2019-08-08,dividend_payment,,,3227,3227-cash-2019-07-11
421867.87,160.65,2019-08-08,sell,odd,liquid_universe-2019-05-30-2841,2841,
192365.87,-229502.0,2019-08-08,buy,board,liquid_universe-2019-08-07-3680,3680,
190294.67,-2071.2,2019-08-08,buy,odd,liquid_universe-2019-08-07-3680,3680,
409817.67,219523.0,2019-08-12,sell,board,liquid_universe-2019-05-10-3227,3227,
410561.67,744.0,2019-08-12,sell,odd,liquid_universe-2019-05-10-3227,3227,
411298.67,737.0,2019-08-13,sell,odd,liquid_universe-2019-05-10-3227,3227,
397006.67,-14292.0,2019-08-13,buy,odd,liquid_universe-2019-08-12-6510,6510,
397828.67,822.0,2019-08-14,sell,odd,liquid_universe-2019-05-10-3227,3227,
399260.67,1432.0,2019-08-15,sell,odd,liquid_universe-2019-05-10-3227,3227,
401511.67,2251.0,2019-08-16,sell,odd,liquid_universe-2019-05-10-3227,3227,
403595.67,2084.0,2019-08-19,sell,odd,liquid_universe-2019-05-10-3227,3227,
404225.67,630.0,2019-08-20,sell,odd,liquid_universe-2019-05-10-3227,3227,
725011.67,320786.0,2019-08-30,sell,board,liquid_universe-2019-05-30-2520,2520,
725261.47,249.8,2019-09-02,sell,odd,liquid_universe-2019-05-30-2520,2520,
496060.47,-229201.0,2019-09-02,buy,board,liquid_universe-2019-08-30-6231,6231,
495660.97,-399.5,2019-09-02,buy,odd,liquid_universe-2019-08-30-6231,6231,
495735.97,75.0,2019-09-03,sell,odd,liquid_universe-2019-05-30-2520,2520,
495804.37,68.4,2019-09-05,sell,odd,liquid_universe-2019-05-30-2520,2520,
688469.37,192665.0,2019-09-05,sell,board,liquid_universe-2019-08-30-6231,6231,
688767.37,298.0,2019-09-05,sell,odd,liquid_universe-2019-08-30-6231,6231,
688833.07,65.7,2019-09-06,sell,odd,liquid_universe-2019-05-30-2520,2520,
446078.07,-242755.0,2019-09-06,buy,board,liquid_universe-2019-09-05-2367,2367,
432904.67,-13173.4,2019-09-06,buy,odd,liquid_universe-2019-09-05-2367,2367,
432970.67,66.0,2019-09-09,sell,odd,liquid_universe-2019-05-30-2520,2520,
433739.14,768.47,2019-09-11,dividend_payment,,,3680,3680-cash-2019-08-22
433775.44,36.3,2019-09-11,sell,odd,liquid_universe-2019-05-30-2520,2520,
792792.44,359017.0,2019-11-12,sell,board,liquid_universe-2019-08-07-3680,3680,
794610.94,1818.5,2019-11-12,sell,odd,liquid_universe-2019-08-07-3680,3680,
796097.94,1487.0,2019-11-13,sell,odd,liquid_universe-2019-08-07-3680,3680,
466555.94,-329542.0,2019-11-13,buy,board,liquid_universe-2019-11-12-5905,5905,
465854.69,-701.25,2019-11-13,buy,odd,liquid_universe-2019-11-12-5905,5905,
474462.69,8608.0,2019-11-14,sell,odd,liquid_universe-2019-08-12-6510,6510,
486958.69,12496.0,2019-11-15,sell,odd,liquid_universe-2019-08-12-6510,6510,
176731.69,-310227.0,2019-11-15,buy,board,liquid_universe-2019-11-14-6667,6667,
178627.69,1896.0,2019-11-18,sell,odd,liquid_universe-2019-08-12-6510,6510,
461158.69,282531.0,2019-11-21,sell,board,liquid_universe-2019-11-12-5905,5905,
461276.19,117.5,2019-11-21,sell,odd,liquid_universe-2019-11-12-5905,5905,
461268.99,-7.2,2019-11-22,sell,odd,liquid_universe-2019-11-12-5905,5905,
164445.99,-296823.0,2019-11-22,buy,board,liquid_universe-2019-11-21-3221,3221,
163995.99,-450.0,2019-11-22,buy,odd,liquid_universe-2019-11-21-3221,3221,
164084.59,88.6,2019-11-25,sell,odd,liquid_universe-2019-11-12-5905,5905,
164118.99,34.4,2019-11-26,sell,odd,liquid_universe-2019-11-12-5905,5905,
164139.69,20.7,2019-11-27,sell,odd,liquid_universe-2019-11-12-5905,5905,
164284.24,144.55,2019-11-28,sell,odd,liquid_universe-2019-11-12-5905,5905,
164338.24,54.0,2019-11-29,sell,odd,liquid_universe-2019-11-12-5905,5905,
164331.69,-6.55,2019-12-02,sell,odd,liquid_universe-2019-11-12-5905,5905,
390320.69,225989.0,2019-12-10,sell,board,liquid_universe-2019-09-05-2367,2367,
392784.19,2463.5,2019-12-10,sell,odd,liquid_universe-2019-09-05-2367,2367,
395736.79,2952.6,2019-12-11,sell,odd,liquid_universe-2019-09-05-2367,2367,
88123.79,-307613.0,2019-12-11,buy,board,liquid_universe-2019-12-10-6185,6185,
75908.09,-12215.7,2019-12-11,buy,odd,liquid_universe-2019-12-10-6185,6185,
79509.09,3601.0,2019-12-12,sell,odd,liquid_universe-2019-09-05-2367,2367,
81912.49,2403.4,2019-12-13,sell,odd,liquid_universe-2019-09-05-2367,2367,
82601.49,689.0,2019-12-16,sell,odd,liquid_universe-2019-09-05-2367,2367,
353784.49,271183.0,2019-12-17,sell,board,liquid_universe-2019-12-10-6185,6185,
357751.09,3966.6,2019-12-17,sell,odd,liquid_universe-2019-12-10-6185,6185,
359986.49,2235.4,2019-12-18,sell,odd,liquid_universe-2019-12-10-6185,6185,
87179.49,-272807.0,2019-12-18,buy,board,liquid_universe-2019-12-17-3260,3260,
84286.99,-2892.5,2019-12-18,buy,odd,liquid_universe-2019-12-17-3260,3260,
86747.99,2461.0,2019-12-19,sell,odd,liquid_universe-2019-12-10-6185,6185,
88626.49,1878.5,2019-12-20,sell,odd,liquid_universe-2019-12-10-6185,6185,
369695.49,281069.0,2019-12-31,sell,board,liquid_universe-2019-11-14-6667,6667,
128021.49,-241674.0,2020-01-02,buy,board,liquid_universe-2019-12-31-2492,2492,
95014.99,-33006.5,2020-01-02,buy,odd,liquid_universe-2019-12-31-2492,2492,
281733.99,186719.0,2020-01-09,sell,board,liquid_universe-2019-11-21-3221,3221,
351901.99,70168.0,2020-01-10,sell,board,liquid_universe-2019-11-21-3221,3221,
352025.59,123.6,2020-01-13,sell,odd,liquid_universe-2019-11-21-3221,3221,
341435.09,-10590.5,2020-01-13,buy,odd,liquid_universe-2020-01-10-3293,3293,
341462.69,27.6,2020-01-14,sell,odd,liquid_universe-2019-11-21-3221,3221,
341490.09,27.4,2020-01-15,sell,odd,liquid_universe-2019-11-21-3221,3221,
549120.09,207630.0,2020-01-31,sell,board,liquid_universe-2019-12-31-2492,2492,
573320.09,24200.0,2020-01-31,sell,odd,liquid_universe-2019-12-31-2492,2492,
573322.79,2.7,2020-02-03,sell,odd,liquid_universe-2019-11-21-3221,3221,
577825.79,4503.0,2020-02-03,sell,odd,liquid_universe-2019-12-31-2492,2492,
317667.79,-260158.0,2020-02-03,buy,board,liquid_universe-2020-01-31-3178,3178,
317592.79,-75.0,2020-02-03,buy,odd,liquid_universe-2020-01-31-3178,3178,
317593.64,0.85,2020-02-04,sell,odd,liquid_universe-2019-11-21-3221,3221,
317667.44,73.8,2020-02-05,sell,odd,liquid_universe-2019-11-21-3221,3221,
546853.44,229186.0,2020-02-12,sell,board,liquid_universe-2020-01-31-3178,3178,
546878.09,24.65,2020-02-12,sell,odd,liquid_universe-2020-01-31-3178,3178,
298414.09,-248464.0,2020-02-13,buy,board,liquid_universe-2020-02-12-4707,4707,
296716.94,-1697.15,2020-02-13,buy,odd,liquid_universe-2020-02-12-4707,4707,
522086.94,225370.0,2020-03-16,sell,board,liquid_universe-2019-12-17-3260,3260,
523300.94,1214.0,2020-03-16,sell,odd,liquid_universe-2019-12-17-3260,3260,
524295.64,994.7,2020-03-17,sell,odd,liquid_universe-2019-12-17-3260,3260,
746023.64,221728.0,2020-03-20,sell,board,liquid_universe-2020-02-12-4707,4707,
746274.19,250.55,2020-03-20,sell,odd,liquid_universe-2020-02-12-4707,4707,
746585.39,311.2,2020-03-23,sell,odd,liquid_universe-2020-02-12-4707,4707,
746736.59,151.2,2020-03-24,sell,odd,liquid_universe-2020-02-12-4707,4707,
746933.39,196.8,2020-03-25,sell,odd,liquid_universe-2020-02-12-4707,4707,
747126.59,193.2,2020-03-26,sell,odd,liquid_universe-2020-02-12-4707,4707,
747385.39,258.8,2020-03-27,sell,odd,liquid_universe-2020-02-12-4707,4707,
747434.89,49.5,2020-03-30,sell,odd,liquid_universe-2020-02-12-4707,4707,
747436.89,2.0,2020-03-31,sell,odd,liquid_universe-2020-02-12-4707,4707,
752687.89,5251.0,2020-04-23,sell,odd,liquid_universe-2020-01-10-3293,3293,
760574.89,7887.0,2020-04-24,sell,odd,liquid_universe-2020-01-10-3293,3293,
516738.89,-243836.0,2020-06-04,buy,board,liquid_universe-2020-06-03-3693,3693,
516055.89,-683.0,2020-06-04,buy,odd,liquid_universe-2020-06-03-3693,3693,
292362.89,-223693.0,2020-06-04,buy,board,liquid_universe-2020-06-03-1309,1309,
291212.69,-1150.2,2020-06-04,buy,odd,liquid_universe-2020-06-03-1309,1309,
78459.69,-212753.0,2020-06-04,buy,board,liquid_universe-2020-06-03-3556,3556,
72706.49,-5753.2,2020-06-04,buy,odd,liquid_universe-2020-06-03-3556,3556,
253924.49,181218.0,2020-06-11,sell,board,liquid_universe-2020-06-03-3556,3556,
255726.49,1802.0,2020-06-11,sell,odd,liquid_universe-2020-06-03-3556,3556,
256907.49,1181.0,2020-06-12,sell,odd,liquid_universe-2020-06-03-3556,3556,
42896.49,-214011.0,2020-06-12,buy,board,liquid_universe-2020-06-11-2417,2417,
44782.49,1886.0,2020-06-15,sell,odd,liquid_universe-2020-06-03-3556,3556,
265544.49,220762.0,2020-06-16,sell,board,liquid_universe-2020-06-03-3693,3693,
266124.49,580.0,2020-06-16,sell,odd,liquid_universe-2020-06-03-3693,3693,
62323.49,-203801.0,2020-06-17,buy,board,liquid_universe-2020-06-16-1799,1799,
61917.49,-406.0,2020-06-17,buy,odd,liquid_universe-2020-06-16-1799,1799,
240310.49,178393.0,2020-06-22,sell,board,liquid_universe-2020-06-16-1799,1799,
240400.49,90.0,2020-06-22,sell,odd,liquid_universe-2020-06-16-1799,1799,
90517.49,-149883.0,2020-06-23,buy,board,liquid_universe-2020-06-22-4192,4192,
90132.99,-384.5,2020-06-23,buy,odd,liquid_universe-2020-06-22-4192,4192,
90193.59,60.6,2020-06-24,sell,odd,liquid_universe-2020-06-16-1799,1799,
90195.54,1.95,2020-06-30,sell,odd,liquid_universe-2020-06-16-1799,1799,
90294.54,99.0,2020-07-01,sell,odd,liquid_universe-2020-06-16-1799,1799,
208430.54,118136.0,2020-07-29,sell,board,liquid_universe-2020-06-22-4192,4192,
208470.74,40.2,2020-07-29,sell,odd,liquid_universe-2020-06-22-4192,4192,
45812.74,-162658.0,2020-07-30,buy,board,liquid_universe-2020-07-29-4755,4755,
45309.74,-503.0,2020-07-30,buy,odd,liquid_universe-2020-07-29-4755,4755,
45576.54,266.8,2020-07-31,sell,odd,liquid_universe-2020-06-22-4192,4192,
46592.35,1015.81,2020-08-07,dividend_payment,,,2417,2417-cash-2020-07-06
186632.35,140040.0,2020-08-13,sell,board,liquid_universe-2020-07-29-4755,4755,
186911.95,279.6,2020-08-13,sell,odd,liquid_universe-2020-07-29-4755,4755,
51111.95,-135800.0,2020-08-14,buy,board,liquid_universe-2020-08-13-8046,8046,
51242.95,131.0,2020-08-17,sell,odd,liquid_universe-2020-07-29-4755,4755,
51246.05,3.1,2020-08-28,fractional_share_payment,,,1309,
55769.05,4523.0,2020-08-28,dividend_payment,,,1309,1309-cash-2020-07-23
177919.05,122150.0,2020-08-31,sell,board,liquid_universe-2020-08-13-8046,8046,
35857.05,-142062.0,2020-09-01,buy,board,liquid_universe-2020-08-31-3027,3027,
32831.55,-3025.5,2020-09-01,buy,odd,liquid_universe-2020-08-31-3027,3027,
385158.55,352327.0,2020-09-03,sell,board,liquid_universe-2020-06-03-1309,1309,
393652.05,8493.5,2020-09-03,sell,odd,liquid_universe-2020-06-03-1309,1309,
397457.05,3805.0,2020-09-04,sell,odd,liquid_universe-2020-06-03-1309,1309,
98194.05,-299263.0,2020-09-04,buy,board,liquid_universe-2020-09-03-3669,3669,
94125.05,-4069.0,2020-09-04,buy,odd,liquid_universe-2020-09-03-3669,3669,
347345.05,253220.0,2020-09-09,sell,board,liquid_universe-2020-09-03-3669,3669,
350590.05,3245.0,2020-09-09,sell,odd,liquid_universe-2020-09-03-3669,3669,
63147.05,-287443.0,2020-09-10,buy,board,liquid_universe-2020-09-09-6492,6492,
675631.05,612484.0,2020-09-11,sell,board,liquid_universe-2020-06-11-2417,2417,
511665.05,-163966.0,2020-09-14,buy,board,liquid_universe-2020-09-11-3686,3686,
511333.35,-331.7,2020-09-14,buy,odd,liquid_universe-2020-09-11-3686,3686,
759102.35,247769.0,2020-09-16,sell,board,liquid_universe-2020-09-09-6492,6492,
442310.35,-316792.0,2020-09-17,buy,board,liquid_universe-2020-09-16-6233,6233,
590971.35,148661.0,2020-09-30,sell,board,liquid_universe-2020-09-11-3686,3686,
591247.65,276.3,2020-09-30,sell,odd,liquid_universe-2020-09-11-3686,3686,
279812.65,-311435.0,2020-10-05,buy,board,liquid_universe-2020-09-30-6283,6283,
279581.65,-231.0,2020-10-05,buy,odd,liquid_universe-2020-09-30-6283,6283,
420240.65,140659.0,2020-12-02,sell,board,liquid_universe-2020-08-31-3027,3027,
420423.65,183.0,2020-12-02,sell,odd,liquid_universe-2020-08-31-3027,3027,
420690.4,266.75,2020-12-03,sell,odd,liquid_universe-2020-08-31-3027,3027,
98844.4,-321846.0,2020-12-03,buy,board,liquid_universe-2020-12-02-2206,2206,
88739.67,-10104.73,2020-12-03,buy,odd,liquid_universe-2020-12-02-2206,2206,
88941.8,202.13,2020-12-04,sell,odd,liquid_universe-2020-08-31-3027,3027,
89187.6,245.8,2020-12-07,sell,odd,liquid_universe-2020-08-31-3027,3027,
89585.6,398.0,2020-12-08,sell,odd,liquid_universe-2020-08-31-3027,3027,
89586.13,0.53,2020-12-09,sell,odd,liquid_universe-2020-08-31-3027,3027,
89627.16,41.03,2020-12-10,sell,odd,liquid_universe-2020-08-31-3027,3027,
89966.41,339.25,2020-12-11,sell,odd,liquid_universe-2020-08-31-3027,3027,
90586.44,620.03,2020-12-14,sell,odd,liquid_universe-2020-08-31-3027,3027,
90628.37,41.93,2020-12-15,sell,odd,liquid_universe-2020-08-31-3027,3027,
90775.37,147.0,2020-12-16,sell,odd,liquid_universe-2020-08-31-3027,3027,
91065.37,290.0,2020-12-17,sell,odd,liquid_universe-2020-08-31-3027,3027,
91064.85,-0.52,2020-12-18,sell,odd,liquid_universe-2020-08-31-3027,3027,
511404.85,420340.0,2020-12-18,sell,board,liquid_universe-2020-09-16-6233,6233,
511446.85,42.0,2020-12-21,sell,odd,liquid_universe-2020-08-31-3027,3027,
149690.85,-361756.0,2020-12-21,buy,board,liquid_universe-2020-12-18-2009,2009,
149755.65,64.8,2020-12-22,sell,odd,liquid_universe-2020-08-31-3027,3027,
511671.65,361916.0,2021-01-04,sell,board,liquid_universe-2020-09-30-6283,6283,
511892.65,221.0,2021-01-04,sell,odd,liquid_universe-2020-09-30-6283,6283,
139700.65,-372192.0,2021-01-05,buy,board,liquid_universe-2021-01-04-6129,6129,
138581.2,-1119.45,2021-01-05,buy,odd,liquid_universe-2021-01-04-6129,6129,
461176.2,322595.0,2021-01-14,sell,board,liquid_universe-2021-01-04-6129,6129,
461351.1,174.9,2021-01-14,sell,odd,liquid_universe-2021-01-04-6129,6129,
461623.4,272.3,2021-01-15,sell,odd,liquid_universe-2021-01-04-6129,6129,
167842.4,-293781.0,2021-01-15,buy,board,liquid_universe-2021-01-14-4976,4976,
151749.9,-16092.5,2021-01-15,buy,odd,liquid_universe-2021-01-14-4976,4976,
151972.4,222.5,2021-01-18,sell,odd,liquid_universe-2021-01-04-6129,6129,
152207.3,234.9,2021-01-19,sell,odd,liquid_universe-2021-01-04-6129,6129,
412215.3,260008.0,2021-01-27,sell,board,liquid_universe-2021-01-14-4976,4976,
421871.9,9656.6,2021-01-27,sell,odd,liquid_universe-2021-01-14-4976,4976,
733316.9,311445.0,2021-01-28,sell,board,liquid_universe-2020-12-18-2009,2009,
737717.9,4401.0,2021-01-28,sell,odd,liquid_universe-2021-01-14-4976,4976,
561921.9,-175796.0,2021-01-28,buy,odd,liquid_universe-2021-01-27-3552,3552,
264971.9,-296950.0,2021-01-29,buy,board,liquid_universe-2021-01-28-8024,8024,
264320.15,-651.75,2021-01-29,buy,odd,liquid_universe-2021-01-28-8024,8024,
291689.15,27369.0,2021-03-09,sell,odd,liquid_universe-2021-01-27-3552,3552,
316485.15,24796.0,2021-03-10,sell,odd,liquid_universe-2021-01-27-3552,3552,
331804.65,15319.5,2021-03-11,sell,odd,liquid_universe-2021-01-27-3552,3552,
351191.15,19386.5,2021-03-12,sell,odd,liquid_universe-2021-01-27-3552,3552,
628369.15,277178.0,2021-03-15,sell,board,liquid_universe-2020-12-02-2206,2206,
629624.48,1255.33,2021-03-15,sell,odd,liquid_universe-2020-12-02-2206,2206,
637893.48,8269.0,2021-03-15,sell,odd,liquid_universe-2021-01-27-3552,3552,
639154.96,1261.48,2021-03-16,sell,odd,liquid_universe-2020-12-02-2206,2206,
655424.96,16270.0,2021-03-16,sell,odd,liquid_universe-2021-01-27-3552,3552,
656854.49,1429.53,2021-03-17,sell,odd,liquid_universe-2020-12-02-2206,2206,
669123.49,12269.0,2021-03-17,sell,odd,liquid_universe-2021-01-27-3552,3552,
437760.49,-231363.0,2021-03-17,buy,board,liquid_universe-2021-03-16-6485,6485,
425610.49,-12150.0,2021-03-17,buy,odd,liquid_universe-2021-03-16-6485,6485,
320193.49,-105417.0,2021-03-17,buy,odd,liquid_universe-2021-03-16-3228,3228,
321044.59,851.1,2021-03-18,sell,odd,liquid_universe-2020-12-02-2206,2206,
343433.59,22389.0,2021-03-18,sell,odd,liquid_universe-2021-01-27-3552,3552,
344315.02,881.43,2021-03-19,sell,odd,liquid_universe-2020-12-02-2206,2206,
345174.52,859.5,2021-03-22,sell,odd,liquid_universe-2020-12-02-2206,2206,
345559.07,384.55,2021-03-23,sell,odd,liquid_universe-2020-12-02-2206,2206,
346562.32,1003.25,2021-03-24,sell,odd,liquid_universe-2020-12-02-2206,2206,
347200.35,638.03,2021-03-25,sell,odd,liquid_universe-2020-12-02-2206,2206,
435544.85,88344.5,2021-04-14,sell,odd,liquid_universe-2021-03-16-3228,3228,
135752.85,-299792.0,2021-04-15,buy,board,liquid_universe-2021-04-14-5608,5608,
129261.92,-6490.93,2021-04-15,buy,odd,liquid_universe-2021-04-14-5608,5608,
388824.92,259563.0,2021-05-13,sell,board,liquid_universe-2021-01-28-8024,8024,
388979.52,154.6,2021-05-13,sell,odd,liquid_universe-2021-01-28-8024,8024,
579265.52,190286.0,2021-05-13,sell,board,liquid_universe-2021-03-16-6485,6485,
583150.47,3884.95,2021-05-13,sell,odd,liquid_universe-2021-03-16-6485,6485,
583267.17,116.7,2021-05-14,sell,odd,liquid_universe-2021-01-28-8024,8024,
585066.67,1799.5,2021-05-14,sell,odd,liquid_universe-2021-03-16-6485,6485,
585087.77,21.1,2021-05-17,sell,odd,liquid_universe-2021-01-28-8024,8024,
588861.52,3773.75,2021-05-17,sell,odd,liquid_universe-2021-03-16-6485,6485,
329571.02,-259290.5,2021-05-17,buy,odd,liquid_universe-2021-05-14-6547,6547,
329746.67,175.65,2021-05-18,sell,odd,liquid_universe-2021-01-28-8024,8024,
85306.67,-244440.0,2021-05-19,buy,board,liquid_universe-2021-05-18-1732,1732,
71616.67,-13690.0,2021-05-19,buy,odd,liquid_universe-2021-05-18-1732,1732,
293779.42,222162.75,2021-05-20,sell,odd,liquid_universe-2021-05-14-6547,6547,
75995.42,-217784.0,2021-05-21,buy,board,liquid_universe-2021-05-20-1760,1760,
46484.67,-29510.75,2021-05-21,buy,odd,liquid_universe-2021-05-20-1760,1760,
249283.67,202799.0,2021-05-24,sell,board,liquid_universe-2021-05-18-1732,1732,
253474.87,4191.2,2021-05-24,sell,odd,liquid_universe-2021-05-18-1732,1732,
258527.97,5053.1,2021-05-25,sell,odd,liquid_universe-2021-05-18-1732,1732,
133792.97,-124735.0,2021-05-25,buy,board,liquid_universe-2021-05-24-2615,2615,
31268.97,-102524.0,2021-05-25,buy,odd,liquid_universe-2021-05-24-2615,2615,
32961.87,1692.9,2021-05-26,sell,odd,liquid_universe-2021-05-18-1732,1732,
201245.87,168284.0,2021-07-14,sell,board,liquid_universe-2021-05-20-1760,1760,
209300.87,8055.0,2021-07-14,sell,odd,liquid_universe-2021-05-20-1760,1760,
901169.87,691869.0,2021-07-15,sell,board,liquid_universe-2021-04-14-5608,5608,
916334.32,15164.45,2021-07-15,sell,odd,liquid_universe-2021-04-14-5608,5608,
920033.77,3699.45,2021-07-15,sell,odd,liquid_universe-2021-05-20-1760,1760,
740877.77,-179156.0,2021-07-15,buy,board,liquid_universe-2021-07-14-6170,6170,
729510.87,-11366.9,2021-07-15,buy,odd,liquid_universe-2021-07-14-6170,6170,
731100.57,1589.7,2021-07-16,dividend_payment,,,1760,1760-cash-2021-06-24
735169.12,4068.55,2021-07-16,sell,odd,liquid_universe-2021-05-20-1760,1760,
343864.12,-391305.0,2021-07-16,buy,board,liquid_universe-2021-07-15-6104,6104,
304606.42,-39257.7,2021-07-16,buy,odd,liquid_universe-2021-07-15-6104,6104,
306638.02,2031.6,2021-07-19,sell,odd,liquid_universe-2021-05-20-1760,1760,
312124.97,5486.95,2021-07-20,sell,odd,liquid_universe-2021-05-20-1760,1760,
470696.97,158572.0,2021-07-29,sell,board,liquid_universe-2021-07-14-6170,6170,
472730.57,2033.6,2021-07-29,sell,odd,liquid_universe-2021-07-14-6170,6170,
475542.57,2812.0,2021-07-30,sell,odd,liquid_universe-2021-07-14-6170,6170,
45659.57,-429883.0,2021-07-30,buy,board,liquid_universe-2021-07-29-8289,8289,
40137.17,-5522.4,2021-07-30,buy,odd,liquid_universe-2021-07-29-8289,8289,
41604.75,1467.58,2021-08-02,sell,odd,liquid_universe-2021-07-14-6170,6170,
42174.38,569.63,2021-08-03,sell,odd,liquid_universe-2021-07-14-6170,6170,
42854.43,680.05,2021-08-04,sell,odd,liquid_universe-2021-07-14-6170,6170,
44037.53,1183.1,2021-08-05,sell,odd,liquid_universe-2021-07-14-6170,6170,
44993.03,955.5,2021-08-06,sell,odd,liquid_universe-2021-07-14-6170,6170,
282851.03,237858.0,2021-08-23,sell,board,liquid_universe-2021-05-24-2615,2615,
483841.03,200990.0,2021-08-23,sell,odd,liquid_universe-2021-05-24-2615,2615,
246190.03,-237651.0,2021-08-26,buy,board,liquid_universe-2021-08-25-6568,6568,
242143.28,-4046.75,2021-08-26,buy,odd,liquid_universe-2021-08-25-6568,6568,
243844.76,1701.48,2021-10-14,dividend_payment,,,8289,8289-cash-2021-09-14
719560.76,475716.0,2021-10-18,sell,board,liquid_universe-2021-07-15-6104,6104,
733327.76,13767.0,2021-10-18,sell,odd,liquid_universe-2021-07-15-6104,6104,
768455.76,35128.0,2021-10-19,sell,odd,liquid_universe-2021-07-15-6104,6104,
732189.26,-36266.5,2021-10-20,buy,odd,liquid_universe-2021-10-19-6781,6781,
1186944.26,454755.0,2021-11-01,sell,board,liquid_universe-2021-07-29-8289,8289,
1189135.96,2191.7,2021-11-01,sell,odd,liquid_universe-2021-07-29-8289,8289,
1190382.26,1246.3,2021-11-02,sell,odd,liquid_universe-2021-07-29-8289,8289,
1191065.24,682.98,2021-11-03,sell,odd,liquid_universe-2021-07-29-8289,8289,
1191719.59,654.35,2021-11-04,sell,odd,liquid_universe-2021-07-29-8289,8289,
1192484.64,765.05,2021-11-05,sell,odd,liquid_universe-2021-07-29-8289,8289,
1192493.14,8.5,2021-11-08,sell,odd,liquid_universe-2021-07-29-8289,8289,
694560.14,-497933.0,2021-11-08,buy,board,liquid_universe-2021-11-05-1721,1721,
686277.39,-8282.75,2021-11-08,buy,odd,liquid_universe-2021-11-05-1721,1721,
1013084.39,326807.0,2021-11-26,sell,board,liquid_universe-2021-08-25-6568,6568,
1018645.14,5560.75,2021-11-26,sell,odd,liquid_universe-2021-08-25-6568,6568,
532833.14,-485812.0,2021-11-29,buy,board,liquid_universe-2021-11-26-3672,3672,
531481.44,-1351.7,2021-11-29,buy,odd,liquid_universe-2021-11-26-3672,3672,
579049.44,47568.0,2022-01-18,sell,odd,liquid_universe-2021-10-19-6781,6781,
585510.44,6461.0,2022-01-19,sell,odd,liquid_universe-2021-10-19-6781,6781,
148183.44,-437327.0,2022-01-19,buy,board,liquid_universe-2022-01-18-3036,3036,
122000.49,-26182.95,2022-01-19,buy,odd,liquid_universe-2022-01-18-3036,3036,
665506.49,543506.0,2022-02-15,sell,board,liquid_universe-2021-11-05-1721,1721,
666329.64,823.15,2022-02-15,sell,odd,liquid_universe-2021-11-05-1721,1721,
667561.54,1231.9,2022-02-16,sell,odd,liquid_universe-2021-11-05-1721,1721,
272986.54,-394575.0,2022-02-16,buy,board,liquid_universe-2022-02-15-3219,3219,
271288.04,-1698.5,2022-02-16,buy,odd,liquid_universe-2022-02-15-3219,3219,
272123.22,835.18,2022-02-17,sell,odd,liquid_universe-2021-11-05-1721,1721,
273030.22,907.0,2022-02-18,sell,odd,liquid_universe-2021-11-05-1721,1721,
274867.32,1837.1,2022-02-21,sell,odd,liquid_universe-2021-11-05-1721,1721,
277320.32,2453.0,2022-02-22,sell,odd,liquid_universe-2021-11-05-1721,1721,
277840.52,520.2,2022-02-23,sell,odd,liquid_universe-2021-11-05-1721,1721,
621247.52,343407.0,2022-02-23,sell,board,liquid_universe-2022-02-15-3219,3219,
621683.52,436.0,2022-02-23,sell,odd,liquid_universe-2022-02-15-3219,3219,
621861.65,178.13,2022-02-24,sell,odd,liquid_universe-2021-11-05-1721,1721,
622504.65,643.0,2022-02-24,sell,odd,liquid_universe-2022-02-15-3219,3219,
139408.65,-483096.0,2022-02-24,buy,board,liquid_universe-2022-02-23-9955,9955,
112082.97,-27325.68,2022-02-24,buy,odd,liquid_universe-2022-02-23-9955,9955,
112389.47,306.5,2022-02-25,sell,odd,liquid_universe-2022-02-15-3219,3219,
541178.47,428789.0,2022-03-02,sell,board,liquid_universe-2022-02-23-9955,9955,
542936.47,1758.0,2022-03-02,sell,odd,liquid_universe-2022-02-23-9955,9955,
544327.92,1391.45,2022-03-03,sell,odd,liquid_universe-2022-02-23-9955,9955,
72195.92,-472132.0,2022-03-03,buy,board,liquid_universe-2022-03-02-2906,2906,
69883.34,-2312.58,2022-03-03,buy,odd,liquid_universe-2022-03-02-2906,2906,
71914.87,2031.53,2022-03-04,sell,odd,liquid_universe-2022-02-23-9955,9955,
78085.77,6170.9,2022-03-07,sell,odd,liquid_universe-2022-02-23-9955,9955,
80952.47,2866.7,2022-03-08,sell,odd,liquid_universe-2022-02-23-9955,9955,
120446.47,39494.0,2022-03-09,sell,board,liquid_universe-2021-11-26-3672,3672,
120663.12,216.65,2022-03-09,sell,odd,liquid_universe-2021-11-26-3672,3672,
122785.32,2122.2,2022-03-09,sell,odd,liquid_universe-2022-02-23-9955,9955,
241416.32,118631.0,2022-03-10,sell,board,liquid_universe-2021-11-26-3672,3672,
241474.92,58.6,2022-03-10,sell,odd,liquid_universe-2021-11-26-3672,3672,
242545.17,1070.25,2022-03-10,sell,odd,liquid_universe-2022-02-23-9955,9955,
640808.17,398263.0,2022-03-10,sell,board,liquid_universe-2022-03-02-2906,2906,
642733.85,1925.68,2022-03-10,sell,odd,liquid_universe-2022-03-02-2906,2906,
681335.85,38602.0,2022-03-11,sell,board,liquid_universe-2021-11-26-3672,3672,
681511.48,175.63,2022-03-11,sell,odd,liquid_universe-2021-11-26-3672,3672,
682424.03,912.55,2022-03-11,sell,odd,liquid_universe-2022-02-23-9955,9955,
721819.03,39395.0,2022-03-14,sell,board,liquid_universe-2021-11-26-3672,3672,
721837.73,18.7,2022-03-14,sell,odd,liquid_universe-2021-11-26-3672,3672,
723230.63,1392.9,2022-03-14,sell,odd,liquid_universe-2022-02-23-9955,9955,
800979.63,77749.0,2022-03-15,sell,board,liquid_universe-2021-11-26-3672,3672,
802869.38,1889.75,2022-03-15,sell,odd,liquid_universe-2022-02-23-9955,9955,
841967.38,39098.0,2022-03-16,sell,board,liquid_universe-2021-11-26-3672,3672,
842070.06,102.68,2022-03-16,sell,odd,liquid_universe-2021-11-26-3672,3672,
843834.19,1764.13,2022-03-16,sell,odd,liquid_universe-2022-02-23-9955,9955,
883130.19,39296.0,2022-03-17,sell,board,liquid_universe-2021-11-26-3672,3672,
883277.02,146.83,2022-03-17,sell,odd,liquid_universe-2022-02-23-9955,9955,
922052.02,38775.0,2022-03-21,sell,board,liquid_universe-2021-11-26-3672,3672,
922071.02,19.0,2022-03-21,sell,odd,liquid_universe-2021-11-26-3672,3672,
960550.02,38479.0,2022-03-22,sell,board,liquid_universe-2021-11-26-3672,3672,
999375.02,38825.0,2022-03-23,sell,board,liquid_universe-2021-11-26-3672,3672,
999513.42,138.4,2022-03-28,sell,odd,liquid_universe-2021-11-26-3672,3672,
999529.77,16.35,2022-03-29,sell,odd,liquid_universe-2021-11-26-3672,3672,
999583.77,54.0,2022-03-30,sell,odd,liquid_universe-2021-11-26-3672,3672,
600432.77,-399151.0,2022-03-31,buy,board,liquid_universe-2022-03-30-5603,5603,
590846.57,-9586.2,2022-03-31,buy,odd,liquid_universe-2022-03-30-5603,5603,
271967.57,-318879.0,2022-03-31,buy,board,liquid_universe-2022-03-30-3558,3558,
258551.57,-13416.0,2022-03-31,buy,odd,liquid_universe-2022-03-30-3558,3558,
258666.67,115.1,2022-04-07,sell,odd,liquid_universe-2021-11-26-3672,3672,
258720.12,53.45,2022-04-11,sell,odd,liquid_universe-2021-11-26-3672,3672,
624675.12,365955.0,2022-04-21,sell,board,liquid_universe-2022-01-18-3036,3036,
632293.12,7618.0,2022-04-21,sell,odd,liquid_universe-2022-01-18-3036,3036,
632441.12,148.0,2022-04-22,sell,odd,liquid_universe-2021-11-26-3672,3672,
644938.82,12497.7,2022-04-22,sell,odd,liquid_universe-2022-01-18-3036,3036,
646457.72,1518.9,2022-04-25,sell,odd,liquid_universe-2022-01-18-3036,3036,
776759.72,130302.0,2022-06-15,sell,board,liquid_universe-2022-03-30-5603,5603,
777567.35,807.63,2022-06-15,sell,odd,liquid_universe-2022-03-30-5603,5603,
990648.35,213081.0,2022-06-16,sell,board,liquid_universe-2022-03-30-5603,5603,
993156.68,2508.33,2022-06-16,sell,odd,liquid_universe-2022-03-30-5603,5603,
994454.08,1297.4,2022-06-17,sell,odd,liquid_universe-2022-03-30-5603,5603,
997694.18,3240.1,2022-06-20,sell,odd,liquid_universe-2022-03-30-5603,5603,
1316820.18,319126.0,2022-07-04,sell,board,liquid_universe-2022-03-30-3558,3558,
1327439.18,10619.0,2022-07-04,sell,odd,liquid_universe-2022-03-30-3558,3558,
1330139.43,2700.25,2022-07-05,sell,odd,liquid_universe-2022-03-30-3558,3558,
961115.43,-369024.0,2022-11-16,buy,board,liquid_universe-2022-11-15-2009,2009,
955853.23,-5262.2,2022-11-16,buy,odd,liquid_universe-2022-11-15-2009,2009,
718747.98,-237105.25,2022-11-16,buy,odd,liquid_universe-2022-11-15-6472,6472,
330460.98,-388287.0,2022-11-16,buy,board,liquid_universe-2022-11-15-1605,1605,
315974.98,-14486.0,2022-11-16,buy,odd,liquid_universe-2022-11-15-1605,1605,
709530.98,393556.0,2023-02-24,sell,board,liquid_universe-2022-11-15-2009,2009,
713025.23,3494.25,2023-02-24,sell,odd,liquid_universe-2022-11-15-2009,2009,
764176.23,51151.0,2023-02-24,sell,odd,liquid_universe-2022-11-15-6472,6472,
1216503.23,452327.0,2023-02-24,sell,board,liquid_universe-2022-11-15-1605,1605,
1233480.23,16977.0,2023-02-24,sell,odd,liquid_universe-2022-11-15-1605,1605,
1235517.73,2037.5,2023-03-01,sell,odd,liquid_universe-2022-11-15-2009,2009,
1286870.73,51353.0,2023-03-01,sell,odd,liquid_universe-2022-11-15-6472,6472,
1369877.73,83007.0,2023-03-02,sell,odd,liquid_universe-2022-11-15-6472,6472,
1434235.23,64357.5,2023-03-03,sell,odd,liquid_universe-2022-11-15-6472,6472,
1473815.23,39580.0,2023-03-06,sell,odd,liquid_universe-2022-11-15-6472,6472,
1094581.23,-379234.0,2023-03-06,buy,board,liquid_universe-2023-03-03-6556,6556,
1084631.73,-9949.5,2023-03-06,buy,odd,liquid_universe-2023-03-03-6556,6556,
681657.73,-402974.0,2023-03-06,buy,board,liquid_universe-2023-03-03-2722,2722,
679226.73,-2431.0,2023-03-06,buy,odd,liquid_universe-2023-03-03-2722,2722,
466975.73,-212251.0,2023-03-06,buy,board,liquid_universe-2023-03-03-6811,6811,
450961.98,-16013.75,2023-03-06,buy,odd,liquid_universe-2023-03-03-6811,6811,
641495.98,190534.0,2023-03-17,sell,board,liquid_universe-2023-03-03-6811,6811,
646845.98,5350.0,2023-03-17,sell,odd,liquid_universe-2023-03-03-6811,6811,
655745.98,8900.0,2023-03-20,sell,odd,liquid_universe-2023-03-03-6811,6811,
504554.98,-151191.0,2023-03-20,buy,odd,liquid_universe-2023-03-17-5269,5269,
505159.48,604.5,2023-03-21,sell,odd,liquid_universe-2023-03-03-6811,6811,
662492.48,157333.0,2023-03-29,sell,board,liquid_universe-2023-03-03-6556,6556,
663572.23,1079.75,2023-03-29,sell,odd,liquid_universe-2023-03-03-6556,6556,
822144.23,158572.0,2023-03-30,sell,board,liquid_universe-2023-03-03-6556,6556,
823391.23,1247.0,2023-03-30,sell,odd,liquid_universe-2023-03-03-6556,6556,
824632.23,1241.0,2023-03-31,sell,odd,liquid_universe-2023-03-03-6556,6556,
499466.23,-325166.0,2023-03-31,buy,board,liquid_universe-2023-03-30-5289,5289,
410067.23,-89399.0,2023-03-31,buy,odd,liquid_universe-2023-03-30-5289,5289,
413453.23,3386.0,2023-04-06,sell,odd,liquid_universe-2023-03-03-6556,6556,
413740.23,287.0,2023-04-07,sell,odd,liquid_universe-2023-03-03-6556,6556,
414631.23,891.0,2023-04-10,sell,odd,liquid_universe-2023-03-03-6556,6556,
482342.23,67711.0,2023-05-05,sell,odd,liquid_universe-2023-03-17-5269,5269,
533408.23,51066.0,2023-05-08,sell,odd,liquid_universe-2023-03-17-5269,5269,
548879.23,15471.0,2023-05-09,sell,odd,liquid_universe-2023-03-17-5269,5269,
161321.23,-387558.0,2023-05-09,buy,board,liquid_universe-2023-05-08-8085,8085,
157172.88,-4148.35,2023-05-09,buy,odd,liquid_universe-2023-05-08-8085,8085,
765692.88,608520.0,2023-06-07,sell,board,liquid_universe-2023-03-03-2722,2722,
769355.28,3662.4,2023-06-07,sell,odd,liquid_universe-2023-03-03-2722,2722,
395151.28,-374204.0,2023-06-08,buy,board,liquid_universe-2023-06-07-5706,5706,
326078.28,-69073.0,2023-06-08,buy,odd,liquid_universe-2023-06-07-5706,5706,
675184.28,349106.0,2023-07-06,sell,board,liquid_universe-2023-03-30-5289,5289,
752096.28,76912.0,2023-07-06,sell,odd,liquid_universe-2023-03-30-5289,5289,
770106.28,18010.0,2023-07-07,sell,odd,liquid_universe-2023-03-30-5289,5289,
1069658.28,299552.0,2023-07-07,sell,board,liquid_universe-2023-06-07-5706,5706,
1093662.78,24004.5,2023-07-07,sell,odd,liquid_universe-2023-06-07-5706,5706,
687771.78,-405891.0,2023-07-07,buy,board,liquid_universe-2023-07-06-4979,4979,
603147.28,-84624.5,2023-07-07,buy,odd,liquid_universe-2023-07-06-4979,4979,
615596.48,12449.2,2023-07-10,sell,odd,liquid_universe-2023-06-07-5706,5706,
146181.48,-469415.0,2023-07-10,buy,board,liquid_universe-2023-07-07-6117,6117,
142518.48,-3663.0,2023-07-10,buy,odd,liquid_universe-2023-07-07-6117,6117,
159770.23,17251.75,2023-07-11,sell,odd,liquid_universe-2023-06-07-5706,5706,
160491.03,720.8,2023-07-12,sell,odd,liquid_universe-2023-06-07-5706,5706,
580608.03,420117.0,2023-07-24,sell,board,liquid_universe-2023-07-07-6117,6117,
582495.71,1887.68,2023-07-24,sell,odd,liquid_universe-2023-07-07-6117,6117,
584098.51,1602.8,2023-07-25,sell,odd,liquid_universe-2023-07-07-6117,6117,
68058.51,-516040.0,2023-07-25,buy,board,liquid_universe-2023-07-24-2382,2382,
48946.01,-19112.5,2023-07-25,buy,odd,liquid_universe-2023-07-24-2382,2382,
478577.01,429631.0,2023-08-04,sell,board,liquid_universe-2023-07-24-2382,2382,
494639.01,16062.0,2023-08-04,sell,odd,liquid_universe-2023-07-24-2382,2382,
49215.01,-445424.0,2023-08-07,buy,board,liquid_universe-2023-08-04-6170,6170,
47169.86,-2045.15,2023-08-07,buy,odd,liquid_universe-2023-08-04-6170,6170,
47384.67,214.81,2023-08-09,dividend_payment,,,4979,4979-cash-2023-07-13
507490.67,460106.0,2023-08-09,sell,board,liquid_universe-2023-05-08-8085,8085,
507836.87,346.2,2023-08-09,sell,odd,liquid_universe-2023-05-08-8085,8085,
508948.67,1111.8,2023-08-10,dividend_payment,,,8085,8085-cash-2023-07-06
553472.67,44524.0,2023-08-10,sell,board,liquid_universe-2023-05-08-8085,8085,
553720.37,247.7,2023-08-10,sell,odd,liquid_universe-2023-05-08-8085,8085,
553881.37,161.0,2023-08-11,sell,odd,liquid_universe-2023-05-08-8085,8085,
118944.37,-434937.0,2023-08-11,buy,board,liquid_universe-2023-08-10-8930,8930,
116504.29,-2440.08,2023-08-11,buy,odd,liquid_universe-2023-08-10-8930,8930,
117056.52,552.23,2023-08-14,sell,odd,liquid_universe-2023-05-08-8085,8085,
117477.52,421.0,2023-08-15,sell,odd,liquid_universe-2023-05-08-8085,8085,
118059.37,581.85,2023-08-16,sell,odd,liquid_universe-2023-05-08-8085,8085,
118543.27,483.9,2023-08-17,sell,odd,liquid_universe-2023-05-08-8085,8085,
118730.77,187.5,2023-08-18,sell,odd,liquid_universe-2023-05-08-8085,8085,
118750.52,19.75,2023-08-21,sell,odd,liquid_universe-2023-05-08-8085,8085,
119581.32,830.8,2023-08-22,sell,odd,liquid_universe-2023-05-08-8085,8085,
120046.32,465.0,2023-08-23,sell,odd,liquid_universe-2023-05-08-8085,8085,
120402.22,355.9,2023-08-24,sell,odd,liquid_universe-2023-05-08-8085,8085,
120511.64,109.42,2023-08-25,sell,odd,liquid_universe-2023-05-08-8085,8085,
535276.64,414765.0,2023-10-06,sell,board,liquid_universe-2023-07-06-4979,4979,
567213.14,31936.5,2023-10-06,sell,odd,liquid_universe-2023-07-06-4979,4979,
603103.89,35890.75,2023-10-11,sell,odd,liquid_universe-2023-07-06-4979,4979,
622267.39,19163.5,2023-10-12,sell,odd,liquid_universe-2023-07-06-4979,4979,
123730.39,-498537.0,2023-10-12,buy,board,liquid_universe-2023-10-11-3276,3276,
123492.04,-238.35,2023-10-12,buy,odd,liquid_universe-2023-10-11-3276,3276,
231817.04,108325.0,2023-11-07,sell,board,liquid_universe-2023-08-04-6170,6170,
232234.04,417.0,2023-11-07,sell,odd,liquid_universe-2023-08-04-6170,6170,
341748.04,109514.0,2023-11-08,sell,board,liquid_universe-2023-08-04-6170,6170,
342715.54,967.5,2023-11-08,sell,odd,liquid_universe-2023-08-04-6170,6170,
626410.54,283695.0,2023-11-09,sell,board,liquid_universe-2023-08-04-6170,6170,
627238.04,827.5,2023-11-09,sell,odd,liquid_universe-2023-08-04-6170,6170,
151184.04,-476054.0,2023-11-10,buy,board,liquid_universe-2023-11-09-3228,3228,
124299.04,-26885.0,2023-11-10,buy,odd,liquid_universe-2023-11-09-3228,3228,
250661.04,126362.0,2023-11-13,sell,board,liquid_universe-2023-08-10-8930,8930,
251083.99,422.95,2023-11-13,sell,odd,liquid_universe-2023-08-10-8930,8930,
379923.99,128840.0,2023-11-14,sell,board,liquid_universe-2023-08-10-8930,8930,
380259.59,335.6,2023-11-14,sell,odd,liquid_universe-2023-08-10-8930,8930,
539822.59,159563.0,2023-11-15,sell,board,liquid_universe-2023-08-10-8930,8930,
540442.59,620.0,2023-11-15,sell,odd,liquid_universe-2023-08-10-8930,8930,
604416.59,63974.0,2023-11-16,sell,board,liquid_universe-2023-08-10-8930,8930,
604812.84,396.25,2023-11-16,sell,odd,liquid_universe-2023-08-10-8930,8930,
604921.24,108.4,2023-11-17,sell,odd,liquid_universe-2023-08-10-8930,8930,
62827.24,-542094.0,2023-11-17,buy,board,liquid_universe-2023-11-16-2543,2543,
53856.34,-8970.9,2023-11-17,buy,odd,liquid_universe-2023-11-16-2543,2543,
53932.39,76.05,2023-11-20,sell,odd,liquid_universe-2023-08-10-8930,8930,
54105.94,173.55,2023-11-21,sell,odd,liquid_universe-2023-08-10-8930,8930,
54441.82,335.88,2023-11-22,sell,odd,liquid_universe-2023-08-10-8930,8930,
54453.65,11.83,2023-11-23,sell,odd,liquid_universe-2023-08-10-8930,8930,
549792.65,495339.0,2023-12-07,sell,board,liquid_universe-2023-11-16-2543,2543,
553405.95,3613.3,2023-12-07,sell,odd,liquid_universe-2023-11-16-2543,2543,
556656.35,3250.4,2023-12-08,sell,odd,liquid_universe-2023-11-16-2543,2543,
130545.35,-426111.0,2023-12-08,buy,board,liquid_universe-2023-12-07-5210,5210,
123345.55,-7199.8,2023-12-08,buy,odd,liquid_universe-2023-12-07-5210,5210,
124372.35,1026.8,2023-12-11,sell,odd,liquid_universe-2023-11-16-2543,2543,
444687.35,320315.0,2024-01-05,sell,board,liquid_universe-2023-12-07-5210,5210,
447049.18,2361.83,2024-01-05,sell,odd,liquid_universe-2023-12-07-5210,5210,
450235.33,3186.15,2024-01-08,sell,odd,liquid_universe-2023-12-07-5210,5210,
63481.33,-386754.0,2024-01-08,buy,board,liquid_universe-2024-01-05-6113,6113,
57249.2,-6232.13,2024-01-08,buy,odd,liquid_universe-2024-01-05-6113,6113,
166143.2,108894.0,2024-01-10,sell,board,liquid_universe-2023-10-11-3276,3276,
166322.68,179.48,2024-01-10,sell,odd,liquid_universe-2023-10-11-3276,3276,
366123.68,199801.0,2024-01-11,sell,board,liquid_universe-2023-10-11-3276,3276,
527247.68,161124.0,2024-01-12,sell,board,liquid_universe-2023-10-11-3276,3276,
55115.68,-472132.0,2024-01-15,buy,board,liquid_universe-2024-01-12-6219,6219,
35312.68,-19803.0,2024-01-15,buy,odd,liquid_universe-2024-01-12-6219,6219,
1611121.68,1575809.0,2024-02-19,sell,board,liquid_universe-2023-11-09-3228,3228,
1698151.68,87030.0,2024-02-19,sell,odd,liquid_universe-2023-11-09-3228,3228,
1000039.68,-698112.0,2024-02-20,buy,board,liquid_universe-2024-02-19-6584,6584,
955841.18,-44198.5,2024-02-20,buy,odd,liquid_universe-2024-02-19-6584,6584,
1291890.18,336049.0,2024-04-18,sell,board,liquid_universe-2024-01-05-6113,6113,
1293254.18,1364.0,2024-04-18,sell,odd,liquid_universe-2024-01-05-6113,6113,
1350489.18,57235.0,2024-04-19,sell,board,liquid_universe-2024-01-05-6113,6113,
1352720.03,2230.85,2024-04-19,sell,odd,liquid_universe-2024-01-05-6113,6113,
1353833.03,1113.0,2024-04-22,sell,odd,liquid_universe-2024-01-05-6113,6113,
519518.03,-834315.0,2024-04-22,buy,board,liquid_universe-2024-04-19-1618,1618,
519052.23,-465.8,2024-04-22,buy,odd,liquid_universe-2024-04-19-1618,1618,
519618.86,566.63,2024-04-23,sell,odd,liquid_universe-2024-01-05-6113,6113,
520231.76,612.9,2024-04-24,sell,odd,liquid_universe-2024-01-05-6113,6113,
520239.39,7.63,2024-04-25,sell,odd,liquid_universe-2024-01-05-6113,6113,
1072813.39,552574.0,2024-04-25,sell,board,liquid_universe-2024-01-12-6219,6219,
1077081.39,4268.0,2024-04-25,sell,odd,liquid_universe-2024-01-12-6219,6219,
1080600.59,3519.2,2024-04-26,sell,odd,liquid_universe-2024-01-12-6219,6219,
334254.59,-746346.0,2024-04-26,buy,board,liquid_universe-2024-04-25-6207,6207,
306673.99,-27580.6,2024-04-26,buy,odd,liquid_universe-2024-04-25-6207,6207,
318283.99,11610.0,2024-04-29,sell,odd,liquid_universe-2024-01-12-6219,6219,
322475.59,4191.6,2024-04-30,sell,odd,liquid_universe-2024-01-12-6219,6219,
941872.59,619397.0,2024-05-06,sell,board,liquid_universe-2024-04-19-1618,1618,
942184.19,311.6,2024-05-06,sell,odd,liquid_universe-2024-04-19-1618,1618,
165106.19,-777078.0,2024-05-07,buy,board,liquid_universe-2024-05-06-1453,1453,
151693.99,-13412.2,2024-05-07,buy,odd,liquid_universe-2024-05-06-1453,1453,
745718.99,594025.0,2024-05-13,sell,board,liquid_universe-2024-05-06-1453,1453,
750224.99,4506.0,2024-05-13,sell,odd,liquid_universe-2024-05-06-1453,1453,
752270.24,2045.25,2024-05-14,sell,odd,liquid_universe-2024-05-06-1453,1453,
107723.24,-644547.0,2024-05-14,buy,board,liquid_universe-2024-05-13-4562,4562,
103062.24,-4661.0,2024-05-14,buy,odd,liquid_universe-2024-05-13-4562,4562,
104708.24,1646.0,2024-05-15,sell,odd,liquid_universe-2024-05-06-1453,1453,
106414.47,1706.23,2024-05-16,sell,odd,liquid_universe-2024-05-06-1453,1453,
946846.47,840432.0,2024-05-23,sell,board,liquid_universe-2024-02-19-6584,6584,
995381.47,48535.0,2024-05-23,sell,odd,liquid_universe-2024-02-19-6584,6584,
999386.97,4005.5,2024-05-24,sell,odd,liquid_universe-2024-02-19-6584,6584,
264557.97,-734829.0,2024-05-24,buy,board,liquid_universe-2024-05-23-2392,2392,
258356.97,-6201.0,2024-05-24,buy,odd,liquid_universe-2024-05-23-2392,2392,
275468.97,17112.0,2024-07-26,dividend_payment,,,6207,6207-cash-2024-06-21
972094.97,696626.0,2024-07-30,sell,board,liquid_universe-2024-04-25-6207,6207,
982285.87,10190.9,2024-07-30,sell,odd,liquid_universe-2024-04-25-6207,6207,
994238.52,11952.65,2024-07-31,sell,odd,liquid_universe-2024-04-25-6207,6207,
195534.52,-798704.0,2024-07-31,buy,board,liquid_universe-2024-07-30-9906,9906,
124050.52,-71484.0,2024-07-31,buy,odd,liquid_universe-2024-07-30-9906,9906,
128501.02,4450.5,2024-08-01,sell,odd,liquid_universe-2024-04-25-6207,6207,
759815.02,631314.0,2024-08-07,sell,board,liquid_universe-2024-05-23-2392,2392,
765130.02,5315.0,2024-08-07,sell,odd,liquid_universe-2024-05-23-2392,2392,
69030.02,-696100.0,2024-08-08,buy,board,liquid_universe-2024-08-07-1540,1540,
63256.04,-5773.98,2024-08-08,buy,odd,liquid_universe-2024-08-07-1540,1540,
1844614.04,1781358.0,2024-08-14,sell,board,liquid_universe-2024-05-13-4562,4562,
1857104.94,12490.9,2024-08-14,sell,odd,liquid_universe-2024-05-13-4562,4562,
964445.94,-892659.0,2024-08-15,buy,board,liquid_universe-2024-08-14-3230,3230,
957698.94,-6747.0,2024-08-15,buy,odd,liquid_universe-2024-08-14-3230,3230,
977866.94,20168.0,2024-08-16,dividend_payment,,,2392,2392-cash-2024-07-18
1556654.94,578788.0,2024-08-23,sell,board,liquid_universe-2024-08-07-1540,1540,
1560765.17,4110.23,2024-08-23,sell,odd,liquid_universe-2024-08-07-1540,1540,
1561429.02,663.85,2024-08-26,sell,odd,liquid_universe-2024-08-07-1540,1540,
513255.02,-1048174.0,2024-08-26,buy,board,liquid_universe-2024-08-23-2364,2364,
492240.27,-21014.75,2024-08-26,buy,odd,liquid_universe-2024-08-23-2364,2364,
1073010.27,580770.0,2024-09-23,sell,board,liquid_universe-2024-07-30-9906,9906,
1127384.77,54374.5,2024-09-24,sell,odd,liquid_universe-2024-07-30-9906,9906,
192250.77,-935134.0,2024-09-24,buy,board,liquid_universe-2024-09-23-1721,1721,
178842.67,-13408.1,2024-09-24,buy,odd,liquid_universe-2024-09-23-1721,1721,
202187.53,23344.86,2024-09-30,dividend_payment,,,9906,9906-cash-2024-09-02
973169.53,770982.0,2024-10-14,sell,board,liquid_universe-2024-09-23-1721,1721,
978985.53,5816.0,2024-10-14,sell,odd,liquid_universe-2024-09-23-1721,1721,
984147.33,5161.8,2024-10-15,sell,odd,liquid_universe-2024-09-23-1721,1721,
144803.33,-839344.0,2024-10-15,buy,board,liquid_universe-2024-10-14-1595,1595,
133058.23,-11745.1,2024-10-15,buy,odd,liquid_universe-2024-10-14-1595,1595,
133058.23,0.0,2024-10-18,fractional_share_payment,,,2364,
133058.23,0.0,2024-11-01,fractional_share_payment,,,9906,
144226.73,11168.5,2024-11-01,sell,odd,liquid_universe-2024-07-30-9906,9906,
400369.73,256143.0,2024-11-05,sell,board,liquid_universe-2024-08-23-2364,2364,
406758.23,6388.5,2024-11-05,sell,odd,liquid_universe-2024-08-23-2364,2364,
579404.23,172646.0,2024-11-06,sell,board,liquid_universe-2024-08-23-2364,2364,
586456.03,7051.8,2024-11-06,sell,odd,liquid_universe-2024-08-23-2364,2364,
673572.03,87116.0,2024-11-07,sell,board,liquid_universe-2024-08-23-2364,2364,
676685.23,3113.2,2024-11-07,sell,odd,liquid_universe-2024-08-23-2364,2364,
848240.23,171555.0,2024-11-08,sell,board,liquid_universe-2024-08-23-2364,2364,
852616.58,4376.35,2024-11-08,sell,odd,liquid_universe-2024-08-23-2364,2364,
1024468.58,171852.0,2024-11-11,sell,board,liquid_universe-2024-08-23-2364,2364,
1029521.93,5053.35,2024-11-11,sell,odd,liquid_universe-2024-08-23-2364,2364,
1035237.93,5716.0,2024-11-12,sell,odd,liquid_universe-2024-08-23-2364,2364,
154801.93,-880436.0,2024-11-12,buy,board,liquid_universe-2024-11-11-5314,5314,
112944.93,-41857.0,2024-11-12,buy,odd,liquid_universe-2024-11-11-5314,5314,
118865.93,5921.0,2024-11-13,sell,odd,liquid_universe-2024-08-23-2364,2364,
125749.33,6883.4,2024-11-14,sell,odd,liquid_universe-2024-08-23-2364,2364,
130455.68,4706.35,2024-11-15,sell,odd,liquid_universe-2024-08-23-2364,2364,
132714.68,2259.0,2024-11-18,sell,odd,liquid_universe-2024-08-23-2364,2364,
543019.68,410305.0,2024-11-19,sell,board,liquid_universe-2024-08-14-3230,3230,
544129.18,1109.5,2024-11-19,sell,odd,liquid_universe-2024-08-14-3230,3230,
1444670.18,900541.0,2024-11-20,sell,board,liquid_universe-2024-08-14-3230,3230,
1446615.68,1945.5,2024-11-20,sell,odd,liquid_universe-2024-08-14-3230,3230,
1662273.68,215658.0,2024-11-21,sell,board,liquid_universe-2024-08-14-3230,3230,
1666896.93,4623.25,2024-11-21,sell,odd,liquid_universe-2024-08-14-3230,3230,
1670033.53,3136.6,2024-11-22,sell,odd,liquid_universe-2024-08-14-3230,3230,
647007.53,-1023026.0,2024-11-22,buy,board,liquid_universe-2024-11-21-3706,3706,
583238.53,-63769.0,2024-11-22,buy,odd,liquid_universe-2024-11-21-3706,3706,
584053.28,814.75,2024-11-25,sell,odd,liquid_universe-2024-08-14-3230,3230,
1261849.28,677796.0,2024-11-28,sell,board,liquid_universe-2024-10-14-1595,1595,
1265903.78,4054.5,2024-11-28,sell,odd,liquid_universe-2024-10-14-1595,1595,
1266945.53,1041.75,2024-11-29,sell,odd,liquid_universe-2024-10-14-1595,1595,
189599.53,-1077346.0,2024-11-29,buy,board,liquid_universe-2024-11-28-4979,4979,
147225.78,-42373.75,2024-11-29,buy,odd,liquid_universe-2024-11-28-4979,4979,
150788.78,3563.0,2024-12-02,sell,odd,liquid_universe-2024-10-14-1595,1595,
151547.58,758.8,2024-12-03,sell,odd,liquid_universe-2024-10-14-1595,1595,
1023892.58,872345.0,2024-12-23,sell,board,liquid_universe-2024-11-21-3706,3706,
1078305.78,54413.2,2024-12-23,sell,odd,liquid_universe-2024-11-21-3706,3706,
301982.78,-776323.0,2024-12-24,buy,board,liquid_universe-2024-12-23-4571,4571,
230074.78,-71908.0,2024-12-24,buy,odd,liquid_universe-2024-12-23-4571,4571,
862627.78,632553.0,2025-01-10,sell,board,liquid_universe-2024-12-23-4571,4571,
904425.78,41798.0,2025-01-10,sell,odd,liquid_universe-2024-12-23-4571,4571,
921355.78,16930.0,2025-01-13,sell,odd,liquid_universe-2024-12-23-4571,4571,
118627.78,-802728.0,2025-01-13,buy,board,liquid_universe-2025-01-10-1325,1325,
107010.23,-11617.55,2025-01-13,buy,odd,liquid_universe-2025-01-10-1325,1325,
758146.23,651136.0,2025-01-17,sell,board,liquid_universe-2025-01-10-1325,1325,
760578.48,2432.25,2025-01-17,sell,odd,liquid_universe-2025-01-10-1325,1325,
762582.93,2004.45,2025-01-20,sell,odd,liquid_universe-2025-01-10-1325,1325,
93691.93,-668891.0,2025-01-20,buy,board,liquid_universe-2025-01-17-3379,3379,
66571.23,-27120.7,2025-01-20,buy,odd,liquid_universe-2025-01-17-3379,3379,
68205.66,1634.43,2025-01-21,sell,odd,liquid_universe-2025-01-10-1325,1325,
71604.71,3399.05,2025-01-22,sell,odd,liquid_universe-2025-01-10-1325,1325,
660848.71,589244.0,2025-02-05,sell,board,liquid_universe-2025-01-17-3379,3379,
666197.71,5349.0,2025-02-05,sell,odd,liquid_universe-2025-01-17-3379,3379,
671875.26,5677.55,2025-02-06,sell,odd,liquid_universe-2025-01-17-3379,3379,
111373.26,-560502.0,2025-02-06,buy,board,liquid_universe-2025-02-05-6112,6112,
53938.86,-57434.4,2025-02-06,buy,odd,liquid_universe-2025-02-05-6112,6112,
60754.26,6815.4,2025-02-07,sell,odd,liquid_universe-2025-01-17-3379,3379,
65516.26,4762.0,2025-02-10,sell,odd,liquid_universe-2025-01-17-3379,3379,
66776.41,1260.15,2025-02-11,sell,odd,liquid_universe-2025-01-17-3379,3379,
2473601.41,2406825.0,2025-02-19,sell,board,liquid_universe-2024-11-11-5314,5314,
2580575.41,106974.0,2025-02-19,sell,odd,liquid_universe-2024-11-11-5314,5314,
2590184.41,9609.0,2025-02-20,sell,odd,liquid_universe-2024-11-11-5314,5314,
1230173.41,-1360011.0,2025-02-20,buy,board,liquid_universe-2025-02-19-6206,6206,
1194865.41,-35308.0,2025-02-20,buy,odd,liquid_universe-2025-02-19-6206,6206,
1668599.41,473734.0,2025-03-03,sell,board,liquid_universe-2025-02-05-6112,6112,
1686731.61,18132.2,2025-03-03,sell,odd,liquid_universe-2025-02-05-6112,6112,
1702735.56,16003.95,2025-03-04,sell,odd,liquid_universe-2025-02-05-6112,6112,
1711439.56,8704.0,2025-03-05,sell,odd,liquid_universe-2025-02-05-6112,6112,
1716491.81,5052.25,2025-03-06,sell,odd,liquid_universe-2025-02-05-6112,6112,
2858209.81,1141718.0,2025-03-06,sell,board,liquid_universe-2025-02-19-6206,6206,
2887739.81,29530.0,2025-03-06,sell,odd,liquid_universe-2025-02-19-6206,6206,
3914988.81,1027249.0,2025-03-11,sell,board,liquid_universe-2024-11-28-4979,4979,
3955105.56,40116.75,2025-03-11,sell,odd,liquid_universe-2024-11-28-4979,4979,
2833247.56,-1121858.0,2025-06-11,buy,board,liquid_universe-2025-06-10-2429,2429,
2820758.51,-12489.05,2025-06-11,buy,odd,liquid_universe-2025-06-10-2429,2429,
2121640.51,-699118.0,2025-06-11,buy,board,liquid_universe-2025-06-10-6838,6838,
2117350.86,-4289.65,2025-06-11,buy,odd,liquid_universe-2025-06-10-6838,6838,
907826.86,-1209524.0,2025-06-11,buy,board,liquid_universe-2025-06-10-4722,4722,
907654.66,-172.2,2025-06-11,buy,odd,liquid_universe-2025-06-10-4722,4722,
1369346.66,461692.0,2025-07-02,sell,board,liquid_universe-2025-06-10-4722,4722,
1369458.46,111.8,2025-07-02,sell,odd,liquid_universe-2025-06-10-4722,4722,
1827681.46,458223.0,2025-07-03,sell,board,liquid_universe-2025-06-10-4722,4722,
1957214.46,129533.0,2025-07-04,sell,board,liquid_universe-2025-06-10-4722,4722,
2852898.46,895684.0,2025-07-07,sell,board,liquid_universe-2025-06-10-2429,2429,
2858284.26,5385.8,2025-07-07,sell,odd,liquid_universe-2025-06-10-2429,2429,
1847832.26,-1010452.0,2025-07-07,buy,board,liquid_universe-2025-07-04-4991,4991,
1771942.26,-75890.0,2025-07-07,buy,odd,liquid_universe-2025-07-04-4991,4991,
1776730.26,4788.0,2025-07-08,sell,odd,liquid_universe-2025-06-10-2429,2429,
757476.26,-1019254.0,2025-07-08,buy,board,liquid_universe-2025-07-07-3297,3297,
730376.26,-27100.0,2025-07-08,buy,odd,liquid_universe-2025-07-07-3297,3297,
1617140.26,886764.0,2025-07-24,sell,board,liquid_universe-2025-07-07-3297,3297,
1629256.51,12116.25,2025-07-24,sell,odd,liquid_universe-2025-07-07-3297,3297,
1637872.91,8616.4,2025-07-25,sell,odd,liquid_universe-2025-07-07-3297,3297,
663633.91,-974239.0,2025-07-25,buy,board,liquid_universe-2025-07-24-8358,8358,
611669.71,-51964.2,2025-07-25,buy,odd,liquid_universe-2025-07-24-8358,8358,
614276.81,2607.1,2025-07-28,sell,odd,liquid_universe-2025-07-07-3297,3297,
677060.81,62784.0,2025-09-08,sell,board,liquid_universe-2025-06-10-6838,6838,
677418.81,358.0,2025-09-08,sell,odd,liquid_universe-2025-06-10-6838,6838,
801004.81,123586.0,2025-09-09,sell,board,liquid_universe-2025-06-10-6838,6838,
802016.31,1011.5,2025-09-09,sell,odd,liquid_universe-2025-06-10-6838,6838,
863215.31,61199.0,2025-09-10,sell,board,liquid_universe-2025-06-10-6838,6838,
863593.69,378.38,2025-09-10,sell,odd,liquid_universe-2025-06-10-6838,6838,
954796.69,91203.0,2025-09-11,sell,board,liquid_universe-2025-06-10-6838,6838,
955538.82,742.13,2025-09-11,sell,odd,liquid_universe-2025-06-10-6838,6838,
985938.82,30400.0,2025-09-12,sell,board,liquid_universe-2025-06-10-6838,6838,
986438.0,499.18,2025-09-12,sell,odd,liquid_universe-2025-06-10-6838,6838,
1047042.0,60604.0,2025-09-15,sell,board,liquid_universe-2025-06-10-6838,6838,
1047295.4,253.4,2025-09-15,sell,odd,liquid_universe-2025-06-10-6838,6838,
1077720.4,30425.0,2025-09-16,sell,board,liquid_universe-2025-06-10-6838,6838,
1077852.78,132.38,2025-09-16,sell,odd,liquid_universe-2025-06-10-6838,6838,
1169427.78,91575.0,2025-09-17,sell,board,liquid_universe-2025-06-10-6838,6838,
1169686.35,258.57,2025-09-17,sell,odd,liquid_universe-2025-06-10-6838,6838,
1231331.35,61645.0,2025-09-18,sell,board,liquid_universe-2025-06-10-6838,6838,
89002.35,-1142329.0,2025-09-19,buy,board,liquid_universe-2025-09-18-2344,2344,
72901.07,-16101.28,2025-09-19,buy,odd,liquid_universe-2025-09-18-2344,2344,
1052826.07,979925.0,2025-10-03,sell,board,liquid_universe-2025-07-04-4991,4991,
1095167.07,42341.0,2025-10-03,sell,odd,liquid_universe-2025-07-04-4991,4991,
1127668.82,32501.75,2025-10-07,sell,odd,liquid_universe-2025-07-04-4991,4991,
263578.82,-864090.0,2025-10-07,buy,board,liquid_universe-2025-10-03-8299,8299,
93315.82,-170263.0,2025-10-07,buy,odd,liquid_universe-2025-10-03-8299,8299,
2273680.82,2180365.0,2025-10-28,sell,board,liquid_universe-2025-07-24-8358,8358,
2389807.82,116127.0,2025-10-28,sell,odd,liquid_universe-2025-07-24-8358,8358,
808493.82,-1581314.0,2025-10-29,buy,board,liquid_universe-2025-10-28-2408,2408,
717741.32,-90752.5,2025-10-29,buy,odd,liquid_universe-2025-10-28-2408,2408,
3191068.32,2473327.0,2025-12-23,sell,board,liquid_universe-2025-09-18-2344,2344,
3226153.92,35085.6,2025-12-23,sell,odd,liquid_universe-2025-09-18-2344,2344,
2288228.92,-937925.0,2025-12-24,buy,board,liquid_universe-2025-12-23-6588,6588,
2282583.12,-5645.8,2025-12-24,buy,odd,liquid_universe-2025-12-23-6588,6588,
3950066.12,1667483.0,2026-01-08,sell,board,liquid_universe-2025-10-03-8299,8299,
4278123.62,328057.5,2026-01-08,sell,odd,liquid_universe-2025-10-03-8299,8299,
1820573.62,-2457550.0,2026-01-09,buy,board,liquid_universe-2026-01-08-6443,6443,
1810667.47,-9906.15,2026-01-09,buy,odd,liquid_universe-2026-01-08-6443,6443,
1818110.31,7442.84,2026-01-13,dividend_payment,,,8299,8299-cash-2025-12-16
5293810.31,3475700.0,2026-01-28,sell,board,liquid_universe-2025-10-28-2408,2408,
5493492.31,199682.0,2026-01-28,sell,odd,liquid_universe-2025-10-28-2408,2408,
2647377.31,-2846115.0,2026-01-29,buy,board,liquid_universe-2026-01-28-4533,4533,
2631932.16,-15445.15,2026-01-29,buy,odd,liquid_universe-2026-01-28-4533,4533,
3582546.16,950614.0,2026-02-06,sell,board,liquid_universe-2026-01-28-4533,4533,
3590011.26,7465.1,2026-02-06,sell,odd,liquid_universe-2026-01-28-4533,4533,
4738171.26,1148160.0,2026-02-09,sell,board,liquid_universe-2026-01-28-4533,4533,
4743322.31,5151.05,2026-02-09,sell,odd,liquid_universe-2026-01-28-4533,4533,
4963588.31,220266.0,2026-02-10,sell,board,liquid_universe-2026-01-28-4533,4533,
2091923.31,-2871665.0,2026-02-11,buy,board,liquid_universe-2026-02-10-5386,5386,
2011122.31,-80801.0,2026-02-11,buy,odd,liquid_universe-2026-02-10-5386,5386,
4392675.31,2381553.0,2026-04-08,sell,board,liquid_universe-2025-12-23-6588,6588,
4406777.31,14102.0,2026-04-08,sell,odd,liquid_universe-2025-12-23-6588,6588,
367988.31,-4038789.0,2026-04-09,buy,board,liquid_universe-2026-04-08-7751,7751,
359891.31,-8097.0,2026-04-09,buy,odd,liquid_universe-2026-04-08-7751,7751,
2008247.31,1648356.0,2026-04-22,sell,board,liquid_universe-2026-01-08-6443,6443,
2020709.89,12462.58,2026-04-22,sell,odd,liquid_universe-2026-01-08-6443,6443,
3426995.89,1406286.0,2026-04-23,sell,board,liquid_universe-2026-01-08-6443,6443,
2437969.89,-989026.0,2026-04-24,buy,board,liquid_universe-2026-04-23-4741,4741,
2425408.09,-12561.8,2026-04-24,buy,odd,liquid_universe-2026-04-23-4741,4741,
5671178.09,3245770.0,2026-05-14,sell,board,liquid_universe-2026-04-08-7751,7751,
5677769.09,6591.0,2026-05-14,sell,odd,liquid_universe-2026-04-08-7751,7751,
4748897.09,-928872.0,2026-05-15,buy,board,liquid_universe-2026-05-14-3024,3024,
4745377.09,-3520.0,2026-05-15,buy,odd,liquid_universe-2026-05-14-3024,3024,
15488135.09,10742758.0,2026-05-26,sell,board,liquid_universe-2026-02-10-5386,5386,
15781592.09,293457.0,2026-05-26,sell,odd,liquid_universe-2026-02-10-5386,5386,
10784157.09,-4997435.0,2026-05-27,buy,board,liquid_universe-2026-05-26-1597,1597,
10760534.09,-23623.0,2026-05-27,buy,odd,liquid_universe-2026-05-26-1597,1597,
11457408.09,696874.0,2026-06-01,sell,board,liquid_universe-2026-05-14-3024,3024,
11459603.09,2195.0,2026-06-01,sell,odd,liquid_universe-2026-05-14-3024,3024,
11527616.09,68013.0,2026-06-02,sell,board,liquid_universe-2026-05-14-3024,3024,
11528320.16,704.07,2026-06-02,sell,odd,liquid_universe-2026-05-14-3024,3024,
15500549.16,3972229.0,2026-06-03,sell,board,liquid_universe-2026-05-26-1597,1597,
15519332.66,18783.5,2026-06-03,sell,odd,liquid_universe-2026-05-26-1597,1597,
10315883.66,-5203449.0,2026-06-03,buy,board,liquid_universe-2026-06-02-2356,2356,
10232051.21,-83832.45,2026-06-03,buy,odd,liquid_universe-2026-06-02-2356,2356,
5177579.21,-5054472.0,2026-06-04,buy,board,liquid_universe-2026-06-03-3149,3149,
5114240.41,-63338.8,2026-06-04,buy,odd,liquid_universe-2026-06-03-3149,3149,
9294743.41,4180503.0,2026-06-09,sell,board,liquid_universe-2026-06-02-2356,2356,
9361763.91,67020.5,2026-06-09,sell,odd,liquid_universe-2026-06-02-2356,2356,
4649507.91,-4712256.0,2026-06-10,buy,board,liquid_universe-2026-06-09-2478,2478,
4518841.66,-130666.25,2026-06-10,buy,odd,liquid_universe-2026-06-09-2478,2478,
4523702.86,4861.2,2026-07-13,dividend_payment,,,4741,4741-cash-2026-06-22
4656457.86,132755.0,2026-07-20,sell,board,liquid_universe-2026-04-23-4741,4741,
4657196.44,738.58,2026-07-20,sell,odd,liquid_universe-2026-04-23-4741,4741,
8296423.44,3639227.0,2026-07-20,sell,board,liquid_universe-2026-06-09-2478,2478,
8367867.69,71444.25,2026-07-20,sell,odd,liquid_universe-2026-06-09-2478,2478,
8413333.69,45466.0,2026-07-21,sell,board,liquid_universe-2026-04-23-4741,4741,
8413971.19,637.5,2026-07-21,sell,odd,liquid_universe-2026-04-23-4741,4741,
8440292.19,26321.0,2026-07-21,sell,odd,liquid_universe-2026-06-09-2478,2478,
7574140.19,-866152.0,2026-07-21,buy,board,liquid_universe-2026-07-20-2527,2527,
7565715.49,-8424.7,2026-07-21,buy,odd,liquid_universe-2026-07-20-2527,2527,
7657687.49,91972.0,2026-07-22,sell,board,liquid_universe-2026-04-23-4741,4741,
7658186.27,498.78,2026-07-22,sell,odd,liquid_universe-2026-04-23-4741,4741,
7705015.27,46829.0,2026-07-23,sell,board,liquid_universe-2026-04-23-4741,4741,
7705322.8,307.53,2026-07-23,sell,odd,liquid_universe-2026-04-23-4741,4741,
11462289.8,3756967.0,2026-07-23,sell,board,liquid_universe-2026-06-03-3149,3149,
11508067.55,45777.75,2026-07-23,sell,odd,liquid_universe-2026-06-03-3149,3149,
11554573.55,46506.0,2026-07-24,sell,board,liquid_universe-2026-04-23-4741,4741,
11555216.4,642.85,2026-07-24,sell,odd,liquid_universe-2026-04-23-4741,4741,
7839580.4,-3715636.0,2026-07-24,buy,board,liquid_universe-2026-07-23-8039,8039,
7813791.4,-25789.0,2026-07-24,buy,odd,liquid_universe-2026-07-23-8039,8039,
7814230.65,439.25,2026-07-27,sell,odd,liquid_universe-2026-04-23-4741,4741,
7944457.65,130227.0,2026-07-28,sell,board,liquid_universe-2026-04-23-4741,4741,
7945181.35,723.7,2026-07-28,sell,odd,liquid_universe-2026-04-23-4741,4741,
8069239.35,124058.0,2026-07-29,sell,board,liquid_universe-2026-04-23-4741,4741,
8070455.0,1215.65,2026-07-29,sell,odd,liquid_universe-2026-04-23-4741,4741,
8612549.0,542094.0,2026-07-29,sell,board,liquid_universe-2026-07-20-2527,2527,
8618226.3,5677.3,2026-07-29,sell,odd,liquid_universe-2026-07-20-2527,2527,
11271830.3,2653604.0,2026-07-29,sell,board,liquid_universe-2026-07-23-8039,8039,
11346755.3,74925.0,2026-07-30,sell,board,liquid_universe-2026-04-23-4741,4741,
11347176.15,420.85,2026-07-30,sell,odd,liquid_universe-2026-04-23-4741,4741,
11509712.15,162536.0,2026-07-30,sell,board,liquid_universe-2026-07-20-2527,2527,
11510907.15,1195.0,2026-07-30,sell,odd,liquid_universe-2026-07-20-2527,2527,
11528145.15,17238.0,2026-07-30,sell,odd,liquid_universe-2026-07-23-8039,8039,
11583619.15,55474.0,2026-07-31,dividend_payment,,,2478,2478-cash-2026-07-09
11584899.75,1280.6,2026-07-31,sell,odd,liquid_universe-2026-04-23-4741,4741,
9345710.75,-2239189.0,2026-07-31,buy,board,liquid_universe-2026-07-30-2207,2207,
9156721.75,-188989.0,2026-07-31,buy,odd,liquid_universe-2026-07-30-2207,2207,
5972214.75,-3184507.0,2026-07-31,buy,board,liquid_universe-2026-07-30-1476,1476,
5835086.0,-137128.75,2026-07-31,buy,odd,liquid_universe-2026-07-30-1476,1476,
5170622.0,-664464.0,2026-07-31,buy,board,liquid_universe-2026-07-30-2540,2540,
5143882.4,-26739.6,2026-07-31,buy,odd,liquid_universe-2026-07-30-2540,2540,
5144533.6,651.2,2026-08-03,sell,odd,liquid_universe-2026-04-23-4741,4741,
5145557.4,1023.8,2026-08-04,sell,odd,liquid_universe-2026-04-23-4741,4741,
5628780.4,483223.0,2026-08-11,sell,board,liquid_universe-2026-07-30-2540,2540,
5642284.28,13503.88,2026-08-11,sell,odd,liquid_universe-2026-07-30-2540,2540,
5648401.13,6116.85,2026-08-12,sell,odd,liquid_universe-2026-07-30-2540,2540,
2468672.13,-3179729.0,2026-08-12,buy,board,liquid_universe-2026-08-11-9921,9921,
2387828.88,-80843.25,2026-08-12,buy,odd,liquid_universe-2026-08-11-9921,9921,
2456504.88,68676.0,2026-08-27,dividend_payment,,,2540,2540-cash-2026-08-10
5103417.88,2646913.0,2026-09-09,sell,board,liquid_universe-2026-07-30-1476,1476,
5217235.13,113817.25,2026-09-09,sell,odd,liquid_universe-2026-07-30-1476,1476,
