arm,label,start,end,start_nav,end_nav,total_return,max_drawdown,benchmark_return,excess_return
original,原版,2019-01-02,2021-12-30,1000000.0,1020809.78,0.02080978,-0.36026779884954574,1.1453434599999999,-1.1245336799999999
original,原版,2022-01-03,2024-12-31,1020809.78,1788025.5700000003,0.7515756657425443,-0.24894590771557312,0.48772906507007496,0.26384660067246934
original,原版,2025-01-02,2026-09-09,1788025.5700000003,5816028.58,2.2527658874587564,-0.27190341669465334,1.3289041947064897,0.9238616927522667
cap40,既有集中度控制,2019-01-02,2021-12-30,1000000.0,1014926.4299999999,0.014926429999999824,-0.36026779884954574,1.1453434599999999,-1.13041703
cap40,既有集中度控制,2022-01-03,2024-12-31,1014926.4299999999,1739508.6,0.713925806425201,-0.25066113911910104,0.48772906507007496,0.22619674135512602
cap40,既有集中度控制,2025-01-02,2026-09-09,1739508.6,6503678.06,2.738801900720697,-0.21497946112632138,1.3289041947064897,1.4098977060142075
median50m,20 日中位數至少五千萬,2019-01-02,2021-12-30,1000000.0,964190.5499999999,-0.03580945000000002,-0.42092812069879537,1.1453434599999999,-1.1811529099999998
median50m,20 日中位數至少五千萬,2022-01-03,2024-12-31,964190.5499999999,1747909.3,0.8128255872244341,-0.24644328100497015,0.48772906507007496,0.32509652215435914
median50m,20 日中位數至少五千萬,2025-01-02,2026-09-09,1747909.3,5728768.69,2.2774976882381712,-0.2721853353781728,1.3289041947064897,0.9485934935316815
prior50m,前 20 日均值至少五千萬,2019-01-02,2021-12-30,1000000.0,1020809.78,0.02080978,-0.36026779884954574,1.1453434599999999,-1.1245336799999999
prior50m,前 20 日均值至少五千萬,2022-01-03,2024-12-31,1020809.78,1788025.5700000003,0.7515756657425443,-0.24894590771557312,0.48772906507007496,0.26384660067246934
prior50m,前 20 日均值至少五千萬,2025-01-02,2026-09-09,1788025.5700000003,5816028.58,2.2527658874587564,-0.27190341669465334,1.3289041947064897,0.9238616927522667
persistent50m,兩條件同時符合,2019-01-02,2021-12-30,1000000.0,964190.5499999999,-0.03580945000000002,-0.42092812069879537,1.1453434599999999,-1.1811529099999998
persistent50m,兩條件同時符合,2022-01-03,2024-12-31,964190.5499999999,1747909.3,0.8128255872244341,-0.24644328100497015,0.48772906507007496,0.32509652215435914
persistent50m,兩條件同時符合,2025-01-02,2026-09-09,1747909.3,5728768.69,2.2774976882381712,-0.2721853353781728,1.3289041947064897,0.9485934935316815
benchmark,0050 股息再投入,2019-01-02,2021-12-30,1000000.0,2145343.46,1.1453434599999999,-0.2815996329011602,1.1453434599999999,0.0
benchmark,0050 股息再投入,2022-01-03,2024-12-31,2145343.46,3191689.82,0.48772906507007496,-0.3390680994372489,0.48772906507007496,0.0
benchmark,0050 股息再投入,2025-01-02,2026-09-09,3191689.82,7433139.8100000005,1.3289041947064897,-0.2749849340752484,1.3289041947064897,0.0
