breadth,breadth5,breadth_count,close_location,decision_close_gain,decision_end,distance20,entry_date,event_id,exit_date,exit_reason,green,max_close_gain,min_close_gain,name,path_category,return5,signal_date,stock_id,decisions_breadth3,decisions_control3,decisions_not_extended3,decisions_strong_close3,reasons_breadth3,reasons_control3,reasons_not_extended3,reasons_strong_close3
0.9047619047619048,0.8745874587458746,315.0,1.0,-0.0507497116493657,2019-05-28,0.3531018337885292,2019-02-22,liquid_universe-2019-02-21-6188,2019-05-30,time63,3.3500000000000014,0.3379469434832756,-0.11880046136101496,廣明,rose15_then_nonpositive,0.14078947368421058,2019-02-21,6188,True,True,False,True,keep,control,filter,keep
0.9047619047619048,0.8745874587458746,315.0,1.0,0.394871794871795,2019-05-28,0.24111263564924523,2019-02-22,liquid_universe-2019-02-21-3049,2019-05-30,time63,0.5,0.5897435897435899,0.0,精金,positive_at_exit_decision,0.19161676646706582,2019-02-21,3049,True,True,False,True,keep,control,filter,keep
0.9047619047619048,0.8745874587458746,315.0,0.8269230769230782,-0.1424657534246575,2019-05-08,0.1800947867298579,2019-02-22,liquid_universe-2019-02-21-3356,2019-05-13,loss12,1.3000000000000043,0.017808219178082174,-0.1424657534246575,奇偶,never_above_5pct,0.15813953488372112,2019-02-21,3356,True,True,False,True,keep,control,filter,keep
0.18624641833810887,0.49184782608695654,349.0,1.0,-0.03214418045947742,2019-08-08,0.18291133053084363,2019-05-13,liquid_universe-2019-05-10-3227,2019-08-20,time63,5.0,0.04819277108433728,-0.10368134972986387,原相,never_above_5pct,0.0755555555555556,2019-05-10,3227,False,True,False,True,filter,control,filter,keep
0.36741214057507987,0.24085365853658536,313.0,1.0,0.07990600469976505,2019-08-29,0.2061167348696964,2019-05-31,liquid_universe-2019-05-30-2520,2019-09-11,time63,1.3999999999999986,0.12582037564788418,-0.07987600619969004,冠德,positive_at_exit_decision,0.1740041928721172,2019-05-30,2520,False,True,False,True,filter,control,filter,keep
0.36741214057507987,0.24085365853658536,313.0,0.6296296296296303,-0.11999999999999988,2019-08-05,0.12677619893428083,2019-05-31,liquid_universe-2019-05-30-2841,2019-08-08,loss12,0.16999999999999993,0.0050000000000001155,-0.11999999999999988,台開,never_above_5pct,0.1092896174863387,2019-05-30,2841,False,True,True,False,filter,control,keep,filter
0.24,0.59375,350.0,0.9811320754716992,0.5864236668510299,2019-11-11,0.2274607113316791,2019-08-08,liquid_universe-2019-08-07-3680,2019-11-13,time63,4.799999999999997,0.7715064279836501,-0.060043977390764836,家登,positive_at_exit_decision,0.10252600297176828,2019-08-07,3680,False,True,False,True,filter,control,filter,keep
0.37790697674418605,0.3142857142857143,344.0,0.43636363636363634,0.6180904522613067,2019-11-13,0.32733286341701473,2019-08-13,liquid_universe-2019-08-12-6510,2019-11-18,time63,-3.0,0.6515912897822445,-0.04690117252931325,精測,positive_at_exit_decision,0.3232432432432433,2019-08-12,6510,False,True,False,False,filter,control,filter,filter
0.7404129793510325,0.5970588235294118,339.0,0.16666666666666666,-0.12997347480106114,2019-09-04,0.4901960784313726,2019-09-02,liquid_universe-2019-08-30-6231,2019-09-05,loss12,0.5,0.0,-0.12997347480106114,系微,never_above_5pct,0.34513274336283195,2019-08-30,6231,True,True,False,False,keep,control,filter,filter
0.844574780058651,0.6130952380952381,341.0,1.0,-0.033527696793002826,2019-12-09,0.38091996499076175,2019-09-06,liquid_universe-2019-09-05-2367,2019-12-16,time63,2.200000000000003,0.09329446064139968,-0.07871720116618064,燿華,small_rise_then_nonpositive,0.2839059674502715,2019-09-05,2367,True,True,False,True,keep,control,filter,keep
0.47262247838616717,0.7305389221556886,347.0,0.6500000000000004,-0.17665615141955837,2019-11-20,0.2022687330244448,2019-11-13,liquid_universe-2019-11-12-5905,2019-12-02,loss12,0.6500000000000004,0.0,-0.17665615141955837,南仁湖,never_above_5pct,0.07885304659498216,2019-11-12,5905,False,True,False,False,filter,control,filter,filter
0.3953488372093023,0.6011560693641619,344.0,0.8253968253968262,-0.12345679012345678,2019-12-30,0.341197822141561,2019-11-15,liquid_universe-2019-11-14-6667,2019-12-31,loss12,4.400000000000006,0.09876543209876543,-0.12345679012345678,信紘科,small_rise_then_nonpositive,0.22350993377483452,2019-11-14,6667,False,True,False,True,filter,control,filter,keep
0.4502923976608187,0.3953488372093023,342.0,0.6274509803921559,-0.13831775700934568,2020-01-08,0.146323606317331,2019-11-22,liquid_universe-2019-11-21-3221,2020-02-05,loss12,0.75,0.05794392523364489,-0.13831775700934568,台嘉碩,small_rise_then_nonpositive,0.09381237524950103,2019-11-21,3221,False,True,True,False,filter,control,keep,filter
0.5705521472392638,0.4491017964071856,326.0,0.8571428571428575,-0.14788732394366189,2019-12-16,0.18495506490624636,2019-12-11,liquid_universe-2019-12-10-6185,2019-12-20,loss12,1.1999999999999993,0.0,-0.14788732394366189,幃翔,never_above_5pct,0.06374501992031867,2019-12-10,6185,True,True,False,True,keep,control,filter,keep
0.7142857142857143,0.5705521472392638,329.0,0.12499999999999334,-0.12874251497005984,2020-03-13,0.22053947486333914,2019-12-18,liquid_universe-2019-12-17-3260,2020-03-17,loss12,-1.4000000000000057,0.13772455089820368,-0.12874251497005984,威剛,small_rise_then_nonpositive,0.15033783783783772,2019-12-17,3260,True,True,False,False,keep,control,filter,filter
0.7197640117994101,0.6549707602339181,339.0,0.8181818181818182,-0.12734864300626292,2020-01-30,0.23084846143942328,2020-01-02,liquid_universe-2019-12-31-2492,2020-02-03,loss12,8.0,0.06680584551148239,-0.12734864300626292,華新科,small_rise_then_nonpositive,0.14903846153846145,2019-12-31,2492,True,True,False,True,keep,control,filter,keep
0.4166666666666667,0.6332378223495702,336.0,0.4807692307692308,0.26120218579234966,2020-04-22,0.1765462260511763,2020-01-13,liquid_universe-2020-01-10-3293,2020-04-24,time63,8.0,0.38797814207650294,-0.02076502732240426,鈊象,positive_at_exit_decision,0.18677042801556398,2020-01-10,3293,False,True,False,False,filter,control,filter,filter
0.18075801749271136,0.6325301204819277,343.0,0.7105263157894737,-0.12211538461538463,2020-02-11,0.1842027355083189,2020-02-03,liquid_universe-2020-01-31-3178,2020-02-12,loss12,2.0,0.011538461538461497,-0.12211538461538463,公準,never_above_5pct,0.06269925611052085,2020-01-31,3178,False,True,False,True,filter,control,filter,keep
0.41359773371104813,0.22535211267605634,353.0,0.9473684210526307,-0.13043478260869568,2020-03-19,0.25463358996293106,2020-02-13,liquid_universe-2020-02-12-4707,2020-03-31,loss12,0.8999999999999986,0.189723320158103,-0.13043478260869568,磐亞,rose15_then_nonpositive,0.2815533980582523,2020-02-12,4707,False,True,False,True,filter,control,filter,keep
0.8741721854304636,0.7114093959731543,453.0,1.0,-0.12883435582822078,2020-06-15,0.41943316057337654,2020-06-04,liquid_universe-2020-06-03-3693,2020-06-16,loss12,6.0,0.01840490797546024,-0.12883435582822078,營邦,never_above_5pct,0.1875,2020-06-03,3693,True,True,False,True,keep,control,filter,keep
0.8741721854304636,0.7114093959731543,453.0,0.8333333333333326,0.6863164623265476,2020-09-02,0.2625418060200668,2020-06-04,liquid_universe-2020-06-03-1309,2020-09-04,time63,0.9000000000000004,0.6863164623265476,-0.023972602739726123,台達化,positive_at_exit_decision,0.20318725099601576,2020-06-03,1309,True,True,False,True,keep,control,filter,keep
0.8741721854304636,0.7114093959731543,453.0,0.9130434782608685,-0.13753581661891112,2020-06-10,0.15017499204581597,2020-06-04,liquid_universe-2020-06-03-3556,2020-06-15,loss12,3.5,0.0,-0.13753581661891112,禾瑞亞,never_above_5pct,0.06011730205278587,2020-06-03,3556,True,True,False,True,keep,control,filter,keep
0.6414686825053996,0.9013157894736842,463.0,0.27027027027027056,1.8247374027684615,2020-09-10,0.39714525608732143,2020-06-12,liquid_universe-2020-06-11-2417,2020-09-11,time63,-1.1999999999999993,2.4705171822505205,0.0,圓剛,positive_at_exit_decision,0.40067340067340074,2020-06-11,2417,False,True,False,False,filter,control,filter,filter
0.6616702355460385,0.8614718614718615,467.0,0.7307692307692298,-0.12426035502958588,2020-06-19,0.36118775456576,2020-06-17,liquid_universe-2020-06-16-1799,2020-07-01,loss12,1.6999999999999993,0.0,-0.12426035502958588,易威,never_above_5pct,0.4885057471264369,2020-06-16,1799,False,True,False,True,filter,control,filter,keep
0.6764705882352942,0.4470842332613391,476.0,1.0,-0.19001386962552003,2020-07-28,0.483765103674606,2020-06-23,liquid_universe-2020-06-22-4192,2020-07-31,loss12,0.29999999999999716,0.9556171983356452,-0.19001386962552003,杏國,rose15_then_nonpositive,0.21103896103896091,2020-06-22,4192,True,True,False,True,keep,control,filter,keep
0.30174081237911027,0.6776061776061776,517.0,0.9545454545454539,-0.14463840399002503,2020-08-12,0.2808989581779213,2020-07-30,liquid_universe-2020-07-29-4755,2020-08-17,loss12,3.799999999999997,0.013715710723191998,-0.14463840399002503,三福化,never_above_5pct,0.17130307467057104,2020-07-29,4755,False,True,False,True,filter,control,filter,keep
0.5265392781316348,0.6826722338204593,471.0,0.27586206896551724,-0.14583333333333326,2020-08-28,0.25979708611818997,2020-08-14,liquid_universe-2020-08-13-8046,2020-08-31,loss12,-5.0,0.0,-0.14583333333333326,南電,never_above_5pct,0.10548523206751059,2020-08-13,8046,False,True,False,False,filter,control,filter,filter
0.570264765784114,0.4989816700610998,491.0,1.0,0.06185567010309301,2020-12-01,0.411451398135819,2020-09-01,liquid_universe-2020-08-31-3027,2020-12-22,time63,1.5999999999999979,0.30927835051546393,-0.03092783505154617,盛達,positive_at_exit_decision,0.354632587859425,2020-08-31,3027,True,True,False,True,keep,control,filter,keep
0.6351084812623274,0.5975359342915811,507.0,0.5,-0.15359477124183007,2020-09-08,0.3743218806509945,2020-09-04,liquid_universe-2020-09-03-3669,2020-09-09,loss12,2.0,0.0,-0.15359477124183007,圓展,never_above_5pct,0.10144927536231885,2020-09-03,3669,True,True,False,False,keep,control,filter,filter
0.5436507936507936,0.6272189349112426,504.0,1.0,-0.13235294117647056,2020-09-15,0.5966020401106666,2020-09-10,liquid_universe-2020-09-09-6492,2020-09-16,loss12,32.5,0.008169934640523069,-0.13235294117647056,生華科,never_above_5pct,0.603448275862069,2020-09-09,6492,False,True,False,True,filter,control,filter,keep
0.39173228346456695,0.5773809523809523,508.0,0.9677419354838728,-0.12269938650306755,2020-09-29,0.4668935894318831,2020-09-14,liquid_universe-2020-09-11-3686,2020-09-30,loss12,1.25,0.030674846625766916,-0.12269938650306755,達能,never_above_5pct,0.2271186440677968,2020-09-11,3686,False,True,False,True,filter,control,filter,keep
0.5991983967935872,0.5436507936507936,499.0,0.5344827586206902,0.3058350100603624,2020-12-17,0.41204390388608747,2020-09-17,liquid_universe-2020-09-16-6233,2020-12-18,time63,0.6500000000000021,0.43460764587525147,-0.0865191146881289,旺玖,positive_at_exit_decision,0.4968553459119496,2020-09-16,6233,True,True,False,False,keep,control,filter,filter
0.21179039301310043,0.3182751540041068,458.0,1.0,0.11221590909090895,2020-12-31,0.29709811146936915,2020-10-05,liquid_universe-2020-09-30-6283,2021-01-04,time63,1.6000000000000014,0.24431818181818166,-0.042613636363636354,淳安,positive_at_exit_decision,0.39682539682539697,2020-09-30,6283,False,True,False,True,filter,control,filter,keep
0.7678916827852998,0.8117154811715481,517.0,0.5357142857142863,-0.0754437869822484,2021-03-12,0.3334518623877678,2020-12-03,liquid_universe-2020-12-02-2206,2021-03-25,time63,1.0,0.10059171597633165,-0.08875739644970404,三陽工業,small_rise_then_nonpositive,0.24584717607973428,2020-12-02,2206,False,True,False,False,filter,control,filter,filter
0.5044722719141324,0.5575868372943327,559.0,1.0,-0.12320328542094461,2021-01-27,0.35536178675233265,2020-12-21,liquid_universe-2020-12-18-2009,2021-01-28,loss12,1.7999999999999972,0.2648870636550307,-0.12320328542094461,第一銅,rose15_then_nonpositive,0.2693409742120343,2020-12-18,2009,False,True,False,True,filter,control,filter,keep
0.7535714285714286,0.5283687943262412,560.0,1.0,-0.13461538461538458,2021-01-13,0.4887751083103582,2021-01-05,liquid_universe-2021-01-04-6129,2021-01-19,loss12,1.0499999999999972,0.0,-0.13461538461538458,普誠,never_above_5pct,0.4651162790697674,2021-01-04,6129,True,True,False,True,keep,control,filter,keep
0.6438356164383562,0.6910994764397905,584.0,1.0,-0.12434141201264504,2021-01-26,0.30612244897959195,2021-01-15,liquid_universe-2021-01-14-4976,2021-01-28,loss12,7.0,0.0,-0.12434141201264504,佳凌,never_above_5pct,0.1717171717171717,2021-01-14,4976,False,True,False,True,filter,control,filter,keep
0.3787085514834206,0.2937181663837012,573.0,1.0,-0.17948717948717952,2021-03-08,0.3307392996108949,2021-01-28,liquid_universe-2021-01-27-3552,2021-03-18,loss12,13.5,0.2019230769230771,-0.17948717948717952,同致,rose15_then_nonpositive,0.3544554455445543,2021-01-27,3552,False,True,False,True,filter,control,filter,keep
0.3105263157894737,0.3,570.0,0.5161290322580647,-0.047311827956989405,2021-05-12,0.4686567164179103,2021-01-29,liquid_universe-2021-01-28-8024,2021-05-18,time63,0.05000000000000071,0.8559139784946237,-0.10537634408602148,佑華,rose15_then_nonpositive,0.35164835164835173,2021-01-28,8024,False,True,False,False,filter,control,filter,filter
0.79073756432247,0.6340579710144928,583.0,0.5238095238095238,-0.12321428571428572,2021-05-12,0.30748170084371673,2021-03-17,liquid_universe-2021-03-16-6485,2021-05-17,loss12,2.5,0.3928571428571428,-0.12321428571428572,點序,rose15_then_nonpositive,0.35416666666666674,2021-03-16,6485,True,True,False,False,keep,control,filter,filter
0.79073756432247,0.6340579710144928,583.0,0.4642857142857143,-0.1232464929859719,2021-04-13,0.3262854396924555,2021-03-17,liquid_universe-2021-03-16-3228,2021-04-14,loss12,-4.0,0.13426853707414832,-0.1232464929859719,金麗科,small_rise_then_nonpositive,0.2931726907630521,2021-03-16,3228,True,True,False,False,keep,control,filter,filter
0.6180081855388813,0.882262996941896,733.0,0.7538461538461536,1.2324561403508771,2021-07-14,0.27689104788341434,2021-04-15,liquid_universe-2021-04-14-5608,2021-07-15,time63,0.6499999999999986,2.1184210526315788,0.0,四維航,positive_at_exit_decision,0.1886304909560721,2021-04-14,5608,False,True,False,True,filter,control,filter,keep
0.0520694259012016,0.35128205128205126,749.0,0.7363636363636363,-0.17386091127098324,2021-05-19,0.299991436156547,2021-05-17,liquid_universe-2021-05-14-6547,2021-05-20,loss12,21.5,0.0,-0.17386091127098324,高端疫苗,never_above_5pct,0.3799999999999999,2021-05-14,6547,False,True,False,True,filter,control,filter,keep
0.09299191374663072,0.21080368906455862,742.0,1.0,-0.14939024390243894,2021-05-21,0.5794059405940593,2021-05-19,liquid_universe-2021-05-18-1732,2021-05-26,loss12,0.0,0.0,-0.14939024390243894,毛寶,never_above_5pct,0.6080645161290321,2021-05-18,1732,False,True,False,True,filter,control,filter,keep
0.09318497913769123,0.0582010582010582,719.0,0.3125,-0.1652024446142094,2021-07-13,0.34513062712979004,2021-05-21,liquid_universe-2021-05-20-1760,2021-07-20,loss12,1.5,0.20098039215686292,-0.1652024446142094,寶齡富錦,rose15_then_nonpositive,0.3081395348837208,2021-05-20,1760,False,True,False,False,filter,control,filter,filter
0.19593613933236576,0.05843293492695883,689.0,1.0,0.9356223175965666,2021-08-20,0.3235916984328675,2021-05-25,liquid_universe-2021-05-24-2615,2021-08-23,time63,8.0,1.8841201716738194,0.0,萬海,positive_at_exit_decision,0.5984654731457799,2021-05-24,2615,False,True,False,True,filter,control,filter,keep
0.6019261637239165,0.7516778523489933,623.0,1.0,-0.18345705196182405,2021-07-28,0.31412974828951223,2021-07-15,liquid_universe-2021-07-14-6170,2021-08-06,loss12,3.8999999999999986,0.0,-0.18345705196182405,統振,never_above_5pct,0.17695473251028782,2021-07-14,6170,False,True,False,True,filter,control,filter,keep
0.6883942766295708,0.7718120805369127,629.0,1.0,0.19211822660098532,2021-10-15,0.3269395934726598,2021-07-16,liquid_universe-2021-07-15-6104,2021-10-19,time63,0.5,0.5763546798029555,-0.044334975369458074,創惟,positive_at_exit_decision,0.2875000000000001,2021-07-15,6104,False,True,False,True,filter,control,filter,keep
0.43167701863354035,0.5109375,644.0,0.6935483870967742,0.08827433554345188,2021-10-29,0.2284392090870846,2021-07-30,liquid_universe-2021-07-29-8289,2021-11-08,time63,1.8499999999999979,0.23327615780445976,-0.11320754716981118,泰藝,positive_at_exit_decision,0.23206751054852326,2021-07-29,8289,False,True,False,False,filter,control,filter,filter
0.3443830570902394,0.13412563667232597,543.0,0.9444444444444444,0.4460887949260044,2021-11-25,0.19137056645464834,2021-08-26,liquid_universe-2021-08-25-6568,2021-11-26,time63,15.5,0.6828752642706133,-0.02748414376321351,宏觀,positive_at_exit_decision,0.18745559728001626,2021-08-25,6568,False,True,False,True,filter,control,filter,keep
0.5168776371308017,0.28336755646817247,474.0,0.6923076923076923,0.4678899082568808,2022-01-17,0.24712643678160928,2021-10-20,liquid_universe-2021-10-19-6781,2022-01-19,time63,25.0,0.7889908256880733,0.0,AES-KY,positive_at_exit_decision,0.23015873015873,2021-10-19,6781,True,True,False,False,keep,control,filter,filter
0.7669322709163346,0.7396694214876033,502.0,1.0,0.05200945626477549,2022-02-14,0.1922549169080654,2021-11-08,liquid_universe-2021-11-05-1721,2022-02-24,time63,0.75,0.43971631205673756,0.0,國慶科技,positive_at_exit_decision,0.14327485380116967,2021-11-05,1721,True,True,False,True,keep,control,filter,keep
0.4254545454545455,0.7134831460674157,550.0,0.5238095238095236,0.08299319727891152,2022-03-08,0.41619304947358593,2021-11-29,liquid_universe-2021-11-26-3672,2022-04-22,time63,0.0,0.34285714285714297,-0.05034013605442189,康聯訊,positive_at_exit_decision,0.510934393638171,2021-11-26,3672,False,True,False,False,filter,control,filter,filter
0.31095406360424027,0.29636048526863085,566.0,0.8000000000000005,,2022-04-20,0.19509771447499147,2022-01-19,liquid_universe-2022-01-18-3036,2022-04-25,loss12,4.900000000000006,,,文曄,unknown,0.07380952380952355,2022-01-18,3036,False,True,False,True,filter,control,filter,keep
0.42147117296222664,0.42015209125475284,503.0,0.23076923076923078,-0.13919413919413914,2022-02-22,0.33449674074834457,2022-02-16,liquid_universe-2022-02-15-3219,2022-02-25,loss12,-4.5,0.0,-0.13919413919413914,倚強科,never_above_5pct,0.11587982832618038,2022-02-15,3219,False,True,False,False,filter,control,filter,filter
0.5711382113821138,0.5868263473053892,492.0,0.3928571428571425,-0.14457831325301207,2022-03-01,0.3937557634040312,2022-02-24,liquid_universe-2022-02-23-9955,2022-03-17,loss12,0.4499999999999993,0.0,-0.14457831325301207,佳龍,never_above_5pct,0.4144385026737969,2022-02-23,9955,False,True,False,False,filter,control,filter,filter
0.5828460038986355,0.45918367346938777,513.0,0.9677419354838706,-0.1984732824427482,2022-03-09,0.3601741022850926,2022-03-03,liquid_universe-2022-03-02-2906,2022-03-10,loss12,1.3500000000000014,0.09160305343511443,-0.1984732824427482,高林,small_rise_then_nonpositive,0.1820330969267141,2022-03-02,2906,True,True,False,True,keep,control,filter,keep
0.7394789579158316,0.7469879518072289,499.0,1.0,-0.1262626262626262,2022-06-14,0.3360000000000001,2022-03-31,liquid_universe-2022-03-30-5603,2022-06-20,loss12,0.5500000000000043,0.1595959595959595,-0.1262626262626262,陸海,rose15_then_nonpositive,0.4334763948497853,2022-03-30,5603,False,True,False,True,filter,control,filter,keep
0.7394789579158316,0.7469879518072289,499.0,0.5238095238095238,0.025316455696202667,2022-07-01,0.26572327044025146,2022-03-31,liquid_universe-2022-03-30-3558,2022-07-05,time63,-4.0,0.3797468354430382,0.0,神準,positive_at_exit_decision,0.2432432432432432,2022-03-30,3558,False,True,False,False,filter,control,filter,filter
0.9002557544757033,0.868766404199475,391.0,0.8571428571428601,0.09323308270676689,2023-02-23,0.24047878128400435,2022-11-16,liquid_universe-2022-11-15-2009,2023-03-01,time63,0.7000000000000028,0.1142857142857141,-0.11278195488721798,第一銅,positive_at_exit_decision,0.14957983193277324,2022-11-15,2009,True,True,False,True,keep,control,filter,keep
0.9002557544757033,0.868766404199475,391.0,1.0,0.2114014251781473,2023-02-23,0.32760188476481766,2022-11-16,liquid_universe-2022-11-15-6472,2023-03-06,time63,29.5,0.28503562945368177,-0.0890736342042755,保瑞,positive_at_exit_decision,0.2645669291338584,2022-11-15,6472,True,True,False,True,keep,control,filter,keep
0.9002557544757033,0.868766404199475,391.0,0.8630136986301369,0.19374999999999987,2023-02-23,0.2651272322888729,2022-11-16,liquid_universe-2022-11-15-1605,2023-02-24,time63,2.8999999999999986,0.22083333333333321,-0.11250000000000004,華新,positive_at_exit_decision,0.2057356608478802,2022-11-15,1605,True,True,False,True,keep,control,filter,keep
0.6854368932038835,0.7157676348547718,515.0,1.0,-0.1563342318059301,2023-03-28,0.2668082094833688,2023-03-06,liquid_universe-2023-03-03-6556,2023-04-10,loss12,17.0,0.0026954177897573484,-0.1563342318059301,勝品,never_above_5pct,0.12225705329153591,2023-03-03,6556,False,True,False,True,filter,control,filter,keep
0.6854368932038835,0.7157676348547718,515.0,0.18367346938775367,0.4642857142857142,2023-06-06,0.32638934669391517,2023-03-06,liquid_universe-2023-03-03-2722,2023-06-07,time63,-1.2000000000000028,0.4642857142857142,-0.06845238095238093,夏都,positive_at_exit_decision,0.2435105067985166,2023-03-03,2722,False,True,False,False,filter,control,filter,filter
0.6854368932038835,0.7157676348547718,515.0,1.0,-0.13443396226415105,2023-03-16,0.34751773049645385,2023-03-06,liquid_universe-2023-03-03-6811,2023-03-21,loss12,17.0,0.04245283018867929,-0.13443396226415105,宏碁資訊,never_above_5pct,0.34838709677419377,2023-03-03,6811,False,True,False,True,filter,control,filter,keep
0.436036036036036,0.5217391304347826,555.0,1.0,-0.13492063492063489,2023-05-04,0.2400137234720383,2023-03-20,liquid_universe-2023-03-17-5269,2023-05-09,loss12,75.0,0.059523809523809534,-0.13492063492063489,祥碩,small_rise_then_nonpositive,0.15525114155251152,2023-03-17,5269,False,True,False,True,filter,control,filter,keep
0.6196428571428572,0.6559139784946236,560.0,1.0,0.14968152866242024,2023-07-05,0.25570998153367674,2023-03-31,liquid_universe-2023-03-30-5289,2023-07-07,time63,18.0,0.14968152866242024,-0.11146496815286622,宜鼎,positive_at_exit_decision,0.1766848816029143,2023-03-30,5289,False,True,False,True,filter,control,filter,keep
0.5379426644182125,0.46283783783783783,593.0,0.4230769230769234,0.3325995831007731,2023-08-08,0.4019627478469858,2023-05-09,liquid_universe-2023-05-08-8085,2023-08-25,time63,-1.5,0.4755043227665705,0.0,福華,positive_at_exit_decision,0.23456790123456783,2023-05-08,8085,True,True,False,False,keep,control,filter,filter
0.8564273789649416,0.7215619694397284,599.0,0.5,-0.15481171548117145,2023-07-06,0.42965072354274403,2023-06-08,liquid_universe-2023-06-07-5706,2023-07-12,loss12,-0.5,0.0,-0.15481171548117145,鳳凰,never_above_5pct,0.24117053481331996,2023-06-07,5706,True,True,False,False,keep,control,filter,filter
0.5874439461883408,0.5833333333333334,669.0,0.45,-0.006768499787987992,2023-10-05,0.35279079676182357,2023-07-07,liquid_universe-2023-07-06-4979,2023-10-12,time63,9.0,0.4235122945276848,-0.09999600522305063,華星光,rose15_then_nonpositive,0.28672745694022295,2023-07-06,4979,True,True,False,False,keep,control,filter,filter
0.4767616191904048,0.6039156626506024,667.0,0.8461538461538454,-0.1207920792079209,2023-07-21,0.4375170160631636,2023-07-10,liquid_universe-2023-07-07-6117,2023-07-25,loss12,1.0999999999999979,0.02970297029702973,-0.1207920792079209,迎廣,never_above_5pct,0.43869209809264276,2023-07-07,6117,False,True,False,True,filter,control,filter,keep
0.4464555052790347,0.6018376722817764,663.0,1.0,-0.14084507042253525,2023-08-02,0.37787635153867494,2023-07-25,liquid_universe-2023-07-24-2382,2023-08-04,loss12,17.5,0.06438631790744465,-0.14084507042253525,廣達,small_rise_then_nonpositive,0.267857142857143,2023-07-24,2382,False,True,False,True,filter,control,filter,keep
0.4046511627906977,0.5417298937784522,645.0,0.9558823529411768,0.11746680286006117,2023-11-06,0.1298234550892321,2023-08-07,liquid_universe-2023-08-04-6170,2023-11-09,time63,1.0500000000000043,0.29111338100102135,-0.04085801838610836,統振,positive_at_exit_decision,0.09402654867256643,2023-08-04,6170,False,True,True,True,filter,control,keep,keep
0.21829855537720708,0.3459214501510574,623.0,0.6857142857142874,0.06700167504187604,2023-11-10,0.16047879894501915,2023-08-11,liquid_universe-2023-08-10-8930,2023-11-23,time63,0.3000000000000007,0.15745393634840843,-0.0938023450586265,青鋼,positive_at_exit_decision,0.2042105263157894,2023-08-10,8930,False,True,False,False,filter,control,filter,filter
0.44466800804828976,0.5434782608695652,497.0,0.17241379310344837,-0.08298755186721984,2024-01-09,0.2363929579357611,2023-10-12,liquid_universe-2023-10-11-3276,2024-01-12,time63,0.0,0.15352697095435675,-0.08713692946058105,宇環,rose15_then_nonpositive,0.20734908136482932,2023-10-11,3276,False,True,False,False,filter,control,filter,filter
0.6548856548856549,0.48975409836065575,481.0,1.0,2.2363636363636363,2024-02-16,0.223916532905297,2023-11-10,liquid_universe-2023-11-09-3228,2024-02-19,time63,13.0,2.2363636363636363,0.0,金麗科,positive_at_exit_decision,0.2761506276150627,2023-11-09,3228,True,True,False,True,keep,control,filter,keep
0.7946058091286307,0.6548856548856549,482.0,1.0,-0.1556886227544909,2023-12-06,0.45715997603355296,2023-11-17,liquid_universe-2023-11-16-2543,2023-12-11,loss12,0.5,0.10479041916167686,-0.1556886227544909,皇昌,small_rise_then_nonpositive,0.48292682926829267,2023-11-16,2543,True,True,False,True,keep,control,filter,keep
0.71875,0.8547794117647058,576.0,0.7894736842105269,-0.18461538461538463,2024-01-04,0.4941302027748131,2023-12-08,liquid_universe-2023-12-07-5210,2024-01-08,loss12,2.799999999999997,0.375,-0.18461538461538463,寶碩,rose15_then_nonpositive,0.3999999999999999,2023-12-07,5210,False,True,False,True,filter,control,filter,keep
0.425531914893617,0.5468227424749164,564.0,1.0,0.0620689655172415,2024-04-17,0.5666354765405692,2024-01-08,liquid_universe-2024-01-05-6113,2024-04-25,time63,0.8000000000000007,0.5758620689655174,-0.04310344827586199,亞矽,positive_at_exit_decision,0.6054794520547946,2024-01-05,6113,False,True,False,True,filter,control,filter,keep
0.336996336996337,0.425531914893617,546.0,0.4901960784313738,0.125,2024-04-24,0.2503584743332379,2024-01-15,liquid_universe-2024-01-12-6219,2024-04-30,time63,0.3500000000000014,0.1839080459770117,-0.051724137931034475,富旺,positive_at_exit_decision,0.180505415162455,2024-01-12,6219,False,True,False,False,filter,control,filter,filter
0.7882136279926335,0.583011583011583,543.0,0.7962962962962963,0.2278106508875739,2024-05-22,0.6256511586132569,2024-02-20,liquid_universe-2024-02-19-6584,2024-05-24,time63,21.5,0.3520710059171599,-0.023668639053254337,南俊國際,positive_at_exit_decision,0.4775510204081632,2024-02-19,6584,True,True,False,True,keep,control,filter,keep
0.31693198263386396,0.6360902255639098,691.0,1.0,-0.16003460207612463,2024-05-03,0.5187178425690464,2024-04-22,liquid_universe-2024-04-19-1618,2024-05-06,loss12,0.7000000000000028,0.0,-0.16003460207612463,合機,never_above_5pct,0.49128919860627196,2024-04-19,1618,False,True,False,True,filter,control,filter,keep
0.43623188405797103,0.4647058823529412,690.0,1.0,-0.022110594145015927,2024-07-29,0.22755171629915893,2024-04-26,liquid_universe-2024-04-25-6207,2024-08-01,time63,8.700000000000003,0.34557582245645824,-0.04141104294478537,雷科,rose15_then_nonpositive,0.11019736842105265,2024-04-25,6207,False,True,False,True,filter,control,filter,keep
0.603448275862069,0.4868421052631579,696.0,1.0,-0.1260945709281962,2024-05-10,0.3327468660655377,2024-05-07,liquid_universe-2024-05-06-1453,2024-05-16,loss12,0.9499999999999993,0.0,-0.1260945709281962,大將,never_above_5pct,0.23673469387755097,2024-05-06,1453,True,True,False,True,keep,control,filter,keep
0.5586107091172214,0.603448275862069,691.0,0.6499999999999998,1.6724137931034484,2024-08-13,0.4434505575297145,2024-05-14,liquid_universe-2024-05-13-4562,2024-08-14,time63,-0.1999999999999993,1.6724137931034484,-0.005172413793103403,穎漢,positive_at_exit_decision,0.48737373737373724,2024-05-13,4562,False,True,False,False,filter,control,filter,filter
0.537117903930131,0.6471449487554904,687.0,1.0,-0.13867389060887503,2024-08-06,0.40287081339712905,2024-05-24,liquid_universe-2024-05-23-2392,2024-08-07,loss12,2.299999999999997,0.24653739612188375,-0.13867389060887503,正崴,rose15_then_nonpositive,0.4096153846153845,2024-05-23,2392,False,True,False,True,filter,control,filter,keep
0.2590120160213618,0.39722572509457754,749.0,0.8113207547169812,-0.12929253319961487,2024-09-20,0.45265693210898683,2024-07-31,liquid_universe-2024-07-30-9906,2024-11-01,loss12,12.5,0.13624678663239087,-0.12929253319961487,欣巴巴,small_rise_then_nonpositive,0.2866666666666666,2024-07-30,9906,False,True,False,True,filter,control,filter,keep
0.0896551724137931,0.26379542395693134,725.0,0.40000000000000036,-0.13130128956623688,2024-08-22,0.3343564829249428,2024-08-08,liquid_universe-2024-08-07-1540,2024-08-26,loss12,1.6000000000000014,0.0,-0.13130128956623688,喬福,never_above_5pct,0.3905996758508914,2024-08-07,1540,False,True,False,False,filter,control,filter,filter
0.4055636896046852,0.0896551724137931,683.0,0.7464788732394368,0.568807339449541,2024-11-18,0.3105726872246697,2024-08-15,liquid_universe-2024-08-14-3230,2024-11-25,time63,-0.8999999999999986,0.9296636085626913,0.0,錦明,positive_at_exit_decision,0.370967741935484,2024-08-14,3230,False,True,False,False,filter,control,filter,filter
0.7091194968553459,0.568215892053973,636.0,0.5333333333333333,-0.1399949289566329,2024-11-04,0.31046346893341425,2024-08-26,liquid_universe-2024-08-23-2364,2024-11-18,loss12,-2.5,0.062359205406512075,-0.1399949289566329,倫飛,small_rise_then_nonpositive,0.10683760683760668,2024-08-23,2364,True,True,False,False,keep,control,filter,filter
0.6043046357615894,0.3798319327731092,604.0,0.6666666666666662,-0.16338582677165348,2024-10-11,0.4403811125122603,2024-09-24,liquid_universe-2024-09-23-1721,2024-10-15,loss12,-0.3000000000000007,0.03346456692913402,-0.16338582677165348,國慶科技,never_above_5pct,0.5481927710843373,2024-09-23,1721,True,True,False,False,keep,control,filter,filter
0.47368421052631576,0.541871921182266,608.0,0.4736842105263154,-0.14490161001788904,2024-11-27,0.3863496158375863,2024-10-15,liquid_universe-2024-10-14-1595,2024-12-03,loss12,-4.0,0.41144901610017914,-0.14490161001788904,川寶,rose15_then_nonpositive,0.12979890310786102,2024-10-14,1595,False,True,False,False,filter,control,filter,filter
0.43537414965986393,0.3445378151260504,588.0,1.0,2.011111111111111,2025-02-18,0.2639965546942291,2024-11-12,liquid_universe-2024-11-11-5314,2025-02-20,time63,22.0,2.3703703703703702,-0.007407407407407418,世紀*,positive_at_exit_decision,0.18585858585858572,2024-11-11,5314,False,True,False,True,filter,control,filter,keep
0.35628227194492257,0.2570951585976628,581.0,1.0,-0.1289156626506025,2024-12-20,0.4041562321514873,2024-11-22,liquid_universe-2024-11-21-3706,2024-12-23,loss12,7.300000000000011,0.06506024096385543,-0.1289156626506025,神達,small_rise_then_nonpositive,0.1446991404011464,2024-11-21,3706,False,True,False,True,filter,control,filter,keep
0.2964912280701754,0.35628227194492257,570.0,1.0,-0.029729729729729648,2025-03-10,0.12282979068635402,2024-11-29,liquid_universe-2024-11-28-4979,2025-03-11,time63,2.5,0.3540540540540542,-0.09999999999999998,華星光,rose15_then_nonpositive,0.13071895424836621,2024-11-28,4979,False,True,True,True,filter,control,keep,keep
0.42397137745974955,0.28822495606326887,559.0,0.6190476190476191,-0.1739961759082218,2025-01-09,0.3265306122448979,2024-12-24,liquid_universe-2024-12-23-4571,2025-01-13,loss12,-1.0,0.0497131931166348,-0.1739961759082218,鈞興-KY,never_above_5pct,0.3629032258064515,2024-12-23,4571,False,True,False,False,filter,control,filter,filter
0.29791271347248577,0.36247723132969034,527.0,0.34939759036144596,-0.14935064935064934,2025-01-16,0.3564560439560438,2025-01-13,liquid_universe-2025-01-10-1325,2025-01-22,loss12,-2.700000000000003,0.0,-0.14935064935064934,恆大,never_above_5pct,0.24802527646129535,2025-01-10,1325,False,True,False,False,filter,control,filter,filter
0.32170542635658916,0.29791271347248577,516.0,1.0,-0.12457337883959052,2025-02-04,0.43340094658553063,2025-01-20,liquid_universe-2025-01-17-3379,2025-02-11,loss12,1.2999999999999972,0.0,-0.12457337883959052,彬台,never_above_5pct,0.4891443167305236,2025-01-17,3379,False,True,False,True,filter,control,filter,keep
0.5198412698412699,0.38953488372093026,504.0,0.0714285714285707,-0.15275813295615281,2025-02-27,0.22775480855653418,2025-02-06,liquid_universe-2025-02-05-6112,2025-03-06,loss12,-1.5,0.043847241867043696,-0.15275813295615281,邁達特,never_above_5pct,0.2284172661870505,2025-02-05,6112,True,True,False,False,keep,control,filter,filter
0.8539741219963032,0.6735074626865671,541.0,1.0,-0.12012012012012008,2025-03-05,0.4698741999558598,2025-02-20,liquid_universe-2025-02-19-6206,2025-03-06,loss12,7.5,0.03603603603603611,-0.12012012012012008,飛捷,never_above_5pct,0.21978021978021967,2025-02-19,6206,True,True,False,True,keep,control,filter,keep
0.5407407407407407,0.3882783882783883,540.0,1.0,-0.14689265536723162,2025-07-04,0.3391259902887811,2025-06-11,liquid_universe-2025-06-10-2429,2025-07-08,loss12,4.599999999999994,0.0847457627118644,-0.14689265536723162,銘旺科,small_rise_then_nonpositive,0.29702970297029685,2025-06-10,2429,True,True,False,True,keep,control,filter,keep
0.5407407407407407,0.3882783882783883,540.0,0.27868852459016463,-0.08998548621190139,2025-09-05,0.27269392994681807,2025-06-11,liquid_universe-2025-06-10-6838,2025-09-18,time63,-1.2999999999999972,0.17706821480406365,-0.11465892597968075,台新藥,rose15_then_nonpositive,0.3094339622641511,2025-06-10,6838,True,True,False,False,keep,control,filter,filter
0.5407407407407407,0.3882783882783883,540.0,1.0,-0.13499344692005233,2025-07-01,0.21725789013512053,2025-06-11,liquid_universe-2025-06-10-4722,2025-07-04,loss12,5.299999999999997,0.010484927916120546,-0.13499344692005233,國精化,never_above_5pct,0.2568321997123284,2025-06-10,4722,True,True,False,True,keep,control,filter,keep
0.5130597014925373,0.6261682242990654,536.0,1.0,0.0036496350364965124,2025-10-02,0.3668514624354806,2025-07-07,liquid_universe-2025-07-04-4991,2025-10-07,time63,10.5,0.2773722627737225,-0.03649635036496346,環宇-KY,positive_at_exit_decision,0.2543859649122806,2025-07-04,4991,False,True,False,True,filter,control,filter,keep
0.4191729323308271,0.5256166982922201,532.0,0.0,-0.12298682284040996,2025-07-23,0.36258891894599743,2025-07-08,liquid_universe-2025-07-07-3297,2025-07-28,loss12,-0.5,0.038067349926793614,-0.12298682284040996,杭特,never_above_5pct,0.27340823970037453,2025-07-07,3297,False,True,False,False,filter,control,filter,filter
0.6912621359223301,0.7309941520467836,515.0,0.884057971014493,1.235897435897436,2025-10-27,0.39160845249759646,2025-07-25,liquid_universe-2025-07-24-8358,2025-10-28,time63,4.099999999999994,1.687179487179487,0.0,金居,positive_at_exit_decision,0.21519417613234015,2025-07-24,8358,False,True,False,True,filter,control,filter,keep
0.5300813008130081,0.4605678233438486,615.0,1.0,1.1820895522388062,2025-12-22,0.4078674948240164,2025-09-19,liquid_universe-2025-09-18-2344,2025-12-23,time63,2.049999999999997,1.2268656716417912,-0.06268656716417897,華邦電,positive_at_exit_decision,0.2919999999999998,2025-09-18,2344,True,True,False,True,keep,control,filter,keep
0.43,0.49270664505672607,600.0,0.8846153846153846,0.927148090409603,2026-01-07,0.2351013110846245,2025-10-07,liquid_universe-2025-10-03-8299,2026-01-08,time63,39.0,0.927148090409603,-0.10640732265446229,群聯,positive_at_exit_decision,0.23916292974588926,2025-10-03,8299,False,True,False,True,filter,control,filter,keep
0.5097690941385435,0.4461805555555556,563.0,0.8235294117647058,1.0827067669172936,2026-01-27,0.37427982451503805,2025-10-29,liquid_universe-2025-10-28-2408,2026-01-28,time63,6.0,1.1503759398496243,-0.011278195488721776,南亞科,positive_at_exit_decision,0.21495327102803752,2025-10-28,2408,True,True,False,True,keep,control,filter,keep
0.6338289962825279,0.4696969696969697,538.0,0.6612903225806451,1.5193798449612403,2026-04-07,0.25218650099523465,2025-12-24,liquid_universe-2025-12-23-6588,2026-04-08,time63,2.549999999999997,1.5678294573643412,-0.09302325581395354,東典光電,positive_at_exit_decision,0.027722772277227747,2025-12-23,6588,True,True,False,False,keep,control,filter,filter
0.6283185840707964,0.5805860805860806,565.0,1.0,0.23854660347551349,2026-04-21,0.2593340060544904,2026-01-09,liquid_universe-2026-01-08-6443,2026-04-23,time63,1.3999999999999986,0.6524486571879937,0.0,元晶,positive_at_exit_decision,0.11827956989247324,2026-01-08,6443,True,True,False,True,keep,control,filter,keep
0.6973886328725039,0.6410256410256411,651.0,0.6944444444444455,-0.1253229974160207,2026-02-05,0.4737406216505895,2026-01-29,liquid_universe-2026-01-28-4533,2026-02-10,loss12,0.25,0.0,-0.1253229974160207,協易機,never_above_5pct,0.28304821150855375,2026-01-28,4533,True,True,False,False,keep,control,filter,filter
0.3174846625766871,0.36706948640483383,652.0,0.8787878787878788,2.4231974921630095,2026-05-25,0.47500127155282024,2026-02-11,liquid_universe-2026-02-10-5386,2026-05-26,time63,11.0,2.4231974921630095,0.0,青雲,positive_at_exit_decision,0.27192982456140324,2026-02-10,5386,False,True,False,True,filter,control,filter,keep
0.5828025477707006,0.4236760124610592,628.0,0.8,-0.12911392405063293,2026-05-13,0.313584243325969,2026-04-09,liquid_universe-2026-04-08-7751,2026-05-14,loss12,45.0,0.37468354430379747,-0.12911392405063293,竑騰,rose15_then_nonpositive,0.3427800269905532,2026-04-08,7751,True,True,False,True,keep,control,filter,keep
0.7031019202363368,0.8173374613003096,677.0,0.6565656565656562,-0.16761457742643637,2026-07-17,0.3099041533546327,2026-04-24,liquid_universe-2026-04-23-4741,2026-08-04,loss12,1.5,0.4620938628158846,-0.16761457742643637,泓瀚,rose15_then_nonpositive,0.07894736842105265,2026-04-23,4741,False,True,False,False,filter,control,filter,filter
0.6046511627906976,0.7333333333333333,731.0,0.6956521739130449,-0.12166172106824935,2026-05-29,0.21467889908256899,2026-05-15,liquid_universe-2026-05-14-3024,2026-06-02,loss12,0.8000000000000007,0.05637982195845681,-0.12166172106824935,憶聲,small_rise_then_nonpositive,0.13356164383561664,2026-05-14,3024,False,True,False,False,filter,control,filter,filter
0.774496644295302,0.48717948717948717,745.0,1.0,-0.14824120603015079,2026-06-02,0.26774702423634,2026-05-27,liquid_universe-2026-05-26-1597,2026-06-03,loss12,10.0,0.0,-0.14824120603015079,直得,never_above_5pct,0.2311977715877438,2026-05-26,1597,True,True,False,True,keep,control,filter,keep
0.7461538461538462,0.774496644295302,780.0,0.6463414634146336,-0.18969555035128804,2026-06-08,0.39410187667560326,2026-06-03,liquid_universe-2026-06-02-2356,2026-06-09,loss12,3.5999999999999943,0.0,-0.18969555035128804,英業達,never_above_5pct,0.2875399361022364,2026-06-02,2356,False,True,False,False,filter,control,filter,filter
0.8091603053435115,0.7333333333333333,786.0,0.4347826086956514,-0.13705583756345197,2026-07-22,0.45460370859866206,2026-06-04,liquid_universe-2026-06-03-3149,2026-07-23,loss12,1.0999999999999943,0.14835164835164827,-0.13705583756345197,正達,small_rise_then_nonpositive,0.3883792048929662,2026-06-03,3149,True,True,False,False,keep,control,filter,filter
0.550185873605948,0.7461538461538462,807.0,1.0,-0.15239894840617818,2026-07-17,0.3693575499159527,2026-06-10,liquid_universe-2026-06-09-2478,2026-07-21,loss12,6.0,0.42352941176470593,-0.15239894840617818,大毅,rose15_then_nonpositive,0.16783216783216792,2026-06-09,2478,False,True,False,True,filter,control,filter,keep
0.16490765171503957,0.3511053315994798,758.0,0.8241758241758234,-0.14554455445544545,2026-07-28,0.1833763794317913,2026-07-21,liquid_universe-2026-07-20-2527,2026-07-30,loss12,2.1499999999999986,0.0,-0.14554455445544545,宏璟,never_above_5pct,0.10405257393209189,2026-07-20,2527,False,True,False,True,filter,control,filter,keep
0.2592087312414734,0.3363754889178618,733.0,1.0,-0.18958333333333333,2026-07-28,0.5004046723539248,2026-07-24,liquid_universe-2026-07-23-8039,2026-07-30,loss12,14.0,0.0,-0.18958333333333333,台虹,never_above_5pct,0.28320802005012524,2026-07-23,8039,False,True,False,True,filter,control,filter,keep
0.10369318181818182,0.2592087312414734,704.0,0.8918918918918919,-0.05017921146953408,2026-09-09,0.12638626258496455,2026-07-31,liquid_universe-2026-07-30-2207,,,28.0,0.0,-0.09677419354838712,和泰車,open,0.11991869918699183,2026-07-30,2207,False,True,True,True,filter,control,keep,keep
0.10369318181818182,0.2592087312414734,704.0,0.8333333333333334,-0.1329479768786127,2026-09-08,0.0479309318249479,2026-07-31,liquid_universe-2026-07-30-1476,2026-09-09,loss12,13.5,0.053468208092485536,-0.1329479768786127,儒鴻,small_rise_then_nonpositive,0.05389221556886237,2026-07-30,1476,False,True,True,True,filter,control,keep,keep
0.10369318181818182,0.2592087312414734,704.0,0.6,-0.16809815950920248,2026-08-10,0.08681612694898067,2026-07-31,liquid_universe-2026-07-30-2540,2026-08-12,loss12,0.8999999999999986,0.0,-0.16809815950920248,愛山林,never_above_5pct,0.10093457943925221,2026-07-30,2540,False,True,True,False,filter,control,keep,filter
0.6936236391912908,0.30849478390462,643.0,1.0,-0.08023437682377388,2026-09-09,0.267693707009266,2026-08-12,liquid_universe-2026-08-11-9921,,,11.599999999999994,0.0,-0.107313770805612,巨大,open,0.32738095238095233,2026-08-11,9921,True,True,False,True,keep,control,filter,keep
