arm,start,end,start_nav,end_nav,total_return,max_drawdown
control3,2019-01-02,2021-12-30,1000000.0,1857847.74,0.85784774,-0.42820459086728535
control3,2022-01-03,2024-12-31,1857847.74,4755396.78,1.5596267539125677,-0.3270964282573555
control3,2025-01-02,2026-09-09,4755396.78,10497628.59,1.2075189675339772,-0.4156887711371884
not_extended3,2019-01-02,2021-12-30,1000000.0,1015044.66,0.015044660000000043,-0.3961284284193176
not_extended3,2022-01-03,2024-12-31,1015044.66,1491052.26,0.46895237102178333,-0.3694433015483899
not_extended3,2025-01-02,2026-09-09,1491052.26,1856669.38,0.24520744832914154,-0.2863840355055266
strong_close3,2019-01-02,2021-12-30,1000000.0,1333811.94,0.3338119399999999,-0.42909112932348414
strong_close3,2022-01-03,2024-12-31,1333811.94,1711941.74,0.2834955878412664,-0.43933136337620304
strong_close3,2025-01-02,2026-09-09,1711941.74,3588612.7199999997,1.0962236249932196,-0.4601057980250197
breadth3,2019-01-02,2021-12-30,1000000.0,1445968.17,0.44596817,-0.37195247222927297
breadth3,2022-01-03,2024-12-31,1445968.17,873563.88,-0.3958623031100331,-0.567992802312836
breadth3,2025-01-02,2026-09-09,873563.88,2269592.13,1.5980837600565625,-0.30138654119482144
benchmark,2019-01-02,2021-12-30,1000000.0,2145343.46,1.1453434599999999,-0.2815996329011602
benchmark,2022-01-03,2024-12-31,2145343.46,3191689.82,0.48772906507007496,-0.3390680994372489
benchmark,2025-01-02,2026-09-09,3191689.82,7433139.8100000005,1.3289041947064897,-0.2749849340752484
