event_id,stock_id,name,signal_date,entry_date,exit_date,closed,settled,cash_out,cash_net,market_value,receivable,pnl,return_on_cost
liquid_universe-2019-02-21-6188,6188,廣明,2019-02-21,2019-02-22,2019-05-30,True,True,261126.4,-22376.899999999994,0.0,0,-22376.899999999994,-0.08569374831499225
liquid_universe-2019-02-21-5305,5305,敦南,2019-02-21,2019-02-22,2019-05-28,True,True,283081.0,-40853.600000000006,0.0,0,-40853.600000000006,-0.1443177041200222
liquid_universe-2019-02-21-6111,6111,光聚晶電,2019-02-21,2019-02-22,2019-04-09,True,True,299547.0,-34161.0,0.0,0,-34161.0,-0.11404220372762872
liquid_universe-2019-03-29-3483,3483,力致,2019-03-29,2019-04-01,2019-05-07,True,True,285257.0,-46141.99999999999,0.0,0,-46141.99999999999,-0.161755890302429
liquid_universe-2019-04-23-5340,5340,建榮,2019-04-23,2019-04-24,2019-05-08,True,True,286534.0,-98190.84999999999,0.0,0,-98190.84999999999,-0.34268481227358705
liquid_universe-2019-05-06-1201,1201,味全,2019-05-06,2019-05-07,2019-08-12,True,True,229820.3,7485.850000000011,0.0,0,7485.850000000011,0.032572623045048724
liquid_universe-2019-05-21-2207,2207,和泰車,2019-05-21,2019-05-22,2019-08-22,True,True,8286.0,-957.0,0.0,0,-957.0,-0.11549601737871108
liquid_universe-2019-05-30-2520,2520,冠德,2019-05-30,2019-05-31,2019-09-11,True,True,227005.6,14877.599999999993,0.0,0,14877.599999999993,0.06553847129762434
liquid_universe-2019-08-05-6510,6510,精測,2019-08-05,2019-08-06,2019-11-08,True,True,4604.0,4085.0,0.0,0,4085.0,0.8872719374456994
liquid_universe-2019-08-21-2228,2228,劍麟,2019-08-21,2019-08-22,2019-08-27,True,True,148993.0,-18673.0,0.0,0,-18673.0,-0.12532803554529406
liquid_universe-2019-08-28-9935,9935,慶豐富,2019-08-28,2019-08-29,2019-12-04,True,True,209030.5,64379.969999999994,0.0,0,64379.969999999994,0.30799318759702526
liquid_universe-2019-08-30-3083,3083,網龍,2019-08-30,2019-09-02,2019-10-29,True,True,170907.0,-24029.0,0.0,0,-24029.0,-0.14059693283481658
liquid_universe-2019-10-29-3413,3413,京鼎,2019-10-29,2019-10-30,2020-02-12,True,True,175613.0,12870.5,0.0,0,12870.5,0.07328899341164948
liquid_universe-2019-11-08-2362,2362,藍天,2019-11-08,2019-11-11,2019-12-17,True,True,210092.25,-21672.4,0.0,0,-21672.4,-0.10315658954578287
liquid_universe-2019-12-02-3680,3680,家登,2019-12-02,2019-12-03,2020-03-20,True,True,195278.0,-36964.46,0.0,0,-36964.46,-0.18929147164555146
liquid_universe-2019-12-16-3374,3374,精材,2019-12-16,2019-12-17,2020-03-17,True,True,168463.5,-43522.0,0.0,0,-43522.0,-0.258346763542251
liquid_universe-2020-02-06-5269,5269,祥碩,2020-02-06,2020-02-07,2020-02-27,True,True,8247.0,-1302.0,0.0,0,-1302.0,-0.15787559112404512
liquid_universe-2020-02-26-3373,3373,熱映,2020-02-26,2020-02-27,2020-06-01,True,True,225277.0,659257.0,0.0,0,659257.0,2.9264283526502926
liquid_universe-2020-06-03-3693,3693,營邦,2020-06-03,2020-06-04,2020-06-16,True,True,407077.0,-38560.0,0.0,0,-38560.0,-0.09472409396748036
liquid_universe-2020-06-03-1309,1309,台達化,2020-06-03,2020-06-04,2020-09-07,True,True,403797.2,259914.89999999997,0.0,0,259914.89999999997,0.643676825891809
liquid_universe-2020-06-03-3556,3556,禾瑞亞,2020-06-03,2020-06-04,2020-06-15,True,True,360342.2,-53443.20000000001,0.0,0,-53443.20000000001,-0.14831235420108999
liquid_universe-2020-06-11-2417,2417,圓剛,2020-06-11,2020-06-12,2020-09-11,True,True,385220.0,719080.46,0.0,0,719080.46,1.8666747832407455
liquid_universe-2020-06-16-4167,4167,松瑞藥,2020-06-16,2020-06-17,2020-07-09,True,True,404998.0,-53556.2,0.0,0,-53556.2,-0.13223818389226613
liquid_universe-2020-07-08-1903,1903,士紙,2020-07-08,2020-07-09,2020-07-31,True,True,331128.0,-60292.4,0.0,0,-60292.4,-0.18208185354304077
liquid_universe-2020-07-29-1589,1589,永冠-KY,2020-07-29,2020-07-30,2020-10-30,True,True,291711.5,-18040.0,0.0,0,-18040.0,-0.0618419225844713
liquid_universe-2020-09-03-3669,3669,圓展,2020-09-03,2020-09-04,2020-09-09,True,True,602595.0,-92911.0,0.0,0,-92911.0,-0.15418481733170702
liquid_universe-2020-09-09-6492,6492,生華科,2020-09-09,2020-09-10,2020-09-16,True,True,574886.0,-79349.0,0.0,0,-79349.0,-0.13802562595018839
liquid_universe-2020-09-11-1519,1519,華城,2020-09-11,2020-09-14,2020-12-15,True,True,596369.15,69684.29999999997,0.0,0,69684.29999999997,0.11684759347461211
liquid_universe-2020-09-16-3666,3666,光耀,2020-09-16,2020-09-17,2020-09-28,True,True,580470.55,-87044.75000000004,0.0,0,-87044.75000000004,-0.14995549731162078
liquid_universe-2020-09-24-3228,3228,金麗科,2020-09-24,2020-09-25,2020-12-28,True,True,479237.0,394256.0,0.0,0,394256.0,0.8226743761437452
liquid_universe-2020-10-30-2108,2108,南帝,2020-10-30,2020-11-02,2020-11-27,True,True,547297.5,-106602.95,0.0,0,-106602.95,-0.19478062662445927
liquid_universe-2020-11-19-2615,2615,萬海,2020-11-19,2020-11-20,2021-03-02,True,True,529755.25,131082.25,0.0,0,131082.25,0.24743926558538118
liquid_universe-2020-12-15-5386,5386,青雲,2020-12-15,2020-12-16,2021-01-25,True,True,651175.8,-108867.50000000004,0.0,0,-108867.50000000004,-0.1671860348618607
liquid_universe-2020-12-28-5608,5608,四維航,2020-12-28,2020-12-29,2021-01-12,True,True,757381.3,-110765.97000000003,0.0,0,-110765.97000000003,-0.14624862008079684
liquid_universe-2021-01-12-3704,3704,合勤控,2021-01-12,2021-01-13,2021-01-22,True,True,643058.08,-84172.84999999996,0.0,0,-84172.84999999996,-0.1308946308551165
liquid_universe-2021-01-21-6531,6531,愛普*,2021-01-21,2021-01-22,2021-01-28,True,True,142450.0,-5123.0,0.0,0,-5123.0,-0.03596349596349596
liquid_universe-2021-01-21-4968,4968,立積,2021-01-21,2021-01-22,2021-04-27,True,True,172550.0,-21693.0,0.0,0,-21693.0,-0.12572008113590263
liquid_universe-2021-01-27-3552,3552,同致,2021-01-27,2021-01-28,2021-03-18,True,True,510770.0,-107023.0,0.0,0,-107023.0,-0.2095326663664663
liquid_universe-2021-03-02-6129,6129,普誠,2021-03-02,2021-03-03,2021-06-04,True,True,590174.6,191065.73000000004,0.0,0,191065.73000000004,0.3237444139412304
liquid_universe-2021-03-10-1305,1305,華夏,2021-03-10,2021-03-11,2021-05-20,True,True,545300.33,-49832.94999999996,0.0,0,-49832.94999999996,-0.09138624581430194
liquid_universe-2021-04-23-2637,2637,慧洋-KY,2021-04-23,2021-04-26,2021-05-19,True,True,641782.8,-56072.80000000005,0.0,0,-56072.80000000005,-0.08737036891608818
liquid_universe-2021-05-18-1732,1732,毛寶,2021-05-18,2021-05-19,2021-05-25,True,True,545599.0,-93073.1,0.0,0,-93073.1,-0.17058883905579006
liquid_universe-2021-05-18-4171,4171,瑞基,2021-05-18,2021-05-19,2021-06-22,True,True,537431.0,-107052.25,0.0,0,-107052.25,-0.19919254750842433
liquid_universe-2021-05-24-2615,2615,萬海,2021-05-24,2021-05-25,2021-08-23,True,True,533319.5,485510.75,0.0,0,485510.75,0.9103562686157172
liquid_universe-2021-06-03-4121,4121,優盛,2021-06-03,2021-06-04,2021-06-23,True,True,573551.25,-95307.44,0.0,0,-95307.44,-0.16617074760102082
liquid_universe-2021-06-16-5608,5608,四維航,2021-06-16,2021-06-17,2021-09-22,True,True,665385.6,119102.65000000002,0.0,0,119102.65000000002,0.17899793743657816
liquid_universe-2021-06-22-2643,2643,捷迅,2021-06-22,2021-06-23,2021-07-16,True,True,361558.0,-74635.40000000001,0.0,0,-74635.40000000001,-0.20642718457342946
liquid_universe-2021-07-14-6170,6170,統振,2021-07-14,2021-07-15,2021-07-30,True,True,407127.43,-46871.7,0.0,0,-46871.7,-0.11512783601930235
liquid_universe-2021-07-29-8289,8289,泰藝,2021-07-29,2021-07-30,2021-11-01,True,True,369690.4,22794.50999999997,0.0,0,22794.50999999997,0.061658376847221266
liquid_universe-2021-08-25-6568,6568,宏觀,2021-08-25,2021-08-26,2021-11-26,True,True,479346.75,179828.0,0.0,0,179828.0,0.3751522253984198
liquid_universe-2021-09-14-1727,1727,中華化,2021-09-14,2021-09-15,2021-09-27,True,True,782473.65,-58999.97000000002,0.0,0,-58999.97000000002,-0.07540186177515373
liquid_universe-2021-09-27-5321,5321,美而快,2021-09-27,2021-09-28,2022-01-14,True,True,683620.0,50175.25,0.0,0,50175.25,0.07339640443521254
liquid_universe-2021-11-05-1721,1721,國慶科技,2021-11-05,2021-11-08,2022-02-24,True,True,796676.75,72659.91,0.0,0,72659.91,0.0912037535926585
liquid_universe-2021-11-26-2497,2497,怡利電,2021-11-26,2021-11-29,2022-03-16,True,True,678704.2,480847.75000000006,0.0,0,480847.75000000006,0.7084791135814396
liquid_universe-2021-12-27-4755,4755,三福化,2021-12-27,2021-12-28,2022-01-25,True,True,797904.0,-144148.5,0.0,0,-144148.5,-0.18065895145280636
liquid_universe-2022-01-24-2101,2101,南港,2022-01-24,2022-01-25,2022-03-10,True,True,672265.3,-86373.69000000005,0.0,0,-86373.69000000005,-0.12848155333913566
liquid_universe-2022-02-15-8440,8440,綠電,2022-02-15,2022-02-16,2022-05-20,True,True,782377.13,581322.57,0.0,0,581322.57,0.7430209137120355
liquid_universe-2022-02-24-5706,5706,鳳凰,2022-02-24,2022-02-25,2022-06-01,True,True,663917.0,71540.15,0.0,0,71540.15,0.10775465909142257
liquid_universe-2022-03-30-5603,5603,陸海,2022-03-30,2022-03-31,2022-06-20,True,True,907676.2,-153691.73999999996,0.0,0,-153691.73999999996,-0.16932441326543538
liquid_universe-2022-11-15-2009,2009,第一銅,2022-11-15,2022-11-16,2023-03-01,True,True,944596.2,62242.55000000005,0.0,0,62242.55000000005,0.06589328858193591
liquid_universe-2022-11-15-6472,6472,保瑞,2022-11-15,2022-11-16,2023-03-03,True,True,1005437.0,202684.0,0.0,0,202684.0,0.20158796622762043
liquid_universe-2022-11-15-1605,1605,華新,2022-11-15,2022-11-16,2023-02-24,True,True,972089.0,160293.8,0.0,0,160293.8,0.16489621835037738
liquid_universe-2023-02-24-6556,6556,勝品,2023-02-24,2023-03-01,2023-04-28,True,True,820795.0,-138919.5,0.0,0,-138919.5,-0.1692499345147083
liquid_universe-2023-02-24-5274,5274,信驊,2023-02-24,2023-03-01,2023-03-08,True,True,311621.0,-42684.0,0.0,0,-42684.0,-0.13697408069417658
liquid_universe-2023-03-01-2230,2230,泰茂,2023-03-01,2023-03-02,2023-06-13,True,True,1102370.85,44937.04999999993,0.0,0,44937.04999999993,0.040764004236868136
liquid_universe-2023-03-08-2453,2453,凌群,2023-03-08,2023-03-09,2023-03-17,True,True,1184086.0,-85878.5,0.0,0,-85878.5,-0.07252724886536957
liquid_universe-2023-03-17-5269,5269,祥碩,2023-03-17,2023-03-20,2023-05-09,True,True,151191.0,-16943.0,0.0,0,-16943.0,-0.11206354875620904
liquid_universe-2023-04-28-6625,6625,必應,2023-04-28,2023-05-02,2023-08-02,True,True,1044754.0,39283.0,0.0,0,39283.0,0.03760023890791517
liquid_universe-2023-05-05-2630,2630,亞航,2023-05-05,2023-05-08,2023-08-08,True,True,964374.0,87745.38,0.0,0,87745.38,0.09098687853467638
liquid_universe-2023-06-13-3515,3515,華擎,2023-06-13,2023-06-14,2023-09-19,True,True,1175998.0,-13989.729999999981,0.0,0,-13989.729999999981,-0.011896049142940703
liquid_universe-2023-08-02-2913,2913,農林,2023-08-02,2023-08-04,2023-08-09,True,True,1177438.5,-174284.12,0.0,0,-174284.12,-0.14801972247382772
liquid_universe-2023-08-08-3583,3583,辛耘,2023-08-08,2023-08-09,2023-09-01,True,True,1033598.0,-142799.75,0.0,0,-142799.75,-0.138157920197214
liquid_universe-2023-08-09-3044,3044,健鼎,2023-08-09,2023-08-10,2023-11-13,True,True,980306.25,82582.75,0.0,0,82582.75,0.0842417866865584
liquid_universe-2023-09-01-3308,3308,聯德,2023-09-01,2023-09-04,2023-09-25,True,True,945643.3,-142850.20000000007,0.0,0,-142850.20000000007,-0.15106139915547445
liquid_universe-2023-09-14-6585,6585,鼎基,2023-09-14,2023-09-15,2023-10-02,True,True,851012.0,-84257.5,0.0,0,-84257.5,-0.09900859212326031
liquid_universe-2023-09-20-8068,8068,全達,2023-09-20,2023-09-21,2023-10-06,True,True,915266.75,-166082.52,0.0,0,-166082.52,-0.18145805034433948
liquid_universe-2023-10-02-3450,3450,聯鈞,2023-10-02,2023-10-03,2023-10-24,True,True,903599.65,-106832.70000000003,0.0,0,-106832.70000000003,-0.11823012547647625
liquid_universe-2023-10-11-3276,3276,宇環,2023-10-11,2023-10-12,2024-01-18,True,True,834213.4,-36857.330000000045,0.0,0,-36857.330000000045,-0.044182136129676225
liquid_universe-2023-10-20-6530,6530,創威,2023-10-20,2023-10-23,2023-11-15,True,True,713319.2,-129335.33999999994,0.0,0,-129335.33999999994,-0.1813148167047795
liquid_universe-2023-11-10-3228,3228,金麗科,2023-11-10,2023-11-13,2024-02-20,True,True,776451.25,1543163.25,0.0,0,1543163.25,1.9874567141208157
liquid_universe-2023-11-13-6593,6593,台灣銘板,2023-11-13,2023-11-14,2024-02-22,True,True,768972.5,57952.5,0.0,0,57952.5,0.07536355331302484
liquid_universe-2024-01-16-6643,6643,M31,2024-01-16,2024-01-17,2024-04-16,True,True,441584.5,-49949.0,0.0,0,-49949.0,-0.11311311878021081
liquid_universe-2024-02-20-6442,6442,光聖,2024-02-20,2024-02-21,2024-03-15,True,True,1332149.25,-90415.5,0.0,0,-90415.5,-0.06787189948873971
liquid_universe-2024-02-21-3055,3055,蔚華科,2024-02-21,2024-02-22,2024-03-11,True,True,1311822.0,-256891.55,0.0,0,-256891.55,-0.19582805441591922
liquid_universe-2024-03-08-2404,2404,漢唐,2024-03-08,2024-03-11,2024-06-12,True,True,1170001.75,-72330.25,0.0,0,-72330.25,-0.0618206340289662
liquid_universe-2024-03-15-1519,1519,華城,2024-03-15,2024-03-18,2024-06-20,True,True,1153490.0,411342.0,0.0,0,411342.0,0.35660647253118793
liquid_universe-2024-04-16-2348,2348,海悅,2024-04-16,2024-04-17,2024-07-17,True,True,1334345.0,1004168.0,0.0,0,1004168.0,0.7525549988945888
liquid_universe-2024-06-12-6706,6706,惠特,2024-06-12,2024-06-13,2024-09-12,True,True,1107542.2,635576.8,0.0,0,635576.8,0.5738623774335643
liquid_universe-2024-06-19-4545,4545,銘鈺,2024-06-19,2024-06-20,2024-07-17,True,True,1423521.8,-180829.00000000006,0.0,0,-180829.00000000006,-0.1270293156030347
liquid_universe-2024-07-17-6442,6442,光聖,2024-07-17,2024-07-18,2024-07-26,True,True,1623165.0,-360815.4,0.0,0,-360815.4,-0.22229126428921275
liquid_universe-2024-07-17-1799,1799,易威,2024-07-17,2024-07-18,2024-07-26,True,True,1575344.5,-269409.25,0.0,0,-269409.25,-0.17101608568792415
liquid_universe-2024-07-23-9906,9906,欣巴巴,2024-07-23,2024-07-26,2024-11-01,True,True,1472411.75,-144592.13,0.0,0,-144592.13,-0.09820088029044866
liquid_universe-2024-07-26-2524,2524,京城,2024-07-26,2024-07-29,2024-10-30,True,True,1462792.2,-158096.04999999993,0.0,0,-158096.04999999993,-0.10807826976381193
liquid_universe-2024-09-12-6530,6530,創威,2024-09-12,2024-09-13,2024-12-24,True,True,1626319.55,168022.94999999995,0.0,0,168022.94999999995,0.10331484362959294
liquid_universe-2024-09-24-3081,3081,聯亞,2024-09-24,2024-09-25,2025-01-07,True,True,1542461.5,594498.5,0.0,0,594498.5,0.3854219375977942
liquid_universe-2024-10-24-3447,3447,展達,2024-10-24,2024-10-25,2024-12-10,True,True,1363431.0,-177115.0,0.0,0,-177115.0,-0.12990389686020049
liquid_universe-2024-12-10-3029,3029,零壹,2024-12-10,2024-12-11,2024-12-17,True,True,1259310.0,-148979.0,0.0,0,-148979.0,-0.11830208606300276
liquid_universe-2024-12-17-3019,3019,亞光,2024-12-17,2024-12-18,2025-03-28,True,True,1142724.5,-17379.5,0.0,0,-17379.5,-0.015208827674561979
liquid_universe-2024-12-19-4571,4571,鈞興-KY,2024-12-19,2024-12-20,2025-01-10,True,True,1569029.0,-262124.0,0.0,0,-262124.0,-0.1670612843994598
liquid_universe-2024-12-27-5314,5314,世紀*,2024-12-27,2024-12-30,2025-04-15,True,True,1537261.5,1265505.5,0.0,0,1265505.5,0.8232207077325491
liquid_universe-2025-01-10-6558,6558,興能高,2025-01-10,2025-01-13,2025-04-11,True,True,1520730.8,-276644.00000000006,0.0,0,-276644.00000000006,-0.1819151686807422
liquid_universe-2025-06-10-2429,2429,銘旺科,2025-06-10,2025-06-11,2025-07-10,True,True,1669700.05,-336131.80000000005,0.0,0,-336131.80000000005,-0.20131268487414852
liquid_universe-2025-06-10-4722,4722,國精化,2025-06-10,2025-06-11,2025-07-14,True,True,1766070.0,-240502.75000000006,0.0,0,-240502.75000000006,-0.13617962481668341
liquid_universe-2025-06-10-6584,6584,南俊國際,2025-06-10,2025-06-11,2025-09-11,True,True,1757840.0,780591.06,0.0,0,780591.06,0.4440626336867975
liquid_universe-2025-07-04-4991,4991,環宇-KY,2025-07-04,2025-07-07,2025-10-07,True,True,1667140.0,-49066.25,0.0,0,-49066.25,-0.02943139148481831
liquid_universe-2025-07-07-3297,3297,杭特,2025-07-07,2025-07-08,2025-07-28,True,True,1522006.0,-198078.25,0.0,0,-198078.25,-0.13014288379940683
liquid_universe-2025-07-24-8358,8358,金居,2025-07-24,2025-07-25,2025-10-28,True,True,1458581.9,1805446.35,0.0,0,1805446.35,1.237809374982646
liquid_universe-2025-09-11-2208,2208,台船,2025-09-11,2025-09-12,2025-09-19,True,True,2424879.6,-305968.2700000001,0.0,0,-305968.2700000001,-0.12617874718398392
liquid_universe-2025-09-19-2344,2344,華邦電,2025-09-19,2025-09-22,2025-12-24,True,True,2226678.68,2553962.77,0.0,0,2553962.77,1.146983079749971
liquid_universe-2025-10-03-8299,8299,群聯,2025-10-03,2025-10-07,2026-01-08,True,True,1659524.0,1552481.81,0.0,0,1552481.81,0.9354982573316204
liquid_universe-2025-10-28-2408,2408,南亞科,2025-10-28,2025-10-29,2026-01-28,True,True,2696420.25,3230401.75,0.0,0,3230401.75,1.198033485321882
liquid_universe-2025-12-24-6706,6706,惠特,2025-12-24,2025-12-26,2026-01-15,True,True,3534695.5,-591128.5,0.0,0,-591128.5,-0.1672360462167109
liquid_universe-2026-01-08-6443,6443,元晶,2026-01-08,2026-01-09,2026-04-24,True,True,3999666.9,915626.0500000003,0.0,0,915626.0500000003,0.22892557627736457
liquid_universe-2026-01-14-6485,6485,點序,2026-01-14,2026-01-15,2026-02-06,True,True,3783574.5,-704585.8999999999,0.0,0,-704585.8999999999,-0.18622228794490497
liquid_universe-2026-01-28-4533,4533,協易機,2026-01-28,2026-01-29,2026-02-11,True,True,4532748.13,-898686.5,0.0,0,-898686.5,-0.19826526297634808
liquid_universe-2026-02-03-6285,6285,啟碁,2026-02-03,2026-02-04,2026-02-09,True,True,4342902.25,-409849.0,0.0,0,-409849.0,-0.09437214480247627
liquid_universe-2026-02-09-5386,5386,青雲,2026-02-09,2026-02-10,2026-05-26,True,True,4116967.5,11400508.0,0.0,0,11400508.0,2.7691518089467553
liquid_universe-2026-02-11-2337,2337,旺宏,2026-02-11,2026-02-23,2026-03-11,True,True,3804267.5,-374983.3,0.0,0,-374983.3,-0.09856912007370669
liquid_universe-2026-03-11-3081,3081,聯亞,2026-03-11,2026-03-12,2026-06-12,True,True,3097822.0,1392480.0,0.0,0,1392480.0,0.4495029088178727
liquid_universe-2026-04-24-7734,7734,印能科技,2026-04-24,2026-04-27,2026-06-16,True,True,4532303.5,-882586.5,0.0,0,-882586.5,-0.19473243572501267
liquid_universe-2026-05-26-1597,1597,直得,2026-05-26,2026-05-27,2026-06-03,True,True,7783125.0,-1596662.0,0.0,0,-1596662.0,-0.20514407773227336
liquid_universe-2026-06-03-3149,3149,正達,2026-06-03,2026-06-04,2026-07-23,True,True,7667075.6,-1969924.8499999996,0.0,0,-1969924.8499999996,-0.25693301498161825
liquid_universe-2026-06-12-2327,2327,國巨*,2026-06-12,2026-06-15,2026-07-14,True,True,7231526.0,-1269278.0,0.0,0,-1269278.0,-0.17552007695194624
liquid_universe-2026-06-15-4939,4939,亞電,2026-06-15,2026-06-16,2026-07-15,True,True,6445579.75,-1034761.0500000003,0.0,0,-1034761.0500000003,-0.16053808813706794
liquid_universe-2026-07-14-2434,2434,統懋,2026-07-14,2026-07-15,2026-07-28,True,True,581444.0,-92492.70000000001,0.0,0,-92492.70000000001,-0.15907413267657763
liquid_universe-2026-07-15-1303,1303,南亞,2026-07-15,2026-07-16,2026-07-21,True,True,6007417.0,-862597.0,0.0,0,-862597.0,-0.14358866714263385
liquid_universe-2026-07-21-2634,2634,漢翔,2026-07-21,2026-07-22,,False,False,5390954.0,-5390954.0,5010860.8,0,-380093.2000000002,-0.07050573980041384
liquid_universe-2026-07-23-8039,8039,台虹,2026-07-23,2026-07-24,2026-07-30,True,True,4960886.5,-1418286.75,0.0,0,-1418286.75,-0.2858938115193726
liquid_universe-2026-07-28-1101,1101,台泥,2026-07-28,2026-07-29,,False,False,4751025.55,-4751025.55,4771255.5,0,20229.950000000186,0.004258017513713473
liquid_universe-2026-07-30-2207,2207,和泰車,2026-07-30,2026-07-31,,False,False,2417992.0,-2417992.0,2287480.0,0,-130512.0,-0.05397536468276157
