date,event_id,mark_date,market_value,name,price,qty,stale,stock_id
2024-01-02,2023-10-g011-2023-10-17-3491,2024-01-02,28497.0,昇達科,161.0,177,False,3491
2024-01-02,2023-12-g007-2023-12-08-2458,2024-01-02,523160.0,義隆,159.5,3280,False,2458
2024-01-02,2023-12-g003-2023-12-15-6472,2024-01-02,494424.0,保瑞,648.0,763,False,6472
2024-01-03,2023-12-g007-2023-12-08-2458,2024-01-03,518240.0,義隆,158.0,3280,False,2458
2024-01-03,2023-12-g003-2023-12-15-6472,2024-01-03,486031.0,保瑞,637.0,763,False,6472
2024-01-03,relaxed-2024-01-02-6695,2024-01-03,478170.00000000006,芯鼎,75.9,6300,False,6695
2024-01-04,2023-12-g007-2023-12-08-2458,2024-01-04,513320.0,義隆,156.5,3280,False,2458
2024-01-04,2023-12-g003-2023-12-15-6472,2024-01-04,482216.0,保瑞,632.0,763,False,6472
2024-01-04,relaxed-2024-01-02-6695,2024-01-04,490140.0,芯鼎,77.8,6300,False,6695
2024-01-05,2023-12-g007-2023-12-08-2458,2024-01-05,510040.0,義隆,155.5,3280,False,2458
2024-01-05,2023-12-g003-2023-12-15-6472,2024-01-05,507395.0,保瑞,665.0,763,False,6472
2024-01-05,relaxed-2024-01-02-6695,2024-01-05,512190.0,芯鼎,81.3,6300,False,6695
2024-01-08,2023-12-g007-2023-12-08-2458,2024-01-08,13508.0,義隆,153.5,88,False,2458
2024-01-08,2023-12-g003-2023-12-15-6472,2024-01-08,506632.0,保瑞,664.0,763,False,6472
2024-01-08,relaxed-2024-01-02-6695,2024-01-08,500850.0,芯鼎,79.5,6300,False,6695
2024-01-09,2023-12-g003-2023-12-15-6472,2024-01-09,502817.0,保瑞,659.0,763,False,6472
2024-01-09,relaxed-2024-01-02-6695,2024-01-09,484470.00000000006,芯鼎,76.9,6300,False,6695
2024-01-09,relaxed-2024-01-04-2603-renew-2024-01-08,2024-01-09,475861.5,長榮,151.5,3141,False,2603
2024-01-10,2023-12-g003-2023-12-15-6472,2024-01-10,487557.0,保瑞,639.0,763,False,6472
2024-01-10,relaxed-2024-01-02-6695,2024-01-10,532350.0,芯鼎,84.5,6300,False,6695
2024-01-10,relaxed-2024-01-04-2603-renew-2024-01-08,2024-01-10,464868.0,長榮,148.0,3141,False,2603
2024-01-11,2023-12-g003-2023-12-15-6472,2024-01-11,492898.0,保瑞,646.0,763,False,6472
2024-01-11,relaxed-2024-01-02-6695,2024-01-11,540540.0,芯鼎,85.8,6300,False,6695
2024-01-11,relaxed-2024-01-04-2603-renew-2024-01-08,2024-01-11,468009.0,長榮,149.0,3141,False,2603
2024-01-12,2023-12-g003-2023-12-15-6472,2024-01-12,508921.0,保瑞,667.0,763,False,6472
2024-01-12,relaxed-2024-01-02-6695,2024-01-12,525420.0,芯鼎,83.4,6300,False,6695
2024-01-12,relaxed-2024-01-04-2603-renew-2024-01-08,2024-01-12,491566.5,長榮,156.5,3141,False,2603
2024-01-15,2023-12-g003-2023-12-15-6472,2024-01-15,529522.0,保瑞,694.0,763,False,6472
2024-01-15,relaxed-2024-01-02-6695,2024-01-15,577710.0,芯鼎,91.7,6300,False,6695
2024-01-15,relaxed-2024-01-04-2603-renew-2024-01-08,2024-01-15,497848.5,長榮,158.5,3141,False,2603
2024-01-16,2023-12-g003-2023-12-15-6472,2024-01-15,529522.0,保瑞,694.0,763,True,6472
2024-01-16,relaxed-2024-01-02-6695,2024-01-16,565740.0,芯鼎,89.8,6300,False,6695
2024-01-16,relaxed-2024-01-04-2603-renew-2024-01-08,2024-01-16,482143.5,長榮,153.5,3141,False,2603
2024-01-17,2023-12-g003-2023-12-15-6472,2024-01-17,517314.0,保瑞,678.0,763,False,6472
2024-01-17,relaxed-2024-01-02-6695,2024-01-17,548730.0,芯鼎,87.1,6300,False,6695
2024-01-17,relaxed-2024-01-04-2603-renew-2024-01-08,2024-01-17,479002.5,長榮,152.5,3141,False,2603
2024-01-18,2023-12-g003-2023-12-15-6472,2024-01-18,531048.0,保瑞,696.0,763,False,6472
2024-01-18,relaxed-2024-01-02-6695,2024-01-18,538020.0,芯鼎,85.4,6300,False,6695
2024-01-18,relaxed-2024-01-04-2603-renew-2024-01-08,2024-01-18,496278.0,長榮,158.0,3141,False,2603
2024-01-19,2023-12-g003-2023-12-15-6472,2024-01-19,520366.0,保瑞,682.0,763,False,6472
2024-01-19,relaxed-2024-01-02-6695,2024-01-19,521010.0,芯鼎,82.7,6300,False,6695
2024-01-19,relaxed-2024-01-04-2603-renew-2024-01-08,2024-01-19,486855.0,長榮,155.0,3141,False,2603
2024-01-22,2023-12-g003-2023-12-15-6472,2024-01-22,515025.0,保瑞,675.0,763,False,6472
2024-01-22,relaxed-2024-01-02-6695,2024-01-22,539910.0,芯鼎,85.7,6300,False,6695
2024-01-22,relaxed-2024-01-04-2603-renew-2024-01-08,2024-01-22,479002.5,長榮,152.5,3141,False,2603
2024-01-23,2023-12-g003-2023-12-15-6472,2024-01-23,508158.0,保瑞,666.0,763,False,6472
2024-01-23,relaxed-2024-01-02-6695,2024-01-23,551250.0,芯鼎,87.5,6300,False,6695
2024-01-24,2023-12-g003-2023-12-15-6472,2024-01-24,510447.0,保瑞,669.0,763,False,6472
2024-01-24,relaxed-2024-01-02-6695,2024-01-24,558180.0,芯鼎,88.6,6300,False,6695
2024-01-24,relaxed-2024-01-23-6643,2024-01-24,221010.0,M31,1390.0,159,False,6643
2024-01-25,2023-12-g003-2023-12-15-6472,2024-01-25,502054.0,保瑞,658.0,763,False,6472
2024-01-25,relaxed-2024-01-02-6695,2024-01-25,533610.0,芯鼎,84.7,6300,False,6695
2024-01-25,relaxed-2024-01-23-6643,2024-01-25,226575.0,M31,1425.0,159,False,6643
2024-01-26,2023-12-g003-2023-12-15-6472,2024-01-26,514262.0,保瑞,674.0,763,False,6472
2024-01-26,relaxed-2024-01-02-6695,2024-01-26,532980.0,芯鼎,84.6,6300,False,6695
2024-01-26,relaxed-2024-01-23-6643,2024-01-26,244065.0,M31,1535.0,159,False,6643
2024-01-29,2023-12-g003-2023-12-15-6472,2024-01-29,507395.0,保瑞,665.0,763,False,6472
2024-01-29,relaxed-2024-01-02-6695,2024-01-29,544950.0,芯鼎,86.5,6300,False,6695
2024-01-29,relaxed-2024-01-23-6643,2024-01-29,255990.0,M31,1610.0,159,False,6643
2024-01-30,2023-12-g003-2023-12-15-6472,2024-01-30,512736.0,保瑞,672.0,763,False,6472
2024-01-30,relaxed-2024-01-02-6695,2024-01-30,538650.0,芯鼎,85.5,6300,False,6695
2024-01-30,relaxed-2024-01-23-6643,2024-01-30,278250.0,M31,1750.0,159,False,6643
2024-01-31,2023-12-g003-2023-12-15-6472,2024-01-31,513499.0,保瑞,673.0,763,False,6472
2024-01-31,relaxed-2024-01-02-6695,2024-01-31,553140.0,芯鼎,87.8,6300,False,6695
2024-01-31,relaxed-2024-01-23-6643,2024-01-31,279840.0,M31,1760.0,159,False,6643
2024-02-01,2023-12-g003-2023-12-15-6472,2024-02-01,516551.0,保瑞,677.0,763,False,6472
2024-02-01,relaxed-2024-01-02-6695,2024-02-01,576450.0,芯鼎,91.5,6300,False,6695
2024-02-01,relaxed-2024-01-23-6643,2024-02-01,274275.0,M31,1725.0,159,False,6643
2024-02-02,2023-12-g003-2023-12-15-6472,2024-02-02,511973.0,保瑞,671.0,763,False,6472
2024-02-02,relaxed-2024-01-02-6695,2024-02-02,598500.0,芯鼎,95.0,6300,False,6695
2024-02-02,relaxed-2024-01-23-6643,2024-02-02,286995.0,M31,1805.0,159,False,6643
2024-02-05,2023-12-g003-2023-12-15-6472,2024-02-05,11826.0,保瑞,657.0,18,False,6472
2024-02-05,relaxed-2024-01-02-6695,2024-02-05,538650.0,芯鼎,85.5,6300,False,6695
2024-02-05,relaxed-2024-01-23-6643,2024-02-05,271890.0,M31,1710.0,159,False,6643
2024-02-15,relaxed-2024-01-02-6695,2024-02-15,539910.0,芯鼎,85.7,6300,False,6695
2024-02-15,relaxed-2024-01-23-6643,2024-02-15,289380.0,M31,1820.0,159,False,6643
2024-02-15,relaxed-2024-02-01-3017-renew-2024-02-05,2024-02-15,580992.0,奇鋐,534.0,1088,False,3017
2024-02-16,relaxed-2024-01-02-6695,2024-02-16,570780.0,芯鼎,90.6,6300,False,6695
2024-02-16,relaxed-2024-01-23-6643,2024-02-16,281430.0,M31,1770.0,159,False,6643
2024-02-16,relaxed-2024-02-01-3017-renew-2024-02-05,2024-02-16,554880.0,奇鋐,510.0,1088,False,3017
2024-02-19,relaxed-2024-01-23-6643,2024-02-19,268710.0,M31,1690.0,159,False,6643
2024-02-19,relaxed-2024-02-01-3017-renew-2024-02-05,2024-02-19,528768.0,奇鋐,486.0,1088,False,3017
2024-02-20,relaxed-2024-01-23-6643,2024-02-20,267915.0,M31,1685.0,159,False,6643
2024-02-20,relaxed-2024-02-01-3017-renew-2024-02-05,2024-02-20,525504.0,奇鋐,483.0,1088,False,3017
2024-02-20,relaxed-2024-02-19-2465,2024-02-20,514431.0,麗臺,121.5,4234,False,2465
2024-02-21,relaxed-2024-01-23-6643,2024-02-21,255195.0,M31,1605.0,159,False,6643
2024-02-21,relaxed-2024-02-01-3017-renew-2024-02-05,2024-02-21,538560.0,奇鋐,495.0,1088,False,3017
2024-02-21,relaxed-2024-02-19-2465,2024-02-21,508080.0,麗臺,120.0,4234,False,2465
2024-02-22,relaxed-2024-01-23-6643,2024-02-22,262350.0,M31,1650.0,159,False,6643
2024-02-22,relaxed-2024-02-01-3017-renew-2024-02-05,2024-02-22,565760.0,奇鋐,520.0,1088,False,3017
2024-02-22,relaxed-2024-02-19-2465,2024-02-22,505963.0,麗臺,119.5,4234,False,2465
2024-02-23,relaxed-2024-01-23-6643,2024-02-23,277455.0,M31,1745.0,159,False,6643
2024-02-23,relaxed-2024-02-01-3017-renew-2024-02-05,2024-02-23,542368.0,奇鋐,498.5,1088,False,3017
2024-02-23,relaxed-2024-02-19-2465,2024-02-23,520782.0,麗臺,123.0,4234,False,2465
2024-02-26,relaxed-2024-01-23-6643,2024-02-26,279045.0,M31,1755.0,159,False,6643
2024-02-26,relaxed-2024-02-01-3017-renew-2024-02-05,2024-02-26,544000.0,奇鋐,500.0,1088,False,3017
2024-02-26,relaxed-2024-02-19-2465,2024-02-26,533484.0,麗臺,126.0,4234,False,2465
2024-02-27,relaxed-2024-01-23-6643,2024-02-27,286200.0,M31,1800.0,159,False,6643
2024-02-27,relaxed-2024-02-01-3017-renew-2024-02-05,2024-02-27,552704.0,奇鋐,508.0,1088,False,3017
2024-02-27,relaxed-2024-02-19-2465,2024-02-27,563122.0,麗臺,133.0,4234,False,2465
2024-02-29,relaxed-2024-01-23-6643,2024-02-29,286995.0,M31,1805.0,159,False,6643
2024-02-29,relaxed-2024-02-01-3017-renew-2024-02-05,2024-02-29,578816.0,奇鋐,532.0,1088,False,3017
2024-02-29,relaxed-2024-02-19-2465,2024-02-29,609696.0,麗臺,144.0,4234,False,2465
2024-03-01,relaxed-2024-01-23-6643,2024-03-01,315615.0,M31,1985.0,159,False,6643
2024-03-01,relaxed-2024-02-01-3017-renew-2024-02-05,2024-03-01,586432.0,奇鋐,539.0,1088,False,3017
2024-03-01,relaxed-2024-02-19-2465,2024-03-01,618164.0,麗臺,146.0,4234,False,2465
2024-03-04,relaxed-2024-01-23-6643,2024-03-04,318795.0,M31,2005.0,159,False,6643
2024-03-04,relaxed-2024-02-01-3017-renew-2024-02-05,2024-03-04,602752.0,奇鋐,554.0,1088,False,3017
2024-03-04,relaxed-2024-02-19-2465,2024-03-04,677440.0,麗臺,160.0,4234,False,2465
2024-03-05,relaxed-2024-01-23-6643,2024-03-05,286995.0,M31,1805.0,159,False,6643
2024-03-05,relaxed-2024-02-01-3017-renew-2024-02-05,2024-03-05,636480.0,奇鋐,585.0,1088,False,3017
2024-03-05,relaxed-2024-02-19-2465,2024-03-05,664738.0,麗臺,157.0,4234,False,2465
2024-03-06,relaxed-2024-01-23-6643,2024-03-06,258375.0,M31,1625.0,159,False,6643
2024-03-06,relaxed-2024-02-01-3017-renew-2024-02-05,2024-03-06,685440.0,奇鋐,630.0,1088,False,3017
2024-03-06,relaxed-2024-02-19-2465,2024-03-06,664738.0,麗臺,157.0,4234,False,2465
2024-03-07,relaxed-2024-02-01-3017-renew-2024-02-05,2024-03-07,651712.0,奇鋐,599.0,1088,False,3017
2024-03-07,relaxed-2024-02-19-2465,2024-03-07,626632.0,麗臺,148.0,4234,False,2465
2024-03-08,relaxed-2024-02-01-3017-renew-2024-02-05,2024-03-08,624512.0,奇鋐,574.0,1088,False,3017
2024-03-08,relaxed-2024-02-19-2465,2024-03-08,565239.0,麗臺,133.5,4234,False,2465
2024-03-08,relaxed-2024-03-07-6584,2024-03-08,488014.0,南俊國際,206.0,2369,False,6584
2024-03-11,relaxed-2024-02-01-3017-renew-2024-02-05,2024-03-11,636480.0,奇鋐,585.0,1088,False,3017
2024-03-11,relaxed-2024-02-19-2465,2024-03-11,550420.0,麗臺,130.0,4234,False,2465
2024-03-11,relaxed-2024-03-07-6584,2024-03-11,444187.5,南俊國際,187.5,2369,False,6584
2024-03-12,relaxed-2024-02-01-3017-renew-2024-02-05,2024-03-12,699584.0,奇鋐,643.0,1088,False,3017
2024-03-12,relaxed-2024-02-19-2465,2024-03-12,605462.0,麗臺,143.0,4234,False,2465
2024-03-12,relaxed-2024-03-07-6584,2024-03-12,488014.0,南俊國際,206.0,2369,False,6584
2024-03-13,relaxed-2024-02-01-3017-renew-2024-02-05,2024-03-13,671296.0,奇鋐,617.0,1088,False,3017
2024-03-13,relaxed-2024-02-19-2465,2024-03-13,613930.0,麗臺,145.0,4234,False,2465
2024-03-13,relaxed-2024-03-07-6584,2024-03-13,502228.0,南俊國際,212.0,2369,False,6584
2024-03-14,relaxed-2024-02-01-3017-renew-2024-02-05,2024-03-14,604928.0,奇鋐,556.0,1088,False,3017
2024-03-14,relaxed-2024-02-19-2465,2024-03-14,558888.0,麗臺,132.0,4234,False,2465
2024-03-14,relaxed-2024-03-07-6584,2024-03-14,472615.5,南俊國際,199.5,2369,False,6584
2024-03-15,relaxed-2024-02-01-3017-renew-2024-02-05,2024-03-15,651712.0,奇鋐,599.0,1088,False,3017
2024-03-15,relaxed-2024-02-19-2465,2024-03-15,531367.0,麗臺,125.5,4234,False,2465
2024-03-15,relaxed-2024-03-07-6584,2024-03-15,476169.0,南俊國際,201.0,2369,False,6584
2024-03-18,relaxed-2024-02-01-3017-renew-2024-02-05,2024-03-18,677824.0,奇鋐,623.0,1088,False,3017
2024-03-18,relaxed-2024-02-19-2465,2024-03-18,561005.0,麗臺,132.5,4234,False,2465
2024-03-18,relaxed-2024-03-07-6584,2024-03-18,491567.5,南俊國際,207.5,2369,False,6584
2024-03-19,relaxed-2024-02-01-3017-renew-2024-02-05,2024-03-19,619072.0,奇鋐,569.0,1088,False,3017
2024-03-19,relaxed-2024-02-19-2465,2024-03-19,546186.0,麗臺,129.0,4234,False,2465
2024-03-19,relaxed-2024-03-07-6584,2024-03-19,490383.0,南俊國際,207.0,2369,False,6584
2024-03-20,relaxed-2024-02-01-3017-renew-2024-02-05,2024-03-20,616896.0,奇鋐,567.0,1088,False,3017
2024-03-20,relaxed-2024-03-07-6584,2024-03-20,477353.5,南俊國際,201.5,2369,False,6584
2024-03-21,relaxed-2024-02-01-3017-renew-2024-02-05,2024-03-21,636480.0,奇鋐,585.0,1088,False,3017
2024-03-21,relaxed-2024-03-07-6584,2024-03-21,490383.0,南俊國際,207.0,2369,False,6584
2024-03-21,relaxed-2024-03-19-1503-renew-2024-03-20,2024-03-21,587099.5,士電,266.5,2203,False,1503
2024-03-22,relaxed-2024-02-01-3017-renew-2024-02-05,2024-03-22,640832.0,奇鋐,589.0,1088,False,3017
2024-03-22,relaxed-2024-03-07-6584,2024-03-22,501043.5,南俊國際,211.5,2369,False,6584
2024-03-22,relaxed-2024-03-19-1503-renew-2024-03-20,2024-03-22,603622.0,士電,274.0,2203,False,1503
2024-03-25,relaxed-2024-02-01-3017-renew-2024-02-05,2024-03-25,634304.0,奇鋐,583.0,1088,False,3017
2024-03-25,relaxed-2024-03-07-6584,2024-03-25,478538.0,南俊國際,202.0,2369,False,6584
2024-03-25,relaxed-2024-03-19-1503-renew-2024-03-20,2024-03-25,658697.0,士電,299.0,2203,False,1503
2024-03-26,relaxed-2024-02-01-3017-renew-2024-02-05,2024-03-26,588608.0,奇鋐,541.0,1088,False,3017
2024-03-26,relaxed-2024-03-07-6584,2024-03-26,456032.5,南俊國際,192.5,2369,False,6584
2024-03-26,relaxed-2024-03-19-1503-renew-2024-03-20,2024-03-26,704960.0,士電,320.0,2203,False,1503
2024-03-27,relaxed-2024-03-07-6584,2024-03-27,445372.0,南俊國際,188.0,2369,False,6584
2024-03-27,relaxed-2024-03-19-1503-renew-2024-03-20,2024-03-27,650986.5,士電,295.5,2203,False,1503
2024-03-28,relaxed-2024-03-07-6584,2024-03-28,445372.0,南俊國際,188.0,2369,False,6584
2024-03-28,relaxed-2024-03-19-1503-renew-2024-03-20,2024-03-28,616840.0,士電,280.0,2203,False,1503
2024-03-28,relaxed-2024-03-25-8996-renew-2024-03-27,2024-03-28,518472.0,高力,379.0,1368,False,8996
2024-03-29,relaxed-2024-03-07-6584,2024-03-29,48954.0,南俊國際,199.0,246,False,6584
2024-03-29,relaxed-2024-03-19-1503-renew-2024-03-20,2024-03-29,643276.0,士電,292.0,2203,False,1503
2024-03-29,relaxed-2024-03-25-8996-renew-2024-03-27,2024-03-29,500688.0,高力,366.0,1368,False,8996
2024-04-01,relaxed-2024-03-07-6584,2024-04-01,35134.5,南俊國際,198.5,177,False,6584
2024-04-01,relaxed-2024-03-19-1503-renew-2024-03-20,2024-04-01,676321.0,士電,307.0,2203,False,1503
2024-04-01,relaxed-2024-03-25-8996-renew-2024-03-27,2024-04-01,496584.0,高力,363.0,1368,False,8996
2024-04-01,relaxed-2024-03-29-6139,2024-04-01,556348.5,亞翔,256.5,2169,False,6139
2024-04-02,relaxed-2024-03-07-6584,2024-04-02,17372.0,南俊國際,202.0,86,False,6584
2024-04-02,relaxed-2024-03-19-1503-renew-2024-03-20,2024-04-02,678524.0,士電,308.0,2203,False,1503
2024-04-02,relaxed-2024-03-25-8996-renew-2024-03-27,2024-04-02,495216.0,高力,362.0,1368,False,8996
2024-04-02,relaxed-2024-03-29-6139,2024-04-02,605151.0,亞翔,279.0,2169,False,6139
2024-04-03,relaxed-2024-03-19-1503-renew-2024-03-20,2024-04-03,673016.5,士電,305.5,2203,False,1503
2024-04-03,relaxed-2024-03-25-8996-renew-2024-03-27,2024-04-03,497952.0,高力,364.0,1368,False,8996
2024-04-03,relaxed-2024-03-29-6139,2024-04-03,614911.5,亞翔,283.5,2169,False,6139
2024-04-08,relaxed-2024-03-19-1503-renew-2024-03-20,2024-04-08,690640.5,士電,313.5,2203,False,1503
2024-04-08,relaxed-2024-03-25-8996-renew-2024-03-27,2024-04-08,502740.0,高力,367.5,1368,False,8996
2024-04-08,relaxed-2024-03-29-6139,2024-04-08,630094.5,亞翔,290.5,2169,False,6139
2024-04-09,relaxed-2024-03-19-1503-renew-2024-03-20,2024-04-09,758933.5,士電,344.5,2203,False,1503
2024-04-09,relaxed-2024-03-25-8996-renew-2024-03-27,2024-04-09,491796.0,高力,359.5,1368,False,8996
2024-04-09,relaxed-2024-03-29-6139,2024-04-09,645277.5,亞翔,297.5,2169,False,6139
2024-04-10,relaxed-2024-03-19-1503-renew-2024-03-20,2024-04-10,696148.0,士電,316.0,2203,False,1503
2024-04-10,relaxed-2024-03-25-8996-renew-2024-03-27,2024-04-10,483588.0,高力,353.5,1368,False,8996
2024-04-10,relaxed-2024-03-29-6139,2024-04-10,657207.0,亞翔,303.0,2169,False,6139
2024-04-11,relaxed-2024-03-19-1503-renew-2024-03-20,2024-04-11,669712.0,士電,304.0,2203,False,1503
2024-04-11,relaxed-2024-03-25-8996-renew-2024-03-27,2024-04-11,487008.0,高力,356.0,1368,False,8996
2024-04-11,relaxed-2024-03-29-6139,2024-04-11,722277.0,亞翔,333.0,2169,False,6139
2024-04-12,relaxed-2024-03-19-1503-renew-2024-03-20,2024-04-12,735802.0,士電,334.0,2203,False,1503
2024-04-12,relaxed-2024-03-25-8996-renew-2024-03-27,2024-04-12,492480.0,高力,360.0,1368,False,8996
2024-04-12,relaxed-2024-03-29-6139,2024-04-12,793854.0,亞翔,366.0,2169,False,6139
2024-04-15,relaxed-2024-03-19-1503-renew-2024-03-20,2024-04-15,680727.0,士電,309.0,2203,False,1503
2024-04-15,relaxed-2024-03-25-8996-renew-2024-03-27,2024-04-15,461700.0,高力,337.5,1368,False,8996
2024-04-15,relaxed-2024-03-29-6139,2024-04-15,714685.5,亞翔,329.5,2169,False,6139
2024-04-16,relaxed-2024-03-19-1503-renew-2024-03-20,2024-04-16,676321.0,士電,307.0,2203,False,1503
2024-04-16,relaxed-2024-03-25-8996-renew-2024-03-27,2024-04-16,447336.0,高力,327.0,1368,False,8996
2024-04-16,relaxed-2024-03-29-6139,2024-04-16,672390.0,亞翔,310.0,2169,False,6139
2024-04-17,relaxed-2024-03-19-1503-renew-2024-03-20,2024-04-17,743512.5,士電,337.5,2203,False,1503
2024-04-17,relaxed-2024-03-29-6139,2024-04-17,739629.0,亞翔,341.0,2169,False,6139
2024-04-18,relaxed-2024-03-19-1503-renew-2024-03-20,2024-04-18,734700.5,士電,333.5,2203,False,1503
2024-04-18,relaxed-2024-03-29-6139,2024-04-18,708178.5,亞翔,326.5,2169,False,6139
2024-04-18,relaxed-2024-04-12-2363-renew-2024-04-17,2024-04-18,493119.2,矽統,69.2,7126,False,2363
2024-04-19,relaxed-2024-03-19-1503-renew-2024-03-20,2024-04-19,721482.5,士電,327.5,2203,False,1503
2024-04-19,relaxed-2024-03-29-6139,2024-04-19,673474.5,亞翔,310.5,2169,False,6139
2024-04-19,relaxed-2024-04-12-2363-renew-2024-04-17,2024-04-19,485993.2,矽統,68.2,7126,False,2363
2024-04-22,relaxed-2024-03-19-1503-renew-2024-03-20,2024-04-22,691742.0,士電,314.0,2203,False,1503
2024-04-22,relaxed-2024-03-29-6139,2024-04-22,609489.0,亞翔,281.0,2169,False,6139
2024-04-22,relaxed-2024-04-12-2363-renew-2024-04-17,2024-04-22,450363.2,矽統,63.2,7126,False,2363
2024-04-23,relaxed-2024-03-19-1503-renew-2024-03-20,2024-04-23,679625.5,士電,308.5,2203,False,1503
2024-04-23,relaxed-2024-03-29-6139,2024-04-23,640939.5,亞翔,295.5,2169,False,6139
2024-04-23,relaxed-2024-04-12-2363-renew-2024-04-17,2024-04-23,459627.0,矽統,64.5,7126,False,2363
2024-04-24,relaxed-2024-03-19-1503-renew-2024-03-20,2024-04-24,696148.0,士電,316.0,2203,False,1503
2024-04-24,relaxed-2024-03-29-6139,2024-04-24,694080.0,亞翔,320.0,2169,False,6139
2024-04-24,relaxed-2024-04-12-2363-renew-2024-04-17,2024-04-24,498820.0,矽統,70.0,7126,False,2363
2024-04-25,relaxed-2024-03-19-1503-renew-2024-03-20,2024-04-25,697249.5,士電,316.5,2203,False,1503
2024-04-25,relaxed-2024-03-29-6139,2024-04-25,624672.0,亞翔,288.0,2169,False,6139
2024-04-25,relaxed-2024-04-12-2363-renew-2024-04-17,2024-04-25,517347.6,矽統,72.6,7126,False,2363
2024-04-26,relaxed-2024-03-19-1503-renew-2024-03-20,2024-04-26,673016.5,士電,305.5,2203,False,1503
2024-04-26,relaxed-2024-03-29-6139,2024-04-26,575869.5,亞翔,265.5,2169,False,6139
2024-04-26,relaxed-2024-04-12-2363-renew-2024-04-17,2024-04-26,488843.6,矽統,68.6,7126,False,2363
2024-04-29,relaxed-2024-03-19-1503-renew-2024-03-20,2024-04-29,658697.0,士電,299.0,2203,False,1503
2024-04-29,relaxed-2024-03-29-6139,2024-04-29,589968.0,亞翔,272.0,2169,False,6139
2024-04-29,relaxed-2024-04-12-2363-renew-2024-04-17,2024-04-29,441099.39999999997,矽統,61.9,7126,False,2363
2024-04-30,relaxed-2024-03-19-1503-renew-2024-03-20,2024-04-30,643276.0,士電,292.0,2203,False,1503
2024-04-30,relaxed-2024-03-29-6139,2024-04-30,589968.0,亞翔,272.0,2169,False,6139
2024-04-30,relaxed-2024-04-12-2363-renew-2024-04-17,2024-04-30,440386.8,矽統,61.8,7126,False,2363
2024-05-02,relaxed-2024-03-29-6139,2024-05-02,579123.0,亞翔,267.0,2169,False,6139
2024-05-02,relaxed-2024-04-12-2363-renew-2024-04-17,2024-05-02,414020.60000000003,矽統,58.1,7126,False,2363
2024-05-03,relaxed-2024-03-29-6139,2024-05-03,548757.0,亞翔,253.0,2169,False,6139
2024-05-03,relaxed-2024-05-02-5508,2024-05-03,508572.0,永信建,229.5,2216,False,5508
2024-05-06,relaxed-2024-05-02-5508,2024-05-06,511896.0,永信建,231.0,2216,False,5508
2024-05-06,relaxed-2024-05-02-6230-renew-2024-05-03,2024-05-06,348151.5,尼得科超眾,314.5,1107,False,6230
2024-05-07,relaxed-2024-05-02-5508,2024-05-07,476440.0,永信建,215.0,2216,False,5508
2024-05-07,relaxed-2024-05-02-6230-renew-2024-05-03,2024-05-07,363096.0,尼得科超眾,328.0,1107,False,6230
2024-05-07,relaxed-2024-05-06-2540,2024-05-07,516295.0,愛山林,169.0,3055,False,2540
2024-05-08,relaxed-2024-05-02-5508,2024-05-08,472008.0,永信建,213.0,2216,False,5508
2024-05-08,relaxed-2024-05-02-6230-renew-2024-05-03,2024-05-08,357007.5,尼得科超眾,322.5,1107,False,6230
2024-05-08,relaxed-2024-05-06-2540,2024-05-08,528515.0,愛山林,173.0,3055,False,2540
2024-05-09,relaxed-2024-05-02-5508,2024-05-09,452064.0,永信建,204.0,2216,False,5508
2024-05-09,relaxed-2024-05-02-6230-renew-2024-05-03,2024-05-09,355347.0,尼得科超眾,321.0,1107,False,6230
2024-05-09,relaxed-2024-05-06-2540,2024-05-09,514767.5,愛山林,168.5,3055,False,2540
2024-05-10,relaxed-2024-05-02-5508,2024-05-10,450956.0,永信建,203.5,2216,False,5508
2024-05-10,relaxed-2024-05-02-6230-renew-2024-05-03,2024-05-10,340956.0,尼得科超眾,308.0,1107,False,6230
2024-05-10,relaxed-2024-05-06-2540,2024-05-10,501020.0,愛山林,164.0,3055,False,2540
2024-05-13,relaxed-2024-05-02-5508,2024-05-13,463144.0,永信建,209.0,2216,False,5508
2024-05-13,relaxed-2024-05-02-6230-renew-2024-05-03,2024-05-13,313281.0,尼得科超眾,283.0,1107,False,6230
2024-05-13,relaxed-2024-05-06-2540,2024-05-13,501020.0,愛山林,164.0,3055,False,2540
2024-05-14,relaxed-2024-05-02-5508,2024-05-14,422148.0,永信建,190.5,2216,False,5508
2024-05-14,relaxed-2024-05-02-6230-renew-2024-05-03,2024-05-14,327672.0,尼得科超眾,296.0,1107,False,6230
2024-05-14,relaxed-2024-05-06-2540,2024-05-14,491855.0,愛山林,161.0,3055,False,2540
2024-05-15,relaxed-2024-05-02-6230-renew-2024-05-03,2024-05-15,333207.0,尼得科超眾,301.0,1107,False,6230
2024-05-15,relaxed-2024-05-06-2540,2024-05-15,496437.5,愛山林,162.5,3055,False,2540
2024-05-16,relaxed-2024-05-02-6230-renew-2024-05-03,2024-05-16,321583.5,尼得科超眾,290.5,1107,False,6230
2024-05-16,relaxed-2024-05-06-2540,2024-05-16,519350.0,愛山林,170.0,3055,False,2540
2024-05-16,relaxed-2024-05-15-2615,2024-05-16,465264.9,萬海,71.9,6471,False,2615
2024-05-17,relaxed-2024-05-02-6230-renew-2024-05-03,2024-05-17,353686.5,尼得科超眾,319.5,1107,False,6230
2024-05-17,relaxed-2024-05-06-2540,2024-05-17,517822.5,愛山林,169.5,3055,False,2540
2024-05-17,relaxed-2024-05-15-2615,2024-05-17,452970.0,萬海,70.0,6471,False,2615
2024-05-20,relaxed-2024-05-02-6230-renew-2024-05-03,2024-05-20,369738.0,尼得科超眾,334.0,1107,False,6230
2024-05-20,relaxed-2024-05-06-2540,2024-05-20,497965.0,愛山林,163.0,3055,False,2540
2024-05-20,relaxed-2024-05-15-2615,2024-05-20,458146.8,萬海,70.8,6471,False,2615
2024-05-21,relaxed-2024-05-02-6230-renew-2024-05-03,2024-05-21,406269.0,尼得科超眾,367.0,1107,False,6230
2024-05-21,relaxed-2024-05-06-2540,2024-05-21,490327.5,愛山林,160.5,3055,False,2540
2024-05-21,relaxed-2024-05-15-2615,2024-05-21,445204.8,萬海,68.8,6471,False,2615
2024-05-22,relaxed-2024-05-02-6230-renew-2024-05-03,2024-05-22,407376.0,尼得科超眾,368.0,1107,False,6230
2024-05-22,relaxed-2024-05-06-2540,2024-05-22,484217.5,愛山林,158.5,3055,False,2540
2024-05-22,relaxed-2024-05-15-2615,2024-05-22,460735.2,萬海,71.2,6471,False,2615
2024-05-23,relaxed-2024-05-02-6230-renew-2024-05-03,2024-05-23,401287.5,尼得科超眾,362.5,1107,False,6230
2024-05-23,relaxed-2024-05-06-2540,2024-05-23,452140.0,愛山林,148.0,3055,False,2540
2024-05-23,relaxed-2024-05-15-2615,2024-05-23,460088.1,萬海,71.1,6471,False,2615
2024-05-24,relaxed-2024-05-02-6230-renew-2024-05-03,2024-05-24,394645.5,尼得科超眾,356.5,1107,False,6230
2024-05-24,relaxed-2024-05-15-2615,2024-05-24,484677.9,萬海,74.9,6471,False,2615
2024-05-27,relaxed-2024-05-02-6230-renew-2024-05-03,2024-05-27,398520.0,尼得科超眾,360.0,1107,False,6230
2024-05-27,relaxed-2024-05-15-2615,2024-05-27,531269.1,萬海,82.1,6471,False,2615
2024-05-27,relaxed-2024-05-21-3030-renew-2024-05-24,2024-05-27,392080.0,德律,169.0,2320,False,3030
2024-05-28,relaxed-2024-05-02-6230-renew-2024-05-03,2024-05-28,398520.0,尼得科超眾,360.0,1107,False,6230
2024-05-28,relaxed-2024-05-15-2615,2024-05-28,562977.0,萬海,87.0,6471,False,2615
2024-05-28,relaxed-2024-05-21-3030-renew-2024-05-24,2024-05-28,430360.0,德律,185.5,2320,False,3030
2024-05-29,relaxed-2024-05-02-6230-renew-2024-05-03,2024-05-29,399073.5,尼得科超眾,360.5,1107,False,6230
2024-05-29,relaxed-2024-05-15-2615,2024-05-29,553917.6,萬海,85.6,6471,False,2615
2024-05-29,relaxed-2024-05-21-3030-renew-2024-05-24,2024-05-29,418760.0,德律,180.5,2320,False,3030
2024-05-30,relaxed-2024-05-02-6230-renew-2024-05-03,2024-05-30,383575.5,尼得科超眾,346.5,1107,False,6230
2024-05-30,relaxed-2024-05-15-2615,2024-05-30,566212.5,萬海,87.5,6471,False,2615
2024-05-30,relaxed-2024-05-21-3030-renew-2024-05-24,2024-05-30,409480.0,德律,176.5,2320,False,3030
2024-05-31,relaxed-2024-05-02-6230-renew-2024-05-03,2024-05-31,5788.5,尼得科超眾,340.5,17,False,6230
2024-05-31,relaxed-2024-05-15-2615,2024-05-31,515738.7,萬海,79.7,6471,False,2615
2024-05-31,relaxed-2024-05-21-3030-renew-2024-05-24,2024-05-31,400200.0,德律,172.5,2320,False,3030
2024-06-03,relaxed-2024-05-15-2615,2024-06-03,530622.0,萬海,82.0,6471,False,2615
2024-06-03,relaxed-2024-05-21-3030-renew-2024-05-24,2024-06-03,439640.0,德律,189.5,2320,False,3030
2024-06-03,relaxed-2024-05-29-6117-renew-2024-05-31,2024-06-03,518647.5,迎廣,157.5,3293,False,6117
2024-06-04,relaxed-2024-05-15-2615,2024-06-04,517680.0,萬海,80.0,6471,False,2615
2024-06-04,relaxed-2024-05-21-3030-renew-2024-05-24,2024-06-04,396720.0,德律,171.0,2320,False,3030
2024-06-04,relaxed-2024-05-29-6117-renew-2024-05-31,2024-06-04,518647.5,迎廣,157.5,3293,False,6117
2024-06-05,relaxed-2024-05-15-2615,2024-06-05,569448.0,萬海,88.0,6471,False,2615
2024-06-05,relaxed-2024-05-21-3030-renew-2024-05-24,2024-06-05,414120.0,德律,178.5,2320,False,3030
2024-06-05,relaxed-2024-05-29-6117-renew-2024-05-31,2024-06-05,485717.5,迎廣,147.5,3293,False,6117
2024-06-06,relaxed-2024-05-15-2615,2024-06-06,626392.7999999999,萬海,96.8,6471,False,2615
2024-06-06,relaxed-2024-05-21-3030-renew-2024-05-24,2024-06-06,390920.0,德律,168.5,2320,False,3030
2024-06-06,relaxed-2024-05-29-6117-renew-2024-05-31,2024-06-06,467606.0,迎廣,142.0,3293,False,6117
2024-06-07,relaxed-2024-05-15-2615,2024-06-07,622510.2000000001,萬海,96.2,6471,False,2615
2024-06-07,relaxed-2024-05-21-3030-renew-2024-05-24,2024-06-07,389760.0,德律,168.0,2320,False,3030
2024-06-07,relaxed-2024-05-29-6117-renew-2024-05-31,2024-06-07,439615.5,迎廣,133.5,3293,False,6117
2024-06-11,relaxed-2024-05-15-2615,2024-06-11,570742.2000000001,萬海,88.2,6471,False,2615
2024-06-11,relaxed-2024-05-21-3030-renew-2024-05-24,2024-06-11,408320.0,德律,176.0,2320,False,3030
2024-06-12,relaxed-2024-05-15-2615,2024-06-12,537093.0,萬海,83.0,6471,False,2615
2024-06-12,relaxed-2024-05-21-3030-renew-2024-05-24,2024-06-12,401360.0,德律,173.0,2320,False,3030
2024-06-12,relaxed-2024-06-11-3047,2024-06-12,454539.3,訊舟,26.15,17382,False,3047
2024-06-13,relaxed-2024-05-15-2615,2024-06-13,546152.4,萬海,84.4,6471,False,2615
2024-06-13,relaxed-2024-05-21-3030-renew-2024-05-24,2024-06-13,419920.0,德律,181.0,2320,False,3030
2024-06-13,relaxed-2024-06-11-3047,2024-06-13,456277.5,訊舟,26.25,17382,False,3047
2024-06-14,relaxed-2024-05-15-2615,2024-06-14,600508.7999999999,萬海,92.8,6471,False,2615
2024-06-14,relaxed-2024-05-21-3030-renew-2024-05-24,2024-06-14,410640.0,德律,177.0,2320,False,3030
2024-06-14,relaxed-2024-06-11-3047,2024-06-14,446717.39999999997,訊舟,25.7,17382,False,3047
2024-06-17,relaxed-2024-05-15-2615,2024-06-17,576566.1,萬海,89.1,6471,False,2615
2024-06-17,relaxed-2024-05-21-3030-renew-2024-05-24,2024-06-17,400200.0,德律,172.5,2320,False,3030
2024-06-17,relaxed-2024-06-11-3047,2024-06-17,438026.39999999997,訊舟,25.2,17382,False,3047
2024-06-18,relaxed-2024-05-15-2615,2024-06-18,574624.7999999999,萬海,88.8,6471,False,2615
2024-06-18,relaxed-2024-05-21-3030-renew-2024-05-24,2024-06-18,400200.0,德律,172.5,2320,False,3030
2024-06-18,relaxed-2024-06-11-3047,2024-06-18,433680.89999999997,訊舟,24.95,17382,False,3047
2024-06-19,relaxed-2024-05-15-2615,2024-06-19,582390.0,萬海,90.0,6471,False,2615
2024-06-19,relaxed-2024-05-21-3030-renew-2024-05-24,2024-06-19,379320.0,德律,163.5,2320,False,3030
2024-06-19,relaxed-2024-06-11-3047,2024-06-19,425859.0,訊舟,24.5,17382,False,3047
2024-06-20,relaxed-2024-05-15-2615,2024-06-20,595979.1,萬海,92.1,6471,False,2615
2024-06-20,relaxed-2024-05-21-3030-renew-2024-05-24,2024-06-20,7684.5,德律,163.5,47,False,3030
2024-06-20,relaxed-2024-06-11-3047,2024-06-20,439764.60000000003,訊舟,25.3,17382,False,3047
2024-06-21,relaxed-2024-05-15-2615,2024-06-21,597273.2999999999,萬海,92.3,6471,False,2615
2024-06-21,relaxed-2024-06-11-3047,2024-06-21,483219.60000000003,訊舟,27.8,17382,False,3047
2024-06-21,relaxed-2024-06-19-3450-renew-2024-06-20,2024-06-21,433100.0,聯鈞,122.0,3550,False,3450
2024-06-24,relaxed-2024-05-15-2615,2024-06-24,574624.7999999999,萬海,88.8,6471,False,2615
2024-06-24,relaxed-2024-06-11-3047,2024-06-24,455408.39999999997,訊舟,26.2,17382,False,3047
2024-06-24,relaxed-2024-06-19-3450-renew-2024-06-20,2024-06-24,404700.0,聯鈞,114.0,3550,False,3450
2024-06-25,relaxed-2024-05-15-2615,2024-06-25,593390.7000000001,萬海,91.7,6471,False,2615
2024-06-25,relaxed-2024-06-11-3047,2024-06-25,455408.39999999997,訊舟,26.2,17382,False,3047
2024-06-25,relaxed-2024-06-19-3450-renew-2024-06-20,2024-06-25,408250.0,聯鈞,115.0,3550,False,3450
2024-06-26,relaxed-2024-05-15-2615,2024-06-26,575919.0,萬海,89.0,6471,False,2615
2024-06-26,relaxed-2024-06-11-3047,2024-06-26,500601.60000000003,訊舟,28.8,17382,False,3047
2024-06-26,relaxed-2024-06-19-3450-renew-2024-06-20,2024-06-26,449075.0,聯鈞,126.5,3550,False,3450
2024-06-27,relaxed-2024-06-11-3047,2024-06-27,493648.8,訊舟,28.4,17382,False,3047
2024-06-27,relaxed-2024-06-19-3450-renew-2024-06-20,2024-06-27,438425.0,聯鈞,123.5,3550,False,3450
2024-06-28,relaxed-2024-06-11-3047,2024-06-28,495387.0,訊舟,28.5,17382,False,3047
2024-06-28,relaxed-2024-06-19-3450-renew-2024-06-20,2024-06-28,438425.0,聯鈞,123.5,3550,False,3450
2024-06-28,relaxed-2024-06-26-3665-renew-2024-06-27,2024-06-28,490314.0,貿聯-KY,374.0,1311,False,3665
2024-07-01,relaxed-2024-06-11-3047,2024-07-01,544925.7000000001,訊舟,31.35,17382,False,3047
2024-07-01,relaxed-2024-06-19-3450-renew-2024-06-20,2024-07-01,461500.0,聯鈞,130.0,3550,False,3450
2024-07-01,relaxed-2024-06-26-3665-renew-2024-06-27,2024-07-01,479170.5,貿聯-KY,365.5,1311,False,3665
2024-07-02,relaxed-2024-06-11-3047,2024-07-02,598809.9,訊舟,34.45,17382,False,3047
2024-07-02,relaxed-2024-06-19-3450-renew-2024-06-20,2024-07-02,443750.0,聯鈞,125.0,3550,False,3450
2024-07-02,relaxed-2024-06-26-3665-renew-2024-06-27,2024-07-02,481137.0,貿聯-KY,367.0,1311,False,3665
2024-07-03,relaxed-2024-06-11-3047,2024-07-03,627490.2000000001,訊舟,36.1,17382,False,3047
2024-07-03,relaxed-2024-06-19-3450-renew-2024-06-20,2024-07-03,488125.0,聯鈞,137.5,3550,False,3450
2024-07-03,relaxed-2024-06-26-3665-renew-2024-06-27,2024-07-03,509323.5,貿聯-KY,388.5,1311,False,3665
2024-07-04,relaxed-2024-06-11-3047,2024-07-04,619668.2999999999,訊舟,35.65,17382,False,3047
2024-07-04,relaxed-2024-06-19-3450-renew-2024-06-20,2024-07-04,500550.0,聯鈞,141.0,3550,False,3450
2024-07-04,relaxed-2024-06-26-3665-renew-2024-06-27,2024-07-04,502768.5,貿聯-KY,383.5,1311,False,3665
2024-07-05,relaxed-2024-06-11-3047,2024-07-05,681374.4,訊舟,39.2,17382,False,3047
2024-07-05,relaxed-2024-06-19-3450-renew-2024-06-20,2024-07-05,509425.0,聯鈞,143.5,3550,False,3450
2024-07-05,relaxed-2024-06-26-3665-renew-2024-06-27,2024-07-05,504735.0,貿聯-KY,385.0,1311,False,3665
2024-07-08,relaxed-2024-06-11-3047,2024-07-08,749164.2000000001,訊舟,43.1,17382,False,3047
2024-07-08,relaxed-2024-06-19-3450-renew-2024-06-20,2024-07-08,475700.0,聯鈞,134.0,3550,False,3450
2024-07-08,relaxed-2024-06-26-3665-renew-2024-06-27,2024-07-08,502768.5,貿聯-KY,383.5,1311,False,3665
2024-07-09,relaxed-2024-06-11-3047,2024-07-09,690934.5,訊舟,39.75,17382,False,3047
2024-07-09,relaxed-2024-06-19-3450-renew-2024-06-20,2024-07-09,468600.0,聯鈞,132.0,3550,False,3450
2024-07-09,relaxed-2024-06-26-3665-renew-2024-06-27,2024-07-09,496869.0,貿聯-KY,379.0,1311,False,3665
2024-07-10,relaxed-2024-06-11-3047,2024-07-10,734389.5,訊舟,42.25,17382,False,3047
2024-07-10,relaxed-2024-06-19-3450-renew-2024-06-20,2024-07-10,514750.0,聯鈞,145.0,3550,False,3450
2024-07-10,relaxed-2024-06-26-3665-renew-2024-06-27,2024-07-10,506046.0,貿聯-KY,386.0,1311,False,3665
2024-07-11,relaxed-2024-06-11-3047,2024-07-11,807393.9,訊舟,46.45,17382,False,3047
2024-07-11,relaxed-2024-06-19-3450-renew-2024-06-20,2024-07-11,509425.0,聯鈞,143.5,3550,False,3450
2024-07-11,relaxed-2024-06-26-3665-renew-2024-06-27,2024-07-11,527022.0,貿聯-KY,402.0,1311,False,3665
2024-07-12,relaxed-2024-06-11-3047,2024-07-12,730044.0,訊舟,42.0,17382,False,3047
2024-07-12,relaxed-2024-06-19-3450-renew-2024-06-20,2024-07-12,489900.0,聯鈞,138.0,3550,False,3450
2024-07-12,relaxed-2024-06-26-3665-renew-2024-06-27,2024-07-12,506046.0,貿聯-KY,386.0,1311,False,3665
2024-07-15,relaxed-2024-06-11-3047,2024-07-15,752640.6,訊舟,43.3,17382,False,3047
2024-07-15,relaxed-2024-06-19-3450-renew-2024-06-20,2024-07-15,498775.0,聯鈞,140.5,3550,False,3450
2024-07-15,relaxed-2024-06-26-3665-renew-2024-06-27,2024-07-15,550620.0,貿聯-KY,420.0,1311,False,3665
2024-07-16,relaxed-2024-06-11-3047,2024-07-16,740473.2000000001,訊舟,42.6,17382,False,3047
2024-07-16,relaxed-2024-06-19-3450-renew-2024-06-20,2024-07-16,498775.0,聯鈞,140.5,3550,False,3450
2024-07-16,relaxed-2024-06-26-3665-renew-2024-06-27,2024-07-16,539476.5,貿聯-KY,411.5,1311,False,3665
2024-07-17,relaxed-2024-06-11-3047,2024-07-17,748295.1,訊舟,43.05,17382,False,3047
2024-07-17,relaxed-2024-06-19-3450-renew-2024-06-20,2024-07-17,514750.0,聯鈞,145.0,3550,False,3450
2024-07-17,relaxed-2024-06-26-3665-renew-2024-06-27,2024-07-17,509979.0,貿聯-KY,389.0,1311,False,3665
2024-07-18,relaxed-2024-06-11-3047,2024-07-18,718745.7000000001,訊舟,41.35,17382,False,3047
2024-07-18,relaxed-2024-06-19-3450-renew-2024-06-20,2024-07-18,525400.0,聯鈞,148.0,3550,False,3450
2024-07-18,relaxed-2024-06-26-3665-renew-2024-06-27,2024-07-18,511290.0,貿聯-KY,390.0,1311,False,3665
2024-07-19,relaxed-2024-06-11-3047,2024-07-19,703101.9,訊舟,40.45,17382,False,3047
2024-07-19,relaxed-2024-06-19-3450-renew-2024-06-20,2024-07-19,486350.0,聯鈞,137.0,3550,False,3450
2024-07-19,relaxed-2024-06-26-3665-renew-2024-06-27,2024-07-19,513912.0,貿聯-KY,392.0,1311,False,3665
2024-07-22,relaxed-2024-06-11-3047,2024-07-22,647479.5,訊舟,37.25,17382,False,3047
2024-07-22,relaxed-2024-06-19-3450-renew-2024-06-20,2024-07-22,450850.0,聯鈞,127.0,3550,False,3450
2024-07-22,relaxed-2024-06-26-3665-renew-2024-06-27,2024-07-22,508668.0,貿聯-KY,388.0,1311,False,3665
2024-07-23,relaxed-2024-06-11-3047,2024-07-23,703971.0,訊舟,40.5,17382,False,3047
2024-07-23,relaxed-2024-06-19-3450-renew-2024-06-20,2024-07-23,447300.0,聯鈞,126.0,3550,False,3450
2024-07-23,relaxed-2024-06-26-3665-renew-2024-06-27,2024-07-23,521122.5,貿聯-KY,397.5,1311,False,3665
2024-07-26,relaxed-2024-06-11-3047,2024-07-26,710923.7999999999,訊舟,40.9,17382,False,3047
2024-07-26,relaxed-2024-06-19-3450-renew-2024-06-20,2024-07-26,443750.0,聯鈞,125.0,3550,False,3450
2024-07-26,relaxed-2024-06-26-3665-renew-2024-06-27,2024-07-26,500802.0,貿聯-KY,382.0,1311,False,3665
2024-07-29,relaxed-2024-06-11-3047,2024-07-29,669207.0,訊舟,38.5,17382,False,3047
2024-07-29,relaxed-2024-06-19-3450-renew-2024-06-20,2024-07-29,443750.0,聯鈞,125.0,3550,False,3450
2024-07-29,relaxed-2024-06-26-3665-renew-2024-06-27,2024-07-29,496213.5,貿聯-KY,378.5,1311,False,3665
2024-07-30,relaxed-2024-06-11-3047,2024-07-30,736127.7000000001,訊舟,42.35,17382,False,3047
2024-07-30,relaxed-2024-06-19-3450-renew-2024-06-20,2024-07-30,456175.0,聯鈞,128.5,3550,False,3450
2024-07-30,relaxed-2024-06-26-3665-renew-2024-06-27,2024-07-30,513256.5,貿聯-KY,391.5,1311,False,3665
2024-07-31,relaxed-2024-06-11-3047,2024-07-31,720483.9,訊舟,41.45,17382,False,3047
2024-07-31,relaxed-2024-06-19-3450-renew-2024-06-20,2024-07-31,449075.0,聯鈞,126.5,3550,False,3450
2024-07-31,relaxed-2024-06-26-3665-renew-2024-06-27,2024-07-31,496869.0,貿聯-KY,379.0,1311,False,3665
2024-08-01,relaxed-2024-06-11-3047,2024-08-01,730044.0,訊舟,42.0,17382,False,3047
2024-08-01,relaxed-2024-06-19-3450-renew-2024-06-20,2024-08-01,25545.0,聯鈞,131.0,195,False,3450
2024-08-01,relaxed-2024-06-26-3665-renew-2024-06-27,2024-08-01,544065.0,貿聯-KY,415.0,1311,False,3665
2024-08-02,relaxed-2024-06-11-3047,2024-08-02,697887.2999999999,訊舟,40.15,17382,False,3047
2024-08-02,relaxed-2024-06-26-3665-renew-2024-06-27,2024-08-02,495558.0,貿聯-KY,378.0,1311,False,3665
2024-08-02,relaxed-2024-08-01-9906,2024-08-02,508352.0,欣巴巴,208.0,2444,False,9906
2024-08-05,relaxed-2024-06-11-3047,2024-08-05,628359.2999999999,訊舟,36.15,17382,False,3047
2024-08-05,relaxed-2024-06-26-3665-renew-2024-06-27,2024-08-05,453606.0,貿聯-KY,346.0,1311,False,3665
2024-08-05,relaxed-2024-08-01-9906,2024-08-05,461916.0,欣巴巴,189.0,2444,False,9906
2024-08-06,relaxed-2024-06-11-3047,2024-08-06,571867.7999999999,訊舟,32.9,17382,False,3047
2024-08-06,relaxed-2024-06-26-3665-renew-2024-06-27,2024-08-06,466716.0,貿聯-KY,356.0,1311,False,3665
2024-08-06,relaxed-2024-08-01-9906,2024-08-06,433810.0,欣巴巴,177.5,2444,False,9906
2024-08-07,relaxed-2024-06-11-3047,2024-08-07,7916.849999999999,訊舟,36.15,219,False,3047
2024-08-07,relaxed-2024-06-26-3665-renew-2024-06-27,2024-08-07,487036.5,貿聯-KY,371.5,1311,False,3665
2024-08-07,relaxed-2024-08-01-9906,2024-08-07,63765.0,欣巴巴,195.0,327,False,9906
2024-08-08,relaxed-2024-06-26-3665-renew-2024-06-27,2024-08-08,481137.0,貿聯-KY,367.0,1311,False,3665
2024-08-08,relaxed-2024-08-07-1597,2024-08-08,471442.0,直得,107.0,4406,False,1597
2024-08-08,relaxed-2024-08-07-3131,2024-08-08,429660.0,弘塑,1540.0,279,False,3131
2024-08-09,relaxed-2024-06-26-3665-renew-2024-06-27,2024-08-09,502768.5,貿聯-KY,383.5,1311,False,3665
2024-08-09,relaxed-2024-08-07-1597,2024-08-09,517705.0,直得,117.5,4406,False,1597
2024-08-09,relaxed-2024-08-07-3131,2024-08-09,471510.0,弘塑,1690.0,279,False,3131
2024-08-12,relaxed-2024-06-26-3665-renew-2024-06-27,2024-08-12,506046.0,貿聯-KY,386.0,1311,False,3665
2024-08-12,relaxed-2024-08-07-1597,2024-08-12,467036.0,直得,106.0,4406,False,1597
2024-08-12,relaxed-2024-08-07-3131,2024-08-12,464535.0,弘塑,1665.0,279,False,3131
2024-08-13,relaxed-2024-06-26-3665-renew-2024-06-27,2024-08-13,509323.5,貿聯-KY,388.5,1311,False,3665
2024-08-13,relaxed-2024-08-07-1597,2024-08-13,478051.0,直得,108.5,4406,False,1597
2024-08-13,relaxed-2024-08-07-3131,2024-08-13,460350.0,弘塑,1650.0,279,False,3131
2024-08-14,relaxed-2024-06-26-3665-renew-2024-06-27,2024-08-14,512601.0,貿聯-KY,391.0,1311,False,3665
2024-08-14,relaxed-2024-08-07-1597,2024-08-14,471442.0,直得,107.0,4406,False,1597
2024-08-14,relaxed-2024-08-07-3131,2024-08-14,502200.0,弘塑,1800.0,279,False,3131
2024-08-15,relaxed-2024-06-26-3665-renew-2024-06-27,2024-08-15,502768.5,貿聯-KY,383.5,1311,False,3665
2024-08-15,relaxed-2024-08-07-1597,2024-08-15,471442.0,直得,107.0,4406,False,1597
2024-08-15,relaxed-2024-08-07-3131,2024-08-15,552420.0,弘塑,1980.0,279,False,3131
2024-08-16,relaxed-2024-06-26-3665-renew-2024-06-27,2024-08-16,530299.5,貿聯-KY,404.5,1311,False,3665
2024-08-16,relaxed-2024-08-07-1597,2024-08-16,482457.0,直得,109.5,4406,False,1597
2024-08-16,relaxed-2024-08-07-3131,2024-08-16,549630.0,弘塑,1970.0,279,False,3131
2024-08-19,relaxed-2024-06-26-3665-renew-2024-06-27,2024-08-19,551275.5,貿聯-KY,420.5,1311,False,3665
2024-08-19,relaxed-2024-08-07-1597,2024-08-19,462630.0,直得,105.0,4406,False,1597
2024-08-19,relaxed-2024-08-07-3131,2024-08-19,546840.0,弘塑,1960.0,279,False,3131
2024-08-20,relaxed-2024-06-26-3665-renew-2024-06-27,2024-08-20,557830.5,貿聯-KY,425.5,1311,False,3665
2024-08-20,relaxed-2024-08-07-1597,2024-08-20,449412.0,直得,102.0,4406,False,1597
2024-08-20,relaxed-2024-08-07-3131,2024-08-20,546840.0,弘塑,1960.0,279,False,3131
2024-08-21,relaxed-2024-06-26-3665-renew-2024-06-27,2024-08-21,546687.0,貿聯-KY,417.0,1311,False,3665
2024-08-21,relaxed-2024-08-07-1597,2024-08-21,445006.0,直得,101.0,4406,False,1597
2024-08-21,relaxed-2024-08-07-3131,2024-08-21,535680.0,弘塑,1920.0,279,False,3131
2024-08-22,relaxed-2024-06-26-3665-renew-2024-06-27,2024-08-22,555864.0,貿聯-KY,424.0,1311,False,3665
2024-08-22,relaxed-2024-08-07-1597,2024-08-22,431788.0,直得,98.0,4406,False,1597
2024-08-22,relaxed-2024-08-07-3131,2024-08-22,535680.0,弘塑,1920.0,279,False,3131
2024-08-23,relaxed-2024-06-26-3665-renew-2024-06-27,2024-08-23,563074.5,貿聯-KY,429.5,1311,False,3665
2024-08-23,relaxed-2024-08-07-1597,2024-08-23,426500.8,直得,96.8,4406,False,1597
2024-08-23,relaxed-2024-08-07-3131,2024-08-23,564975.0,弘塑,2025.0,279,False,3131
2024-08-26,relaxed-2024-06-26-3665-renew-2024-06-27,2024-08-26,565696.5,貿聯-KY,431.5,1311,False,3665
2024-08-26,relaxed-2024-08-07-1597,2024-08-26,411961.0,直得,93.5,4406,False,1597
2024-08-26,relaxed-2024-08-07-3131,2024-08-26,532890.0,弘塑,1910.0,279,False,3131
2024-08-27,relaxed-2024-06-26-3665-renew-2024-06-27,2024-08-27,615514.5,貿聯-KY,469.5,1311,False,3665
2024-08-27,relaxed-2024-08-07-1597,2024-08-27,451615.0,直得,102.5,4406,False,1597
2024-08-27,relaxed-2024-08-07-3131,2024-08-27,571950.0,弘塑,2050.0,279,False,3131
2024-08-28,relaxed-2024-06-26-3665-renew-2024-06-27,2024-08-28,591261.0,貿聯-KY,451.0,1311,False,3665
2024-08-28,relaxed-2024-08-07-1597,2024-08-28,464833.0,直得,105.5,4406,False,1597
2024-08-28,relaxed-2024-08-07-3131,2024-08-28,584505.0,弘塑,2095.0,279,False,3131
2024-08-29,relaxed-2024-06-26-3665-renew-2024-06-27,2024-08-29,578806.5,貿聯-KY,441.5,1311,False,3665
2024-08-29,relaxed-2024-08-07-1597,2024-08-29,458224.0,直得,104.0,4406,False,1597
2024-08-29,relaxed-2024-08-07-3131,2024-08-29,590085.0,弘塑,2115.0,279,False,3131
2024-08-30,relaxed-2024-06-26-3665-renew-2024-06-27,2024-08-30,597160.5,貿聯-KY,455.5,1311,False,3665
2024-08-30,relaxed-2024-08-07-1597,2024-08-30,460427.0,直得,104.5,4406,False,1597
2024-08-30,relaxed-2024-08-07-3131,2024-08-30,549630.0,弘塑,1970.0,279,False,3131
2024-09-02,relaxed-2024-06-26-3665-renew-2024-06-27,2024-09-02,574873.5,貿聯-KY,438.5,1311,False,3665
2024-09-02,relaxed-2024-08-07-1597,2024-09-02,464833.0,直得,105.5,4406,False,1597
2024-09-02,relaxed-2024-08-07-3131,2024-09-02,521730.0,弘塑,1870.0,279,False,3131
2024-09-03,relaxed-2024-06-26-3665-renew-2024-06-27,2024-09-03,567663.0,貿聯-KY,433.0,1311,False,3665
2024-09-03,relaxed-2024-08-07-1597,2024-09-03,451615.0,直得,102.5,4406,False,1597
2024-09-03,relaxed-2024-08-07-3131,2024-09-03,491040.0,弘塑,1760.0,279,False,3131
2024-09-04,relaxed-2024-06-26-3665-renew-2024-06-27,2024-09-04,545376.0,貿聯-KY,416.0,1311,False,3665
2024-09-04,relaxed-2024-08-07-1597,2024-09-04,21200.9,直得,97.7,217,False,1597
2024-09-04,relaxed-2024-08-07-3131,2024-09-04,468720.0,弘塑,1680.0,279,False,3131
2024-09-05,relaxed-2024-06-26-3665-renew-2024-06-27,2024-09-05,540132.0,貿聯-KY,412.0,1311,False,3665
2024-09-05,relaxed-2024-08-07-3131,2024-09-05,446400.0,弘塑,1600.0,279,False,3131
2024-09-06,relaxed-2024-06-26-3665-renew-2024-06-27,2024-09-06,550620.0,貿聯-KY,420.0,1311,False,3665
2024-09-06,relaxed-2024-08-07-3131,2024-09-06,465930.0,弘塑,1670.0,279,False,3131
2024-09-06,relaxed-2024-09-03-3081-renew-2024-09-05,2024-09-06,418044.5,聯亞,191.5,2183,False,3081
2024-09-09,relaxed-2024-06-26-3665-renew-2024-06-27,2024-09-09,541443.0,貿聯-KY,413.0,1311,False,3665
2024-09-09,relaxed-2024-08-07-3131,2024-09-09,110550.0,弘塑,1650.0,67,False,3131
2024-09-09,relaxed-2024-09-03-3081-renew-2024-09-05,2024-09-09,452972.5,聯亞,207.5,2183,False,3081
2024-09-10,relaxed-2024-06-26-3665-renew-2024-06-27,2024-09-10,521122.5,貿聯-KY,397.5,1311,False,3665
2024-09-10,relaxed-2024-09-03-3081-renew-2024-09-05,2024-09-10,462796.0,聯亞,212.0,2183,False,3081
2024-09-11,relaxed-2024-06-26-3665-renew-2024-06-27,2024-09-11,526366.5,貿聯-KY,401.5,1311,False,3665
2024-09-11,relaxed-2024-09-03-3081-renew-2024-09-05,2024-09-11,420227.5,聯亞,192.5,2183,False,3081
2024-09-12,relaxed-2024-06-26-3665-renew-2024-06-27,2024-09-12,551931.0,貿聯-KY,421.0,1311,False,3665
2024-09-12,relaxed-2024-09-03-3081-renew-2024-09-05,2024-09-12,455155.5,聯亞,208.5,2183,False,3081
2024-09-13,relaxed-2024-06-26-3665-renew-2024-06-27,2024-09-13,540787.5,貿聯-KY,412.5,1311,False,3665
2024-09-13,relaxed-2024-09-03-3081-renew-2024-09-05,2024-09-13,456247.0,聯亞,209.0,2183,False,3081
2024-09-13,relaxed-2024-09-06-1540-renew-2024-09-12,2024-09-13,496468.0,喬福,47.6,10430,False,1540
2024-09-16,relaxed-2024-06-26-3665-renew-2024-06-27,2024-09-16,541443.0,貿聯-KY,413.0,1311,False,3665
2024-09-16,relaxed-2024-09-03-3081-renew-2024-09-05,2024-09-16,454064.0,聯亞,208.0,2183,False,3081
2024-09-16,relaxed-2024-09-06-1540-renew-2024-09-12,2024-09-16,492296.00000000006,喬福,47.2,10430,False,1540
2024-09-18,relaxed-2024-06-26-3665-renew-2024-06-27,2024-09-18,536854.5,貿聯-KY,409.5,1311,False,3665
2024-09-18,relaxed-2024-09-03-3081-renew-2024-09-05,2024-09-18,468253.5,聯亞,214.5,2183,False,3081
2024-09-18,relaxed-2024-09-06-1540-renew-2024-09-12,2024-09-18,492296.00000000006,喬福,47.2,10430,False,1540
2024-09-19,relaxed-2024-06-26-3665-renew-2024-06-27,2024-09-19,80801.0,貿聯-KY,416.5,194,False,3665
2024-09-19,relaxed-2024-09-03-3081-renew-2024-09-05,2024-09-19,514096.5,聯亞,235.5,2183,False,3081
2024-09-19,relaxed-2024-09-06-1540-renew-2024-09-12,2024-09-19,496468.0,喬福,47.6,10430,False,1540
2024-09-20,relaxed-2024-09-03-3081-renew-2024-09-05,2024-09-20,514096.5,聯亞,235.5,2183,False,3081
2024-09-20,relaxed-2024-09-06-1540-renew-2024-09-12,2024-09-20,481866.00000000006,喬福,46.2,10430,False,1540
2024-09-20,relaxed-2024-09-18-5234-renew-2024-09-19,2024-09-20,485758.0,達興材料,238.0,2041,False,5234
2024-09-23,relaxed-2024-09-03-3081-renew-2024-09-05,2024-09-23,565397.0,聯亞,259.0,2183,False,3081
2024-09-23,relaxed-2024-09-06-1540-renew-2024-09-12,2024-09-23,478737.0,喬福,45.9,10430,False,1540
2024-09-23,relaxed-2024-09-18-5234-renew-2024-09-19,2024-09-23,479635.0,達興材料,235.0,2041,False,5234
2024-09-24,relaxed-2024-09-03-3081-renew-2024-09-05,2024-09-24,576312.0,聯亞,264.0,2183,False,3081
2024-09-24,relaxed-2024-09-06-1540-renew-2024-09-12,2024-09-24,474043.50000000006,喬福,45.45,10430,False,1540
2024-09-24,relaxed-2024-09-18-5234-renew-2024-09-19,2024-09-24,462286.5,達興材料,226.5,2041,False,5234
2024-09-25,relaxed-2024-09-03-3081-renew-2024-09-05,2024-09-25,588318.5,聯亞,269.5,2183,False,3081
2024-09-25,relaxed-2024-09-06-1540-renew-2024-09-12,2024-09-25,520978.50000000006,喬福,49.95,10430,False,1540
2024-09-25,relaxed-2024-09-18-5234-renew-2024-09-19,2024-09-25,498004.0,達興材料,244.0,2041,False,5234
2024-09-26,relaxed-2024-09-03-3081-renew-2024-09-05,2024-09-26,598142.0,聯亞,274.0,2183,False,3081
2024-09-26,relaxed-2024-09-06-1540-renew-2024-09-12,2024-09-26,484995.0,喬福,46.5,10430,False,1540
2024-09-26,relaxed-2024-09-18-5234-renew-2024-09-19,2024-09-26,487799.0,達興材料,239.0,2041,False,5234
2024-09-27,relaxed-2024-09-03-3081-renew-2024-09-05,2024-09-27,598142.0,聯亞,274.0,2183,False,3081
2024-09-27,relaxed-2024-09-06-1540-renew-2024-09-12,2024-09-27,475608.0,喬福,45.6,10430,False,1540
2024-09-27,relaxed-2024-09-18-5234-renew-2024-09-19,2024-09-27,482696.5,達興材料,236.5,2041,False,5234
2024-09-30,relaxed-2024-09-03-3081-renew-2024-09-05,2024-09-30,645076.5,聯亞,295.5,2183,False,3081
2024-09-30,relaxed-2024-09-06-1540-renew-2024-09-12,2024-09-30,13999.5,喬福,45.9,305,False,1540
2024-09-30,relaxed-2024-09-18-5234-renew-2024-09-19,2024-09-30,490860.5,達興材料,240.5,2041,False,5234
2024-10-01,relaxed-2024-09-03-3081-renew-2024-09-05,2024-10-01,709475.0,聯亞,325.0,2183,False,3081
2024-10-01,relaxed-2024-09-06-1540-renew-2024-09-12,2024-10-01,8326.0,喬福,46.0,181,False,1540
2024-10-01,relaxed-2024-09-18-5234-renew-2024-09-19,2024-10-01,491881.0,達興材料,241.0,2041,False,5234
2024-10-01,relaxed-2024-09-26-4909-renew-2024-09-30,2024-10-01,533330.0,新復興,190.0,2807,False,4909
2024-10-04,relaxed-2024-09-03-3081-renew-2024-09-05,2024-10-04,755318.0,聯亞,346.0,2183,False,3081
2024-10-04,relaxed-2024-09-18-5234-renew-2024-09-19,2024-10-04,489840.0,達興材料,240.0,2041,False,5234
2024-10-04,relaxed-2024-09-26-4909-renew-2024-09-30,2024-10-04,491225.0,新復興,175.0,2807,False,4909
2024-10-07,relaxed-2024-09-03-3081-renew-2024-09-05,2024-10-07,742220.0,聯亞,340.0,2183,False,3081
2024-10-07,relaxed-2024-09-18-5234-renew-2024-09-19,2024-10-07,526578.0,達興材料,258.0,2041,False,5234
2024-10-07,relaxed-2024-09-26-4909-renew-2024-09-30,2024-10-07,484207.5,新復興,172.5,2807,False,4909
2024-10-08,relaxed-2024-09-03-3081-renew-2024-09-05,2024-10-08,753135.0,聯亞,345.0,2183,False,3081
2024-10-08,relaxed-2024-09-18-5234-renew-2024-09-19,2024-10-08,508209.0,達興材料,249.0,2041,False,5234
2024-10-08,relaxed-2024-09-26-4909-renew-2024-09-30,2024-10-08,477190.0,新復興,170.0,2807,False,4909
2024-10-09,relaxed-2024-09-03-3081-renew-2024-09-05,2024-10-09,746586.0,聯亞,342.0,2183,False,3081
2024-10-09,relaxed-2024-09-18-5234-renew-2024-09-19,2024-10-09,501065.5,達興材料,245.5,2041,False,5234
2024-10-09,relaxed-2024-09-26-4909-renew-2024-09-30,2024-10-09,465962.0,新復興,166.0,2807,False,4909
2024-10-11,relaxed-2024-09-03-3081-renew-2024-09-05,2024-10-11,768416.0,聯亞,352.0,2183,False,3081
2024-10-11,relaxed-2024-09-18-5234-renew-2024-09-19,2024-10-11,486778.5,達興材料,238.5,2041,False,5234
2024-10-14,relaxed-2024-09-03-3081-renew-2024-09-05,2024-10-14,829540.0,聯亞,380.0,2183,False,3081
2024-10-14,relaxed-2024-09-18-5234-renew-2024-09-19,2024-10-14,486778.5,達興材料,238.5,2041,False,5234
2024-10-14,relaxed-2024-10-07-4903-renew-2024-10-11,2024-10-14,525367.5,聯光通,52.5,10007,False,4903
2024-10-15,relaxed-2024-09-03-3081-renew-2024-09-05,2024-10-15,746586.0,聯亞,342.0,2183,False,3081
2024-10-15,relaxed-2024-09-18-5234-renew-2024-09-19,2024-10-15,438815.0,達興材料,215.0,2041,False,5234
2024-10-15,relaxed-2024-10-07-4903-renew-2024-10-11,2024-10-15,495346.5,聯光通,49.5,10007,False,4903
2024-10-16,relaxed-2024-09-03-3081-renew-2024-09-05,2024-10-16,740037.0,聯亞,339.0,2183,False,3081
2024-10-16,relaxed-2024-09-18-5234-renew-2024-09-19,2024-10-16,445958.5,達興材料,218.5,2041,False,5234
2024-10-16,relaxed-2024-10-07-4903-renew-2024-10-11,2024-10-16,544380.7999999999,聯光通,54.4,10007,False,4903
2024-10-17,relaxed-2024-09-03-3081-renew-2024-09-05,2024-10-17,734579.5,聯亞,336.5,2183,False,3081
2024-10-17,relaxed-2024-09-18-5234-renew-2024-09-19,2024-10-17,474532.5,達興材料,232.5,2041,False,5234
2024-10-17,relaxed-2024-10-07-4903-renew-2024-10-11,2024-10-17,537375.9,聯光通,53.7,10007,False,4903
2024-10-18,relaxed-2024-09-03-3081-renew-2024-09-05,2024-10-18,741128.5,聯亞,339.5,2183,False,3081
2024-10-18,relaxed-2024-09-18-5234-renew-2024-09-19,2024-10-18,470450.5,達興材料,230.5,2041,False,5234
2024-10-18,relaxed-2024-10-07-4903-renew-2024-10-11,2024-10-18,511357.7,聯光通,51.1,10007,False,4903
2024-10-21,relaxed-2024-09-03-3081-renew-2024-09-05,2024-10-21,741128.5,聯亞,339.5,2183,False,3081
2024-10-21,relaxed-2024-10-07-4903-renew-2024-10-11,2024-10-21,516361.2,聯光通,51.6,10007,False,4903
2024-10-22,relaxed-2024-09-03-3081-renew-2024-09-05,2024-10-22,769507.5,聯亞,352.5,2183,False,3081
2024-10-22,relaxed-2024-10-07-4903-renew-2024-10-11,2024-10-22,500350.0,聯光通,50.0,10007,False,4903
2024-10-22,relaxed-2024-10-21-6438,2024-10-22,463980.0,迅得,222.0,2090,False,6438
2024-10-23,relaxed-2024-09-03-3081-renew-2024-09-05,2024-10-23,790246.0,聯亞,362.0,2183,False,3081
2024-10-23,relaxed-2024-10-07-4903-renew-2024-10-11,2024-10-23,518362.6,聯光通,51.8,10007,False,4903
2024-10-23,relaxed-2024-10-21-6438,2024-10-23,463980.0,迅得,222.0,2090,False,6438
2024-10-24,relaxed-2024-09-03-3081-renew-2024-09-05,2024-10-24,753135.0,聯亞,345.0,2183,False,3081
2024-10-24,relaxed-2024-10-07-4903-renew-2024-10-11,2024-10-24,494846.15,聯光通,49.45,10007,False,4903
2024-10-24,relaxed-2024-10-21-6438,2024-10-24,454575.0,迅得,217.5,2090,False,6438
2024-10-25,relaxed-2024-09-03-3081-renew-2024-09-05,2024-10-25,785880.0,聯亞,360.0,2183,False,3081
2024-10-25,relaxed-2024-10-07-4903-renew-2024-10-11,2024-10-25,494345.8,聯光通,49.4,10007,False,4903
2024-10-25,relaxed-2024-10-21-6438,2024-10-25,445170.0,迅得,213.0,2090,False,6438
2024-10-28,relaxed-2024-09-03-3081-renew-2024-09-05,2024-10-28,707292.0,聯亞,324.0,2183,False,3081
2024-10-28,relaxed-2024-10-07-4903-renew-2024-10-11,2024-10-28,446312.2,聯光通,44.6,10007,False,4903
2024-10-28,relaxed-2024-10-21-6438,2024-10-28,427405.0,迅得,204.5,2090,False,6438
2024-10-29,relaxed-2024-09-03-3081-renew-2024-09-05,2024-10-29,721481.5,聯亞,330.5,2183,False,3081
2024-10-29,relaxed-2024-10-21-6438,2024-10-29,427405.0,迅得,204.5,2090,False,6438
2024-10-30,relaxed-2024-09-03-3081-renew-2024-09-05,2024-10-30,704017.5,聯亞,322.5,2183,False,3081
2024-10-30,relaxed-2024-10-21-6438,2024-10-30,420090.0,迅得,201.0,2090,False,6438
2024-10-30,relaxed-2024-10-25-6535-renew-2024-10-29,2024-10-30,431300.0,順藥,380.0,1135,False,6535
2024-11-01,relaxed-2024-09-03-3081-renew-2024-09-05,2024-11-01,748769.0,聯亞,343.0,2183,False,3081
2024-11-01,relaxed-2024-10-21-6438,2024-11-01,415910.0,迅得,199.0,2090,False,6438
2024-11-01,relaxed-2024-10-25-6535-renew-2024-10-29,2024-11-01,410302.5,順藥,361.5,1135,False,6535
2024-11-04,relaxed-2024-09-03-3081-renew-2024-09-05,2024-11-04,774965.0,聯亞,355.0,2183,False,3081
2024-11-04,relaxed-2024-10-21-6438,2024-11-04,415910.0,迅得,199.0,2090,False,6438
2024-11-04,relaxed-2024-10-25-6535-renew-2024-10-29,2024-11-04,408600.0,順藥,360.0,1135,False,6535
2024-11-05,relaxed-2024-09-03-3081-renew-2024-09-05,2024-11-05,794612.0,聯亞,364.0,2183,False,3081
2024-11-05,relaxed-2024-10-21-6438,2024-11-05,422180.0,迅得,202.0,2090,False,6438
2024-11-05,relaxed-2024-10-25-6535-renew-2024-10-29,2024-11-05,404060.0,順藥,356.0,1135,False,6535
2024-11-06,relaxed-2024-09-03-3081-renew-2024-09-05,2024-11-06,32663.0,聯亞,367.0,89,False,3081
2024-11-06,relaxed-2024-10-21-6438,2024-11-06,445170.0,迅得,213.0,2090,False,6438
2024-11-06,relaxed-2024-10-25-6535-renew-2024-10-29,2024-11-06,393845.0,順藥,347.0,1135,False,6535
2024-11-07,relaxed-2024-10-21-6438,2024-11-07,459800.0,迅得,220.0,2090,False,6438
2024-11-07,relaxed-2024-10-25-6535-renew-2024-10-29,2024-11-07,399520.0,順藥,352.0,1135,False,6535
2024-11-07,relaxed-2024-11-06-4991,2024-11-07,487878.0,環宇-KY,93.0,5246,False,4991
2024-11-08,relaxed-2024-10-21-6438,2024-11-08,449350.0,迅得,215.0,2090,False,6438
2024-11-08,relaxed-2024-10-25-6535-renew-2024-10-29,2024-11-08,397250.0,順藥,350.0,1135,False,6535
2024-11-08,relaxed-2024-11-06-4991,2024-11-08,468992.4,環宇-KY,89.4,5246,False,4991
2024-11-11,relaxed-2024-10-21-6438,2024-11-11,447260.0,迅得,214.0,2090,False,6438
2024-11-11,relaxed-2024-10-25-6535-renew-2024-10-29,2024-11-11,396115.0,順藥,349.0,1135,False,6535
2024-11-11,relaxed-2024-11-06-4991,2024-11-11,486828.8,環宇-KY,92.8,5246,False,4991
2024-11-12,relaxed-2024-10-21-6438,2024-11-12,434720.0,迅得,208.0,2090,False,6438
2024-11-12,relaxed-2024-10-25-6535-renew-2024-10-29,2024-11-12,373415.0,順藥,329.0,1135,False,6535
2024-11-12,relaxed-2024-11-06-4991,2024-11-12,478435.2,環宇-KY,91.2,5246,False,4991
2024-11-13,relaxed-2024-10-21-6438,2024-11-13,460845.0,迅得,220.5,2090,False,6438
2024-11-13,relaxed-2024-11-06-4991,2024-11-13,464271.0,環宇-KY,88.5,5246,False,4991
2024-11-14,relaxed-2024-10-21-6438,2024-11-14,450395.0,迅得,215.5,2090,False,6438
2024-11-14,relaxed-2024-11-06-4991,2024-11-14,461648.0,環宇-KY,88.0,5246,False,4991
2024-11-14,relaxed-2024-11-08-2354-renew-2024-11-13,2024-11-14,495972.0,鴻準,92.0,5391,False,2354
2024-11-15,relaxed-2024-10-21-6438,2024-11-15,460845.0,迅得,220.5,2090,False,6438
2024-11-15,relaxed-2024-11-06-4991,2024-11-15,450106.8,環宇-KY,85.8,5246,False,4991
2024-11-15,relaxed-2024-11-08-2354-renew-2024-11-13,2024-11-15,520770.6,鴻準,96.6,5391,False,2354
2024-11-18,relaxed-2024-10-21-6438,2024-11-18,426360.0,迅得,204.0,2090,False,6438
2024-11-18,relaxed-2024-11-06-4991,2024-11-18,423876.8,環宇-KY,80.8,5246,False,4991
2024-11-18,relaxed-2024-11-08-2354-renew-2024-11-13,2024-11-18,476564.4,鴻準,88.4,5391,False,2354
2024-11-19,relaxed-2024-10-21-6438,2024-11-19,468160.0,迅得,224.0,2090,False,6438
2024-11-19,relaxed-2024-11-06-4991,2024-11-19,18296.7,環宇-KY,85.9,213,False,4991
2024-11-19,relaxed-2024-11-08-2354-renew-2024-11-13,2024-11-19,505675.8,鴻準,93.8,5391,False,2354
2024-11-20,relaxed-2024-10-21-6438,2024-11-20,461890.0,迅得,221.0,2090,False,6438
2024-11-20,relaxed-2024-11-06-4991,2024-11-20,14791.5,環宇-KY,86.5,171,False,4991
2024-11-20,relaxed-2024-11-08-2354-renew-2024-11-13,2024-11-20,455539.5,鴻準,84.5,5391,False,2354
2024-11-20,relaxed-2024-11-19-3706,2024-11-20,486871.9,神達,72.7,6697,False,3706
2024-11-21,relaxed-2024-10-21-6438,2024-11-21,480700.0,迅得,230.0,2090,False,6438
2024-11-21,relaxed-2024-11-06-4991,2024-11-21,12308.0,環宇-KY,90.5,136,False,4991
2024-11-21,relaxed-2024-11-08-2354-renew-2024-11-13,2024-11-21,436131.9,鴻準,80.9,5391,False,2354
2024-11-21,relaxed-2024-11-19-3706,2024-11-21,535090.3,神達,79.9,6697,False,3706
2024-11-22,relaxed-2024-10-21-6438,2024-11-22,477565.0,迅得,228.5,2090,False,6438
2024-11-22,relaxed-2024-11-06-4991,2024-11-22,6774.4,環宇-KY,92.8,73,False,4991
2024-11-22,relaxed-2024-11-19-3706,2024-11-22,555851.0,神達,83.0,6697,False,3706
2024-11-25,relaxed-2024-10-21-6438,2024-11-25,489060.0,迅得,234.0,2090,False,6438
2024-11-25,relaxed-2024-11-06-4991,2024-11-25,2431.0,環宇-KY,93.5,26,False,4991
2024-11-25,relaxed-2024-11-19-3706,2024-11-25,571923.8,神達,85.4,6697,False,3706
2024-11-25,relaxed-2024-11-22-1569,2024-11-25,517437.5,濱川,62.5,8279,False,1569
2024-11-26,relaxed-2024-10-21-6438,2024-11-26,469205.0,迅得,224.5,2090,False,6438
2024-11-26,relaxed-2024-11-19-3706,2024-11-26,557860.1,神達,83.3,6697,False,3706
2024-11-26,relaxed-2024-11-22-1569,2024-11-26,529856.0,濱川,64.0,8279,False,1569
2024-11-27,relaxed-2024-10-21-6438,2024-11-27,454575.0,迅得,217.5,2090,False,6438
2024-11-27,relaxed-2024-11-19-3706,2024-11-27,561208.6,神達,83.8,6697,False,3706
2024-11-27,relaxed-2024-11-22-1569,2024-11-27,510814.30000000005,濱川,61.7,8279,False,1569
2024-11-28,relaxed-2024-10-21-6438,2024-11-28,443080.0,迅得,212.0,2090,False,6438
2024-11-28,relaxed-2024-11-19-3706,2024-11-28,557190.4,神達,83.2,6697,False,3706
2024-11-28,relaxed-2024-11-22-1569,2024-11-28,497567.9,濱川,60.1,8279,False,1569
2024-11-29,relaxed-2024-10-21-6438,2024-11-29,443080.0,迅得,212.0,2090,False,6438
2024-11-29,relaxed-2024-11-19-3706,2024-11-29,562548.0,神達,84.0,6697,False,3706
2024-11-29,relaxed-2024-11-22-1569,2024-11-29,537307.1000000001,濱川,64.9,8279,False,1569
2024-12-02,relaxed-2024-10-21-6438,2024-12-02,430540.0,迅得,206.0,2090,False,6438
2024-12-02,relaxed-2024-11-19-3706,2024-12-02,552502.5,神達,82.5,6697,False,3706
2024-12-02,relaxed-2024-11-22-1569,2024-12-02,536479.2,濱川,64.8,8279,False,1569
2024-12-03,relaxed-2024-10-21-6438,2024-12-03,432630.0,迅得,207.0,2090,False,6438
2024-12-03,relaxed-2024-11-19-3706,2024-12-03,585987.5,神達,87.5,6697,False,3706
2024-12-03,relaxed-2024-11-22-1569,2024-12-03,522404.9,濱川,63.1,8279,False,1569
2024-12-04,relaxed-2024-10-21-6438,2024-12-04,436810.0,迅得,209.0,2090,False,6438
2024-12-04,relaxed-2024-11-19-3706,2024-12-04,577281.4,神達,86.2,6697,False,3706
2024-12-04,relaxed-2024-11-22-1569,2024-12-04,536479.2,濱川,64.8,8279,False,1569
2024-12-05,relaxed-2024-11-19-3706,2024-12-05,592014.8,神達,88.4,6697,False,3706
2024-12-05,relaxed-2024-11-22-1569,2024-12-05,533167.6000000001,濱川,64.4,8279,False,1569
2024-12-06,relaxed-2024-11-19-3706,2024-12-06,582639.0,神達,87.0,6697,False,3706
2024-12-06,relaxed-2024-11-22-1569,2024-12-06,525716.5,濱川,63.5,8279,False,1569
2024-12-06,relaxed-2024-12-05-6558,2024-12-06,469356.80000000005,興能高,45.2,10384,False,6558
2024-12-09,relaxed-2024-11-19-3706,2024-12-09,575942.0,神達,86.0,6697,False,3706
2024-12-09,relaxed-2024-11-22-1569,2024-12-09,538135.0,濱川,65.0,8279,False,1569
2024-12-09,relaxed-2024-12-05-6558,2024-12-09,422628.80000000005,興能高,40.7,10384,False,6558
2024-12-10,relaxed-2024-11-19-3706,2024-12-10,547814.6,神達,81.8,6697,False,3706
2024-12-10,relaxed-2024-11-22-1569,2024-12-10,567111.5,濱川,68.5,8279,False,1569
2024-12-10,relaxed-2024-12-05-6558,2024-12-10,384208.0,興能高,37.0,10384,False,6558
2024-12-11,relaxed-2024-11-19-3706,2024-12-11,546475.2,神達,81.6,6697,False,3706
2024-12-11,relaxed-2024-11-22-1569,2024-12-11,591120.6000000001,濱川,71.4,8279,False,1569
2024-12-11,relaxed-2024-12-05-6558,2024-12-11,5099.1,興能高,36.95,138,False,6558
2024-12-12,relaxed-2024-11-19-3706,2024-12-12,559199.5,神達,83.5,6697,False,3706
2024-12-12,relaxed-2024-11-22-1569,2024-12-12,551381.3999999999,濱川,66.6,8279,False,1569
2024-12-12,relaxed-2024-12-11-3029,2024-12-12,360360.0,零壹,154.0,2340,False,3029
2024-12-13,relaxed-2024-11-19-3706,2024-12-13,520356.9,神達,77.7,6697,False,3706
2024-12-13,relaxed-2024-11-22-1569,2024-12-13,496740.0,濱川,60.0,8279,False,1569
2024-12-13,relaxed-2024-12-11-3029,2024-12-13,360360.0,零壹,154.0,2340,False,3029
2024-12-16,relaxed-2024-11-19-3706,2024-12-16,507632.6,神達,75.8,6697,False,3706
2024-12-16,relaxed-2024-11-22-1569,2024-12-16,472730.9,濱川,57.1,8279,False,1569
2024-12-16,relaxed-2024-12-11-3029,2024-12-16,346320.0,零壹,148.0,2340,False,3029
2024-12-17,relaxed-2024-11-19-3706,2024-12-17,499596.19999999995,神達,74.6,6697,False,3706
2024-12-17,relaxed-2024-11-22-1569,2024-12-17,485977.30000000005,濱川,58.7,8279,False,1569
2024-12-17,relaxed-2024-12-11-3029,2024-12-17,328770.0,零壹,140.5,2340,False,3029
2024-12-18,relaxed-2024-11-22-1569,2024-12-18,473558.80000000005,濱川,57.2,8279,False,1569
2024-12-18,relaxed-2024-12-11-3029,2024-12-18,334620.0,零壹,143.0,2340,False,3029
2024-12-19,relaxed-2024-11-22-1569,2024-12-19,462796.1,濱川,55.9,8279,False,1569
2024-12-19,relaxed-2024-12-11-3029,2024-12-19,329940.0,零壹,141.0,2340,False,3029
2024-12-19,relaxed-2024-12-18-3019,2024-12-19,428029.0,亞光,164.5,2602,False,3019
2024-12-20,relaxed-2024-11-22-1569,2024-12-20,7731.2,濱川,60.4,128,False,1569
2024-12-20,relaxed-2024-12-11-3029,2024-12-20,325260.0,零壹,139.0,2340,False,3029
2024-12-20,relaxed-2024-12-18-3019,2024-12-20,425427.0,亞光,163.5,2602,False,3019
2024-12-23,relaxed-2024-12-11-3029,2024-12-23,321750.0,零壹,137.5,2340,False,3029
2024-12-23,relaxed-2024-12-18-3019,2024-12-23,438437.0,亞光,168.5,2602,False,3019
2024-12-23,relaxed-2024-12-20-8111,2024-12-23,397977.0,立碁,53.0,7509,False,8111
2024-12-24,relaxed-2024-12-11-3029,2024-12-24,313560.0,零壹,134.0,2340,False,3029
2024-12-24,relaxed-2024-12-18-3019,2024-12-24,438437.0,亞光,168.5,2602,False,3019
2024-12-24,relaxed-2024-12-20-8111,2024-12-24,390468.0,立碁,52.0,7509,False,8111
2024-12-25,relaxed-2024-12-18-3019,2024-12-25,481370.0,亞光,185.0,2602,False,3019
2024-12-25,relaxed-2024-12-20-8111,2024-12-25,410742.30000000005,立碁,54.7,7509,False,8111
2024-12-26,relaxed-2024-12-18-3019,2024-12-26,468360.0,亞光,180.0,2602,False,3019
2024-12-26,relaxed-2024-12-20-8111,2024-12-26,403984.19999999995,立碁,53.8,7509,False,8111
2024-12-26,relaxed-2024-12-25-5314,2024-12-26,101400.0,世紀*,600.0,169,False,5314
2024-12-27,relaxed-2024-12-18-3019,2024-12-27,473564.0,亞光,182.0,2602,False,3019
2024-12-27,relaxed-2024-12-20-8111,2024-12-27,404735.1,立碁,53.9,7509,False,8111
2024-12-27,relaxed-2024-12-25-5314,2024-12-27,111540.0,世紀*,660.0,169,False,5314
2024-12-30,relaxed-2024-12-18-3019,2024-12-30,465758.0,亞光,179.0,2602,False,3019
2024-12-30,relaxed-2024-12-20-8111,2024-12-30,408489.6,立碁,54.4,7509,False,8111
2024-12-30,relaxed-2024-12-25-5314,2024-12-30,122694.0,世紀*,726.0,169,False,5314
2024-12-31,relaxed-2024-12-18-3019,2024-12-31,490477.0,亞光,188.5,2602,False,3019
2024-12-31,relaxed-2024-12-20-8111,2024-12-31,404735.1,立碁,53.9,7509,False,8111
2024-12-31,relaxed-2024-12-25-5314,2024-12-31,131820.0,世紀*,780.0,169,False,5314
