channel,date,event_id,failure,filled_qty,name,reason,requested_qty,side,signal_date,stock_id,capacity_qty,execution_evidence,expires_at,limit_price,order_time,participation_limit,prior_avg_amount20,prior_avg_volume20,reference_price,source_high,source_low,source_volume
event,2024-01-04,2024-01-g008-2024-01-03-5236,slots_full,0,凌陽創新,leader_entry,0,buy,2024-01-03,5236,,,,,,,,,,,,
event,2024-01-10,2024-01-g012-2024-01-09-6187,slots_full,0,萬潤,leader_entry,0,buy,2024-01-09,6187,,,,,,,,,,,,
board,2024-01-16,2023-10-g011-2023-10-17-3491,,2000,昇達科,time63,2000,sell,2024-01-15,3491,4000.0,daily_high_low_midpoint_proxy,13:30:00,146.0,08:59:00,0.01,72827049.925,451634.9,161.75,163.0,160.5,532663.0
odd,2024-01-16,2023-10-g011-2023-10-17-3491,partial_midpoint_daily_capacity,52,昇達科,time63,222,sell,2024-01-15,3491,52.0,daily_high_low_midpoint_proxy,13:30:00,146.0,09:00:00,0.01,72827049.925,451634.9,161.5,162.5,160.5,5206.0
event,2024-01-16,2024-01-g003-2024-01-15-1795,slots_full,0,美時,leader_entry,0,buy,2024-01-15,1795,,,,,,,,,,,,
odd,2024-01-17,2023-10-g011-2023-10-17-3491,partial_midpoint_daily_capacity,100,昇達科,time63,170,sell,2024-01-15,3491,100.0,daily_high_low_midpoint_proxy,13:30:00,146.0,09:00:00,0.01,73259649.6,454379.0,159.75,162.5,157.0,10027.0
odd,2024-01-18,2023-10-g011-2023-10-17-3491,,70,昇達科,time63,70,sell,2024-01-15,3491,117.0,daily_high_low_midpoint_proxy,13:30:00,140.5,09:00:00,0.01,77826468.0,484578.45,155.5,157.5,153.5,11723.0
board,2024-01-24,2024-01-g009-2024-01-23-3265,,4000,台星科,leader_entry,4000,buy,2024-01-23,3265,37000.0,daily_high_low_midpoint_proxy,13:30:00,131.0,08:59:00,0.01,400911464.085,3747003.2,119.75,122.5,117.0,7699492.0
odd,2024-01-24,2024-01-g009-2024-01-23-3265,partial_midpoint_daily_capacity,205,台星科,leader_entry,245,buy,2024-01-23,3265,205.0,daily_high_low_midpoint_proxy,13:30:00,131.0,09:00:00,0.01,400911464.085,3747003.2,119.5,121.5,117.5,20577.0
event,2024-01-30,2024-01-g005-2024-01-29-2421,slots_full,0,建準,leader_entry,0,buy,2024-01-29,2421,,,,,,,,,,,,
event,2024-02-15,2024-02-g013-2024-02-05-6546,slots_full,0,正基,leader_entry,0,buy,2024-02-05,6546,,,,,,,,,,,,
event,2024-02-16,2024-02-g014-2024-02-15-3044,slots_full,0,健鼎,leader_entry,0,buy,2024-02-15,3044,,,,,,,,,,,,
event,2024-02-16,2024-02-g006-2024-02-15-6533,slots_full,0,晶心科,leader_entry,0,buy,2024-02-15,6533,,,,,,,,,,,,
event,2024-02-16,2024-02-g008-2024-02-15-4966,slots_full,0,譜瑞-KY,leader_entry,0,buy,2024-02-15,4966,,,,,,,,,,,,
event,2024-02-16,2024-02-g012-2024-02-15-8299,slots_full,0,群聯,leader_entry,0,buy,2024-02-15,8299,,,,,,,,,,,,
event,2024-02-19,2024-02-g009-2024-02-16-3363,slots_full,0,上詮,leader_entry,0,buy,2024-02-16,3363,,,,,,,,,,,,
event,2024-02-20,2024-02-g002-2024-02-19-1503,slots_full,0,士電,leader_entry,0,buy,2024-02-19,1503,,,,,,,,,,,,
event,2024-02-20,2024-02-g003-2024-02-19-6806,slots_full,0,森崴能源,leader_entry,0,buy,2024-02-19,6806,,,,,,,,,,,,
event,2024-03-01,2024-02-g001-2024-02-29-2881,slots_full,0,富邦金,leader_entry,0,buy,2024-02-29,2881,,,,,,,,,,,,
event,2024-03-05,2024-03-g008-2024-03-04-2449,slots_full,0,京元電子,leader_entry,0,buy,2024-03-04,2449,,,,,,,,,,,,
event,2024-03-05,2024-03-g009-2024-03-04-2603,slots_full,0,長榮,leader_entry,0,buy,2024-03-04,2603,,,,,,,,,,,,
event,2024-03-05,2024-03-g005-2024-03-04-5388,slots_full,0,中磊,leader_entry,0,buy,2024-03-04,5388,,,,,,,,,,,,
event,2024-03-06,2024-03-g003-2024-03-05-6806,slots_full,0,森崴能源,leader_entry,0,buy,2024-03-05,6806,,,,,,,,,,,,
event,2024-03-08,2024-03-g004-2024-03-07-3515,slots_full,0,華擎,leader_entry,0,buy,2024-03-07,3515,,,,,,,,,,,,
event,2024-03-08,2024-03-g011-2024-03-07-3163,slots_full,0,波若威,leader_entry,0,buy,2024-03-07,3163,,,,,,,,,,,,
event,2024-03-12,2024-03-g012-2024-03-11-8040,slots_full,0,九暘,leader_entry,0,buy,2024-03-11,8040,,,,,,,,,,,,
event,2024-03-14,2024-03-g002-2024-03-13-1503,slots_full,0,士電,leader_entry,0,buy,2024-03-13,1503,,,,,,,,,,,,
board,2024-03-20,2023-12-g007-2023-12-08-2458,,3000,義隆,time63,3000,sell,2024-03-19,2458,31000.0,daily_high_low_midpoint_proxy,13:30:00,148.5,08:59:00,0.01,537577578.375,3243523.9,167.5,170.0,165.0,3120682.0
odd,2024-03-20,2023-12-g007-2023-12-08-2458,,280,義隆,time63,280,sell,2024-03-19,2458,376.0,daily_high_low_midpoint_proxy,13:30:00,148.5,09:00:00,0.01,537577578.375,3243523.9,168.0,169.0,167.0,37655.0
event,2024-03-20,2024-03-g006-2024-03-19-4938,resource_slots_locked,0,和碩,leader_entry,1690,buy,2024-03-19,4938,,,,,,,,,,,,
odd,2024-03-27,2023-12-g003-2023-12-15-6472,partial_midpoint_daily_capacity,665,保瑞,time63,763,sell,2024-03-26,6472,665.0,daily_high_low_midpoint_proxy,13:30:00,558.0,09:00:00,0.01,776563075.65,1196166.8,639.0,652.0,626.0,66551.0
odd,2024-03-28,2023-12-g003-2023-12-15-6472,,98,保瑞,time63,98,sell,2024-03-26,6472,623.0,daily_high_low_midpoint_proxy,13:30:00,581.0,09:00:00,0.01,812065410.15,1254262.9,653.5,659.0,648.0,62302.0
board,2024-04-03,2024-04-g005-2024-04-02-2486,,7000,一詮,leader_entry,7000,buy,2024-04-02,2486,397000.0,daily_high_low_midpoint_proxy,13:30:00,79.8,08:59:00,0.01,2309800174.245,39735501.0,73.9,77.8,70.0,127859620.0
odd,2024-04-03,2024-04-g005-2024-04-02-2486,,302,一詮,leader_entry,302,buy,2024-04-02,2486,1568.0,daily_high_low_midpoint_proxy,13:30:00,79.8,09:00:00,0.01,2309800174.245,39735501.0,73.85,77.2,70.5,156865.0
board,2024-04-09,2024-04-g008-2024-04-08-6188,,5000,廣明,leader_entry,5000,buy,2024-04-08,6188,137000.0,daily_high_low_midpoint_proxy,13:30:00,114.5,08:59:00,0.01,1362574437.6,13769135.65,103.25,108.5,98.0,33816976.0
odd,2024-04-09,2024-04-g008-2024-04-08-6188,,115,廣明,leader_entry,115,buy,2024-04-08,6188,1474.0,daily_high_low_midpoint_proxy,13:30:00,114.5,09:00:00,0.01,1362574437.6,13769135.65,102.3,106.0,98.6,147460.0
event,2024-04-10,2024-04-g007-2024-04-09-6117,slots_full,0,迎廣,leader_entry,0,buy,2024-04-09,6117,,,,,,,,,,,,
event,2024-04-10,2024-04-g004-2024-04-09-1605,slots_full,0,華新,leader_entry,0,buy,2024-04-09,1605,,,,,,,,,,,,
event,2024-04-11,2024-04-g003-2024-04-10-1514,slots_full,0,亞力,leader_entry,0,buy,2024-04-10,1514,,,,,,,,,,,,
event,2024-04-11,2024-04-g001-2024-04-10-2890,slots_full,0,永豐金,leader_entry,0,buy,2024-04-10,2890,,,,,,,,,,,,
event,2024-04-15,2024-04-g014-2024-04-12-3680,slots_full,0,家登,leader_entry,0,buy,2024-04-12,3680,,,,,,,,,,,,
board,2024-04-17,2024-04-g008-2024-04-08-6188,,5000,廣明,loss12,5000,sell,2024-04-16,6188,49000.0,daily_high_low_midpoint_proxy,13:30:00,78.2,08:59:00,0.01,1700190127.7150002,17159630.45,88.55,89.6,87.5,4930596.0
odd,2024-04-17,2024-04-g008-2024-04-08-6188,,115,廣明,loss12,115,sell,2024-04-16,6188,294.0,daily_high_low_midpoint_proxy,13:30:00,78.2,09:00:00,0.01,1700190127.7150002,17159630.45,88.55,89.5,87.6,29483.0
odd,2024-04-19,2024-04-g009-2024-04-18-3017,,714,奇鋐,leader_entry,714,buy,2024-04-18,3017,2697.0,daily_high_low_midpoint_proxy,13:30:00,748.0,09:00:00,0.01,8712303667.0,14926037.3,647.0,679.0,615.0,269725.0
event,2024-04-23,2024-04-g012-2024-04-22-2637,slots_full,0,慧洋-KY,leader_entry,0,buy,2024-04-22,2637,,,,,,,,,,,,
event,2024-04-26,2024-04-g010-2024-04-25-6176,slots_full,0,瑞儀,leader_entry,0,buy,2024-04-25,6176,,,,,,,,,,,,
event,2024-04-30,2024-04-g013-2024-04-29-3289,slots_full,0,宜特,leader_entry,0,buy,2024-04-29,3289,,,,,,,,,,,,
event,2024-05-02,2024-04-g018-2024-04-30-4915,slots_full,0,致伸,leader_entry,0,buy,2024-04-30,4915,,,,,,,,,,,,
event,2024-05-03,2024-05-g005-2024-05-02-5512,slots_full,0,力麒,leader_entry,0,buy,2024-05-02,5512,,,,,,,,,,,,
event,2024-05-03,2024-05-g010-2024-05-02-6176,slots_full,0,瑞儀,leader_entry,0,buy,2024-05-02,6176,,,,,,,,,,,,
event,2024-05-06,2024-05-g014-2024-05-03-2618,slots_full,0,長榮航,leader_entry,0,buy,2024-05-03,2618,,,,,,,,,,,,
board,2024-05-07,2024-01-g009-2024-01-23-3265,,4000,台星科,time63,4000,sell,2024-05-06,3265,16000.0,daily_high_low_midpoint_proxy,13:30:00,119.0,08:59:00,0.01,244899425.225,1921964.4,134.25,136.0,132.5,1669478.0
odd,2024-05-07,2024-01-g009-2024-01-23-3265,partial_midpoint_daily_capacity,92,台星科,time63,205,sell,2024-05-06,3265,92.0,daily_high_low_midpoint_proxy,13:30:00,119.0,09:00:00,0.01,244899425.225,1921964.4,133.25,134.5,132.0,9240.0
event,2024-05-07,2024-05-g004-2024-05-06-6442,slots_full,0,光聖,leader_entry,0,buy,2024-05-06,6442,,,,,,,,,,,,
odd,2024-05-08,2024-01-g009-2024-01-23-3265,partial_midpoint_daily_capacity,49,台星科,time63,113,sell,2024-05-06,3265,49.0,daily_high_low_midpoint_proxy,13:30:00,119.5,09:00:00,0.01,234277625.875,1843631.65,132.5,134.0,131.0,4976.0
board,2024-05-08,2024-05-g012-2024-05-07-2540,,3000,愛山林,leader_entry,3000,buy,2024-05-07,2540,28000.0,daily_high_low_midpoint_proxy,13:30:00,185.5,08:59:00,0.01,384327235.425,2855592.1,167.25,174.5,160.0,6262213.0
odd,2024-05-08,2024-05-g012-2024-05-07-2540,,102,愛山林,leader_entry,102,buy,2024-05-07,2540,471.0,daily_high_low_midpoint_proxy,13:30:00,185.5,09:00:00,0.01,384327235.425,2855592.1,167.25,173.5,161.0,47147.0
event,2024-05-08,2024-05-g013-2024-05-07-2637,slots_full,0,慧洋-KY,leader_entry,0,buy,2024-05-07,2637,,,,,,,,,,,,
event,2024-05-08,2024-05-g017-2024-05-07-3413,slots_full,0,京鼎,leader_entry,0,buy,2024-05-07,3413,,,,,,,,,,,,
odd,2024-05-09,2024-01-g009-2024-01-23-3265,,64,台星科,time63,64,sell,2024-05-06,3265,147.0,daily_high_low_midpoint_proxy,13:30:00,120.0,09:00:00,0.01,223727152.475,1759880.45,131.25,134.0,128.5,14731.0
event,2024-05-13,2024-05-g001-2024-05-10-2880,slots_full,0,華南金,leader_entry,0,buy,2024-05-10,2880,,,,,,,,,,,,
event,2024-05-15,2024-05-g020-2024-05-14-3363,slots_full,0,上詮,leader_entry,0,buy,2024-05-14,3363,,,,,,,,,,,,
event,2024-05-16,2024-05-g008-2024-05-15-6669,slots_full,0,緯穎,leader_entry,0,buy,2024-05-15,6669,,,,,,,,,,,,
event,2024-05-22,2024-05-g018-2024-05-21-3483,slots_full,0,力致,leader_entry,0,buy,2024-05-21,3483,,,,,,,,,,,,
board,2024-05-24,2024-05-g012-2024-05-07-2540,,3000,愛山林,loss12,3000,sell,2024-05-23,2540,20000.0,daily_high_low_midpoint_proxy,13:30:00,133.5,08:59:00,0.01,507112239.1,3173378.45,147.75,153.0,142.5,2037873.0
odd,2024-05-24,2024-05-g012-2024-05-07-2540,,102,愛山林,loss12,102,sell,2024-05-23,2540,194.0,daily_high_low_midpoint_proxy,13:30:00,133.5,09:00:00,0.01,507112239.1,3173378.45,147.75,152.5,143.0,19477.0
board,2024-05-29,2024-05-g019-2024-05-28-8027,,4000,鈦昇,leader_entry,4000,buy,2024-05-28,8027,31000.0,daily_high_low_midpoint_proxy,13:30:00,128.0,08:59:00,0.01,328745950.945,3194783.05,122.0,125.5,118.5,11211157.0
odd,2024-05-29,2024-05-g019-2024-05-28-8027,partial_midpoint_daily_capacity,480,鈦昇,leader_entry,667,buy,2024-05-28,8027,480.0,daily_high_low_midpoint_proxy,13:30:00,128.0,09:00:00,0.01,328745950.945,3194783.05,122.25,125.0,119.5,48023.0
event,2024-05-30,2024-05-g006-2024-05-29-1785,slots_full,0,光洋科,leader_entry,0,buy,2024-05-29,1785,,,,,,,,,,,,
event,2024-06-04,2024-06-g001-2024-06-03-2888,slots_full,0,新光金,leader_entry,0,buy,2024-06-03,2888,,,,,,,,,,,,
event,2024-06-06,2024-06-g010-2024-06-05-2328,slots_full,0,廣宇,leader_entry,0,buy,2024-06-05,2328,,,,,,,,,,,,
event,2024-06-07,2024-06-g017-2024-06-06-2615,slots_full,0,萬海,leader_entry,0,buy,2024-06-06,2615,,,,,,,,,,,,
event,2024-06-07,2024-06-g015-2024-06-06-6442,slots_full,0,光聖,leader_entry,0,buy,2024-06-06,6442,,,,,,,,,,,,
event,2024-06-11,2024-06-g016-2024-06-07-2486,overlapping_member,0,一詮,leader_entry,0,buy,2024-06-07,2486,,,,,,,,,,,,
event,2024-06-11,2024-06-g011-2024-06-07-4967,slots_full,0,十銓,leader_entry,0,buy,2024-06-07,4967,,,,,,,,,,,,
event,2024-06-11,2024-06-g004-2024-06-07-2542,slots_full,0,興富發,leader_entry,0,buy,2024-06-07,2542,,,,,,,,,,,,
event,2024-06-12,2024-06-g014-2024-06-11-6176,slots_full,0,瑞儀,leader_entry,0,buy,2024-06-11,6176,,,,,,,,,,,,
event,2024-06-13,2024-06-g009-2024-06-12-8028,slots_full,0,昇陽半導體,leader_entry,0,buy,2024-06-12,8028,,,,,,,,,,,,
event,2024-06-13,2024-06-g013-2024-06-12-2476,slots_full,0,鉅祥,leader_entry,0,buy,2024-06-12,2476,,,,,,,,,,,,
event,2024-06-13,2024-06-g012-2024-06-12-2383,slots_full,0,台光電,leader_entry,0,buy,2024-06-12,2383,,,,,,,,,,,,
event,2024-06-14,2024-06-g007-2024-06-13-1785,slots_full,0,光洋科,leader_entry,0,buy,2024-06-13,1785,,,,,,,,,,,,
event,2024-06-18,2024-06-g020-2024-06-17-3163,slots_full,0,波若威,leader_entry,0,buy,2024-06-17,3163,,,,,,,,,,,,
event,2024-06-20,2024-06-g021-2024-06-19-4909,slots_full,0,新復興,leader_entry,0,buy,2024-06-19,4909,,,,,,,,,,,,
event,2024-06-20,2024-06-g008-2024-06-19-6669,slots_full,0,緯穎,leader_entry,0,buy,2024-06-19,6669,,,,,,,,,,,,
event,2024-07-02,2024-07-g010-2024-07-01-3105,slots_full,0,穩懋,leader_entry,0,buy,2024-07-01,3105,,,,,,,,,,,,
event,2024-07-02,2024-07-g006-2024-07-01-5243,slots_full,0,乙盛-KY,leader_entry,0,buy,2024-07-01,5243,,,,,,,,,,,,
event,2024-07-03,2024-07-g005-2024-07-02-5508,slots_full,0,永信建,leader_entry,0,buy,2024-07-02,5508,,,,,,,,,,,,
event,2024-07-03,2024-07-g014-2024-07-02-3035,slots_full,0,智原,leader_entry,0,buy,2024-07-02,3035,,,,,,,,,,,,
event,2024-07-04,2024-07-g008-2024-07-03-2383,slots_full,0,台光電,leader_entry,0,buy,2024-07-03,2383,,,,,,,,,,,,
board,2024-07-05,2024-04-g005-2024-04-02-2486,,7000,一詮,time63,7000,sell,2024-07-04,2486,243000.0,daily_high_low_midpoint_proxy,13:30:00,124.5,08:59:00,0.01,2885008128.25,24354093.95,144.75,151.5,138.0,50002146.0
odd,2024-07-05,2024-04-g005-2024-04-02-2486,,302,一詮,time63,302,sell,2024-07-04,2486,2082.0,daily_high_low_midpoint_proxy,13:30:00,124.5,09:00:00,0.01,2885008128.25,24354093.95,144.75,151.0,138.5,208232.0
event,2024-07-05,2024-07-g013-2024-07-04-3374,resource_slots_locked,0,精材,leader_entry,284,buy,2024-07-04,3374,,,,,,,,,,,,
board,2024-07-08,2024-07-g009-2024-07-05-2365,,12000,昆盈,leader_entry,12000,buy,2024-07-05,2365,381000.0,daily_high_low_midpoint_proxy,13:30:00,59.5,08:59:00,0.01,1535695206.0,38102366.05,56.35,59.5,53.2,140866372.0
odd,2024-07-08,2024-07-g009-2024-07-05-2365,,551,昆盈,leader_entry,551,buy,2024-07-05,2365,2639.0,daily_high_low_midpoint_proxy,13:30:00,59.5,09:00:00,0.01,1535695206.0,38102366.05,56.8,59.5,54.1,263994.0
event,2024-07-11,2024-07-g002-2024-07-10-1513,slots_full,0,中興電,leader_entry,0,buy,2024-07-10,1513,,,,,,,,,,,,
event,2024-07-11,2024-07-g015-2024-07-10-3363,slots_full,0,上詮,leader_entry,0,buy,2024-07-10,3363,,,,,,,,,,,,
odd,2024-07-19,2024-04-g009-2024-04-18-3017,,714,奇鋐,time63,714,sell,2024-07-18,3017,918.0,daily_high_low_midpoint_proxy,13:30:00,608.0,09:00:00,0.01,7637677154.1,10456204.9,687.0,697.0,677.0,91857.0
board,2024-07-29,2024-05-g019-2024-05-28-8027,,4000,鈦昇,loss12,4000,sell,2024-07-26,8027,26000.0,daily_high_low_midpoint_proxy,13:30:00,97.7,08:59:00,0.01,542482997.275,4229578.0,106.5,111.0,102.0,2646061.0
odd,2024-07-29,2024-05-g019-2024-05-28-8027,partial_midpoint_daily_capacity,275,鈦昇,loss12,480,sell,2024-07-26,8027,275.0,daily_high_low_midpoint_proxy,13:30:00,97.7,09:00:00,0.01,542482997.275,4229578.0,107.0,111.0,103.0,27550.0
odd,2024-07-30,2024-05-g019-2024-05-28-8027,partial_midpoint_daily_capacity,139,鈦昇,loss12,205,sell,2024-07-26,8027,139.0,daily_high_low_midpoint_proxy,13:30:00,91.8,09:00:00,0.01,534144495.475,4207034.15,105.0,108.0,102.0,13911.0
odd,2024-07-31,2024-05-g019-2024-05-28-8027,,66,鈦昇,loss12,66,sell,2024-07-26,8027,145.0,daily_high_low_midpoint_proxy,13:30:00,95.9,09:00:00,0.01,461259772.125,3656261.45,107.25,109.0,105.5,14563.0
odd,2024-08-07,2024-08-g004-2024-08-06-3131,partial_midpoint_daily_capacity,274,弘塑,leader_entry,386,buy,2024-08-06,3131,274.0,daily_high_low_midpoint_proxy,13:30:00,1725.0,09:00:00,0.01,1477661649.75,1010905.15,1592.5,1650.0,1535.0,27486.0
board,2024-08-12,2024-08-g011-2024-08-09-8374,,4000,羅昇,leader_entry,4000,buy,2024-08-09,8374,72000.0,daily_high_low_midpoint_proxy,13:30:00,146.0,08:59:00,0.01,852585187.775,7289561.9,130.5,140.5,120.5,38284167.0
odd,2024-08-12,2024-08-g011-2024-08-09-8374,partial_midpoint_daily_capacity,698,羅昇,leader_entry,912,buy,2024-08-09,8374,698.0,daily_high_low_midpoint_proxy,13:30:00,146.0,09:00:00,0.01,852585187.775,7289561.9,131.0,140.0,122.0,69856.0
event,2024-08-12,2024-08-g010-2024-08-09-6215,slots_full,0,和椿,leader_entry,0,buy,2024-08-09,6215,,,,,,,,,,,,
event,2024-08-13,2024-08-g003-2024-08-12-3019,slots_full,0,亞光,leader_entry,0,buy,2024-08-12,3019,,,,,,,,,,,,
event,2024-08-19,2024-08-g001-2024-08-16-2881,slots_full,0,富邦金,leader_entry,0,buy,2024-08-16,2881,,,,,,,,,,,,
event,2024-09-02,2024-08-g006-2024-08-30-1808,slots_full,0,潤隆,leader_entry,0,buy,2024-08-30,1808,,,,,,,,,,,,
event,2024-09-03,2024-09-g020-2024-09-02-4763,slots_full,0,材料*-KY,leader_entry,0,buy,2024-09-02,4763,,,,,,,,,,,,
event,2024-09-06,2024-09-g003-2024-09-05-5234,slots_full,0,達興材料,leader_entry,0,buy,2024-09-05,5234,,,,,,,,,,,,
event,2024-09-16,2024-09-g010-2024-09-13-6274,slots_full,0,台燿,leader_entry,0,buy,2024-09-13,6274,,,,,,,,,,,,
event,2024-09-19,2024-09-g012-2024-09-18-3167,slots_full,0,大量,leader_entry,0,buy,2024-09-18,3167,,,,,,,,,,,,
event,2024-09-20,2024-09-g008-2024-09-19-2357,slots_full,0,華碩,leader_entry,0,buy,2024-09-19,2357,,,,,,,,,,,,
event,2024-09-23,2024-09-g015-2024-09-20-3653,slots_full,0,健策,leader_entry,0,buy,2024-09-20,3653,,,,,,,,,,,,
event,2024-09-25,2024-09-g001-2024-09-24-2882,slots_full,0,國泰金,leader_entry,0,buy,2024-09-24,2882,,,,,,,,,,,,
event,2024-09-26,2024-09-g004-2024-09-25-5871,slots_full,0,中租-KY,leader_entry,0,buy,2024-09-25,5871,,,,,,,,,,,,
event,2024-09-27,2024-09-g019-2024-09-26-4979,slots_full,0,華星光,leader_entry,0,buy,2024-09-26,4979,,,,,,,,,,,,
event,2024-09-27,2024-09-g007-2024-09-26-2543,slots_full,0,皇昌,leader_entry,0,buy,2024-09-26,2543,,,,,,,,,,,,
event,2024-10-04,2024-10-g004-2024-10-01-4563,slots_full,0,百德,leader_entry,0,buy,2024-10-01,4563,,,,,,,,,,,,
board,2024-10-11,2024-07-g009-2024-07-05-2365,,12000,昆盈,time63,12000,sell,2024-10-09,2365,86000.0,daily_high_low_midpoint_proxy,13:30:00,43.9,08:59:00,0.01,562516866.6225001,10355113.45,47.725,48.95,46.5,8619285.0
odd,2024-10-11,2024-07-g009-2024-07-05-2365,,551,昆盈,time63,551,sell,2024-10-09,2365,563.0,daily_high_low_midpoint_proxy,13:30:00,43.9,09:00:00,0.01,562516866.6225001,10355113.45,47.825,48.75,46.9,56385.0
board,2024-10-16,2024-10-g003-2024-10-15-1560,,1000,中砂,leader_entry,1000,buy,2024-10-15,1560,28000.0,daily_high_low_midpoint_proxy,13:30:00,401.5,08:59:00,0.01,949788419.875,2835886.05,360.25,367.5,353.0,7753250.0
odd,2024-10-16,2024-10-g003-2024-10-15-1560,,625,中砂,leader_entry,625,buy,2024-10-15,1560,687.0,daily_high_low_midpoint_proxy,13:30:00,401.5,09:00:00,0.01,949788419.875,2835886.05,361.0,367.0,355.0,68744.0
event,2024-10-16,2024-10-g018-2024-10-15-4908,slots_full,0,前鼎,leader_entry,0,buy,2024-10-15,4908,,,,,,,,,,,,
event,2024-10-21,2024-10-g014-2024-10-18-3013,slots_full,0,晟銘電,leader_entry,0,buy,2024-10-18,3013,,,,,,,,,,,,
event,2024-10-22,2024-10-g015-2024-10-21-3533,slots_full,0,嘉澤,leader_entry,0,buy,2024-10-21,3533,,,,,,,,,,,,
event,2024-10-22,2024-10-g010-2024-10-21-6526,slots_full,0,達發,leader_entry,0,buy,2024-10-21,6526,,,,,,,,,,,,
event,2024-10-25,2024-10-g008-2024-10-24-2354,slots_full,0,鴻準,leader_entry,0,buy,2024-10-24,2354,,,,,,,,,,,,
board,2024-11-01,2024-10-g003-2024-10-15-1560,,1000,中砂,loss12,1000,sell,2024-10-30,1560,38000.0,daily_high_low_midpoint_proxy,13:30:00,278.5,08:59:00,0.01,1708792769.675,4898456.45,304.5,310.0,299.0,3842782.0
odd,2024-11-01,2024-10-g003-2024-10-15-1560,partial_midpoint_daily_capacity,529,中砂,loss12,625,sell,2024-10-30,1560,529.0,daily_high_low_midpoint_proxy,13:30:00,278.5,09:00:00,0.01,1708792769.675,4898456.45,306.5,312.0,301.0,52980.0
odd,2024-11-04,2024-10-g003-2024-10-15-1560,,96,中砂,loss12,96,sell,2024-10-30,1560,883.0,daily_high_low_midpoint_proxy,13:30:00,278.5,09:00:00,0.01,1749685039.075,5030986.8,303.25,307.0,299.5,88380.0
board,2024-11-05,2024-11-g008-2024-11-04-3231,,4000,緯創,leader_entry,4000,buy,2024-11-04,3231,358000.0,daily_high_low_midpoint_proxy,13:30:00,127.5,08:59:00,0.01,3977086149.925,35860419.35,117.5,120.0,115.0,76098508.0
odd,2024-11-05,2024-11-g008-2024-11-04-3231,,793,緯創,leader_entry,793,buy,2024-11-04,3231,9790.0,daily_high_low_midpoint_proxy,13:30:00,127.5,09:00:00,0.01,3977086149.925,35860419.35,118.0,120.0,116.0,979089.0
event,2024-11-08,2024-11-g019-2024-11-07-3037,slots_full,0,欣興,leader_entry,0,buy,2024-11-07,3037,,,,,,,,,,,,
event,2024-11-08,2024-11-g004-2024-11-07-1815,slots_full,0,富喬,leader_entry,0,buy,2024-11-07,1815,,,,,,,,,,,,
odd,2024-11-11,2024-08-g004-2024-08-06-3131,partial_midpoint_daily_capacity,105,弘塑,time63,274,sell,2024-11-08,3131,105.0,daily_high_low_midpoint_proxy,13:30:00,1595.0,09:00:00,0.01,1542981010.5,921569.65,1750.0,1775.0,1725.0,10534.0
odd,2024-11-12,2024-08-g004-2024-08-06-3131,partial_midpoint_daily_capacity,102,弘塑,time63,169,sell,2024-11-08,3131,102.0,daily_high_low_midpoint_proxy,13:30:00,1580.0,09:00:00,0.01,1538580459.75,920451.0,1727.5,1740.0,1715.0,10265.0
event,2024-11-12,2024-11-g012-2024-11-11-3013,residual_exposure_cap,0,晟銘電,leader_entry,3412,buy,2024-11-11,3013,,,,,,,,,,,,
odd,2024-11-13,2024-08-g004-2024-08-06-3131,,67,弘塑,time63,67,sell,2024-11-08,3131,830.0,daily_high_low_midpoint_proxy,13:30:00,1560.0,09:00:00,0.01,1490798231.5,894762.55,1830.0,1890.0,1770.0,83044.0
board,2024-11-14,2024-08-g011-2024-08-09-8374,,4000,羅昇,time63,4000,sell,2024-11-13,8374,10000.0,daily_high_low_midpoint_proxy,13:30:00,117.0,08:59:00,0.01,787259150.6,5677511.1,129.0,131.0,127.0,1026758.0
odd,2024-11-14,2024-08-g011-2024-08-09-8374,partial_midpoint_daily_capacity,125,羅昇,time63,698,sell,2024-11-13,8374,125.0,daily_high_low_midpoint_proxy,13:30:00,117.0,09:00:00,0.01,787259150.6,5677511.1,129.0,130.5,127.5,12517.0
odd,2024-11-15,2024-08-g011-2024-08-09-8374,partial_midpoint_daily_capacity,84,羅昇,time63,573,sell,2024-11-13,8374,84.0,daily_high_low_midpoint_proxy,13:30:00,115.0,09:00:00,0.01,747327740.3,5398051.9,130.75,134.0,127.5,8497.0
board,2024-11-15,2024-11-g009-2024-11-14-3706,,7000,神達,leader_entry,7000,buy,2024-11-14,3706,503000.0,daily_high_low_midpoint_proxy,13:30:00,76.7,08:59:00,0.01,3147733543.245,50359248.8,70.45,72.7,68.2,209488678.0
odd,2024-11-15,2024-11-g009-2024-11-14-3706,,763,神達,leader_entry,763,buy,2024-11-14,3706,3007.0,daily_high_low_midpoint_proxy,13:30:00,76.7,09:00:00,0.01,3147733543.245,50359248.8,70.4,72.4,68.4,300733.0
odd,2024-11-15,2024-11-g006-2024-11-14-2357,,869,華碩,leader_entry,869,buy,2024-11-14,2357,1153.0,daily_high_low_midpoint_proxy,13:30:00,685.0,09:00:00,0.01,2096765276.0,3482755.55,623.5,641.0,606.0,115380.0
event,2024-11-15,2024-11-g002-2024-11-14-1504,slots_full,0,東元,leader_entry,0,buy,2024-11-14,1504,,,,,,,,,,,,
odd,2024-11-18,2024-08-g011-2024-08-09-8374,partial_midpoint_daily_capacity,66,羅昇,time63,489,sell,2024-11-13,8374,66.0,daily_high_low_midpoint_proxy,13:30:00,116.5,09:00:00,0.01,542021251.775,3956091.8,126.25,127.0,125.5,6617.0
odd,2024-11-19,2024-08-g011-2024-08-09-8374,partial_midpoint_daily_capacity,45,羅昇,time63,423,sell,2024-11-13,8374,45.0,daily_high_low_midpoint_proxy,13:30:00,112.5,09:00:00,0.01,456647714.025,3364112.85,126.5,129.0,124.0,4535.0
odd,2024-11-20,2024-08-g011-2024-08-09-8374,partial_midpoint_daily_capacity,56,羅昇,time63,378,sell,2024-11-13,8374,56.0,daily_high_low_midpoint_proxy,13:30:00,116.5,09:00:00,0.01,429135664.65,3179546.05,126.75,128.0,125.5,5634.0
odd,2024-11-21,2024-08-g011-2024-08-09-8374,partial_midpoint_daily_capacity,49,羅昇,time63,322,sell,2024-11-13,8374,49.0,daily_high_low_midpoint_proxy,13:30:00,114.5,09:00:00,0.01,396010749.75,2955342.6,126.75,127.5,126.0,4926.0
odd,2024-11-22,2024-08-g011-2024-08-09-8374,partial_midpoint_daily_capacity,35,羅昇,time63,273,sell,2024-11-13,8374,35.0,daily_high_low_midpoint_proxy,13:30:00,112.5,09:00:00,0.01,381475679.25,2855752.95,126.5,127.0,126.0,3572.0
odd,2024-11-25,2024-08-g011-2024-08-09-8374,partial_midpoint_daily_capacity,44,羅昇,time63,238,sell,2024-11-13,8374,44.0,daily_high_low_midpoint_proxy,13:30:00,113.5,09:00:00,0.01,326552506.05,2451989.9,128.0,129.5,126.5,4451.0
event,2024-11-25,2024-11-g014-2024-11-22-4971,slots_full,0,IET-KY,leader_entry,0,buy,2024-11-22,4971,,,,,,,,,,,,
odd,2024-11-26,2024-08-g011-2024-08-09-8374,,194,羅昇,time63,194,sell,2024-11-13,8374,483.0,daily_high_low_midpoint_proxy,13:30:00,117.5,09:00:00,0.01,322716132.3,2422592.4,136.0,140.5,131.5,48342.0
event,2024-11-26,2024-11-g001-2024-11-25-1802,slots_full,0,台玻,leader_entry,0,buy,2024-11-25,1802,,,,,,,,,,,,
event,2024-11-26,2024-11-g017-2024-11-25-2886,slots_full,0,兆豐金,leader_entry,0,buy,2024-11-25,2886,,,,,,,,,,,,
event,2024-11-29,2024-11-g020-2024-11-28-4979,slots_full,0,華星光,leader_entry,0,buy,2024-11-28,4979,,,,,,,,,,,,
event,2024-12-02,2024-11-g018-2024-11-29-4968,slots_full,0,立積,leader_entry,0,buy,2024-11-29,4968,,,,,,,,,,,,
event,2024-12-03,2024-12-g025-2024-12-02-3558,slots_full,0,神準,leader_entry,0,buy,2024-12-02,3558,,,,,,,,,,,,
event,2024-12-03,2024-12-g020-2024-12-02-4968,slots_full,0,立積,leader_entry,0,buy,2024-12-02,4968,,,,,,,,,,,,
event,2024-12-03,2024-12-g023-2024-12-02-4979,slots_full,0,華星光,leader_entry,0,buy,2024-12-02,4979,,,,,,,,,,,,
event,2024-12-03,2024-12-g009-2024-12-02-5371,slots_full,0,中強光電股份有限公司,leader_entry,0,buy,2024-12-02,5371,,,,,,,,,,,,
event,2024-12-04,2024-12-g022-2024-12-03-3338,slots_full,0,泰碩,leader_entry,0,buy,2024-12-03,3338,,,,,,,,,,,,
event,2024-12-04,2024-12-g019-2024-12-03-2880,slots_full,0,華南金,leader_entry,0,buy,2024-12-03,2880,,,,,,,,,,,,
event,2024-12-05,2024-12-g007-2024-12-04-2458,slots_full,0,義隆,leader_entry,0,buy,2024-12-04,2458,,,,,,,,,,,,
event,2024-12-06,2024-12-g014-2024-12-05-4977,slots_full,0,眾達-KY,leader_entry,0,buy,2024-12-05,4977,,,,,,,,,,,,
event,2024-12-06,2024-12-g011-2024-12-05-6669,slots_full,0,緯穎,leader_entry,0,buy,2024-12-05,6669,,,,,,,,,,,,
event,2024-12-09,2024-12-g002-2024-12-06-2520,slots_full,0,冠德,leader_entry,0,buy,2024-12-06,2520,,,,,,,,,,,,
event,2024-12-10,2024-12-g003-2024-12-09-1449,slots_full,0,佳和,leader_entry,0,buy,2024-12-09,1449,,,,,,,,,,,,
event,2024-12-12,2024-12-g008-2024-12-11-2368,slots_full,0,金像電,leader_entry,0,buy,2024-12-11,2368,,,,,,,,,,,,
event,2024-12-13,2024-12-g013-2024-12-12-3689,slots_full,0,湧德,leader_entry,0,buy,2024-12-12,3689,,,,,,,,,,,,
event,2024-12-13,2024-12-g005-2024-12-12-1524,slots_full,0,耿鼎,leader_entry,0,buy,2024-12-12,1524,,,,,,,,,,,,
event,2024-12-19,2024-12-g021-2024-12-18-4958,slots_full,0,臻鼎-KY,leader_entry,0,buy,2024-12-18,4958,,,,,,,,,,,,
board,2024-12-31,2024-11-g008-2024-11-04-3231,,4000,緯創,loss12,4000,sell,2024-12-30,3231,214000.0,daily_high_low_midpoint_proxy,13:30:00,93.6,08:59:00,0.01,2739300080.8,24604692.85,104.0,105.0,103.0,21410430.0
odd,2024-12-31,2024-11-g008-2024-11-04-3231,,793,緯創,loss12,793,sell,2024-12-30,3231,1603.0,daily_high_low_midpoint_proxy,13:30:00,93.6,09:00:00,0.01,2739300080.8,24604692.85,104.5,105.5,103.5,160390.0
