cash,cost,daily_return,date,dividend_entitlement,drawdown,execution_basis_pnl,holdings,market_pnl,market_value,nav,opening_nav,receivable,stale_holdings,total_return
320994.19,0.0,-0.003703690238665902,2024-01-02,0.0,-0.02318940221889587,0.0,3,-6306.0,1375326.0,1696320.19,1702626.19,0.0,0,0.69632019
320994.19,0.0,-0.012432794306362682,2024-01-03,0.0,-0.03533388745738353,0.0,3,-21090.0,1354236.0,1675230.19,1696320.19,0.0,0,0.67523019
320994.19,0.0,-0.005214208800761844,2024-01-04,0.0,-0.040363857991200014,0.0,3,-8735.0,1345501.0,1666495.19,1675230.19,0.0,0,0.66649519
320994.19,0.0,0.019140769317191886,2024-01-05,0.0,-0.021995683968569435,0.0,3,31898.0,1377399.0,1698393.19,1666495.19,0.0,0,0.69839319
320994.19,0.0,-0.004311722422768338,2024-01-08,0.0,-0.026212567107566365,0.0,3,-7323.0,1370076.0,1691070.19,1698393.19,0.0,0,0.69107019
320994.19,0.0,-0.0009733481257806487,2024-01-09,0.0,-0.027160401280280966,0.0,3,-1646.0,1368430.0,1689424.19,1691070.19,0.0,0,0.68942419
320994.19,0.0,0.000987910561408567,2024-01-10,0.0,-0.026199322766149336,0.0,3,1669.0,1370099.0,1691093.19,1689424.19,0.0,0,0.6910931899999999
320994.19,0.0,-0.003974352235431855,2024-01-11,0.0,-0.030069549664578754,0.0,3,-6721.0,1363378.0,1684372.19,1691093.19,0.0,0,0.6843721899999999
320994.19,0.0,0.006937302853474492,2024-01-12,0.0,-0.02334084838379502,0.0,3,11685.0,1375063.0,1696057.19,1684372.19,0.0,0,0.6960571899999999
320994.19,0.0,0.01635734936508837,2024-01-15,0.0,-0.007365293430197983,0.0,3,27743.0,1402806.0,1723800.19,1696057.19,0.0,0,0.72380019
649922.19,2970.0,-0.006785009114078311,2024-01-16,0.0,-0.014100328961224595,-526.0,3,-8200.0,1062182.0,1712104.19,1723800.19,0.0,1,0.71210419
224170.69,2744.0,-0.008608997096140492,2024-01-17,0.0,-0.022587936366283312,-407.5,4,-11588.0,1473194.0,1697364.69,1712104.19,0.0,0,0.6973646899999999
234954.69,101.0,0.004102241575438814,2024-01-18,0.0,-0.018578355962509563,70.0,3,6994.0,1469373.0,1704327.69,1697364.69,0.0,0,0.70432769
234954.69,0.0,-0.014663846716003293,2024-01-19,0.0,-0.03296977251444322,0.0,3,-24992.0,1444381.0,1679335.69,1704327.69,0.0,0,0.67933569
234954.69,0.0,0.0024557329571195385,2024-01-22,0.0,-0.030595004514276214,0.0,3,4124.0,1448505.0,1683459.69,1679335.69,0.0,0,0.6834596899999998
234954.69,0.0,-0.0004051181053227326,2024-01-23,0.0,-0.030987728029337802,0.0,3,-682.0,1447823.0,1682777.69,1683459.69,0.0,0,0.68277769
234954.69,0.0,-0.004175239570712419,2024-01-24,0.0,-0.035033586411775564,0.0,3,-7026.0,1440797.0,1675751.69,1682777.69,0.0,0,0.67575169
234954.69,0.0,0.0044648619748668406,2024-01-25,0.0,-0.030725144564721862,0.0,3,7482.0,1448279.0,1683233.69,1675751.69,0.0,0,0.68323369
234954.69,0.0,0.0247844373884889,2024-01-26,0.0,-0.006702212597949564,0.0,3,41718.0,1489997.0,1724951.69,1683233.69,0.0,0,0.7249516899999999
234954.69,0.0,0.005825090672539446,2024-01-29,0.0,-0.0009161629214999856,0.0,3,10048.0,1500045.0,1734999.69,1724951.69,0.0,0,0.73499969
234954.69,0.0,0.027389630254055053,2024-01-30,0.0,0.0,0.0,3,47521.0,1547566.0,1782520.69,1734999.69,0.0,0,0.7825206899999999
234954.69,0.0,0.0049441221352668485,2024-01-31,0.0,0.0,0.0,3,8813.0,1556379.0,1791333.69,1782520.69,0.0,0,0.7913336899999999
234954.69,0.0,-0.00441179666531033,2024-02-01,0.0,-0.00441179666531033,0.0,3,-7903.0,1548476.0,1783430.69,1791333.69,0.0,0,0.7834306899999999
234954.69,0.0,0.012392968296401907,2024-02-02,0.0,0.0,0.0,3,22102.0,1570578.0,1805532.69,1783430.69,0.0,0,0.8055326899999999
234954.69,0.0,-0.02692667946100713,2024-02-05,0.0,-0.02692667946100713,0.0,3,-48617.0,1521961.0,1756915.69,1805532.69,0.0,0,0.75691569
234954.69,0.0,0.014450323452914304,2024-02-15,0.0,-0.012865455235817391,0.0,3,25388.0,1547349.0,1782303.69,1756915.69,0.0,0,0.78230369
234954.69,0.0,0.00035684154365411835,2024-02-16,0.0,-0.012513204621069529,0.0,3,636.0,1547985.0,1782939.69,1782303.69,0.0,0,0.7829396899999999
234954.69,0.0,0.0014206874266173841,2024-02-19,0.0,-0.011110294546924027,0.0,3,2533.0,1550518.0,1785472.69,1782939.69,0.0,0,0.78547269
234954.69,0.0,-0.0033324508592735835,2024-02-20,0.0,-0.014405720895587892,0.0,3,-5950.0,1544568.0,1779522.69,1785472.69,0.0,0,0.7795226899999999
234954.69,0.0,-0.0025192148575525763,2024-02-21,0.0,-0.01688864464702655,0.0,3,-4483.0,1540085.0,1775039.69,1779522.69,0.0,0,0.7750396899999998
234954.69,0.0,0.013093228354797981,2024-02-22,0.0,-0.0040165431731951085,0.0,3,23241.0,1563326.0,1798280.69,1775039.69,0.0,0,0.7982806899999999
234954.69,0.0,0.007605597989265966,2024-02-23,0.0,0.0,0.0,3,13677.0,1577003.0,1811957.69,1798280.69,0.0,0,0.8119576899999998
234954.69,0.0,0.026484613997802553,2024-02-26,0.0,0.0,0.0,3,47989.0,1624992.0,1859946.69,1811957.69,0.0,0,0.8599466899999999
234954.69,0.0,0.002937718607407991,2024-02-27,0.0,0.0,0.0,3,5464.0,1630456.0,1865410.69,1859946.69,0.0,0,0.86541069
234954.69,0.0,-0.005663096098157294,2024-02-29,0.0,-0.005663096098157294,0.0,3,-10564.0,1619892.0,1854846.69,1865410.69,0.0,0,0.85484669
234954.69,0.0,0.029078953150570186,2024-03-01,0.0,0.0,0.0,3,53937.0,1673829.0,1908783.69,1854846.69,0.0,0,0.9087836899999999
234954.69,0.0,0.009914166858791651,2024-03-04,0.0,0.0,0.0,3,18924.0,1692753.0,1927707.69,1908783.69,0.0,0,0.9277076899999999
234954.69,0.0,-0.02778325794820069,2024-03-05,0.0,-0.02778325794820069,0.0,3,-53558.0,1639195.0,1874149.69,1927707.69,0.0,0,0.8741496899999999
234954.69,0.0,-0.041114645436886144,2024-03-06,0.0,-0.06775560458546492,0.0,3,-77055.0,1562140.0,1797094.69,1874149.69,0.0,0,0.79709469
234954.69,0.0,-0.0095977135183678,2024-03-07,0.0,-0.0767030192217576,0.0,3,-17248.0,1544892.0,1779846.69,1797094.69,0.0,0,0.7798466899999998
234954.69,0.0,-0.03642560921918503,2024-03-08,0.0,-0.11033467423683929,0.0,3,-64832.0,1480060.0,1715014.69,1779846.69,0.0,0,0.7150146899999998
234954.69,0.0,0.004857101253167739,2024-03-11,0.0,-0.1060134796681752,0.0,3,8330.0,1488390.0,1723344.69,1715014.69,0.0,0,0.72334469
234954.69,0.0,0.000611601385443139,2024-03-12,0.0,-0.1054667162737728,0.0,3,1054.0,1489444.0,1724398.69,1723344.69,0.0,0,0.7243986899999999
234954.69,0.0,-0.013477741623661332,2024-03-13,0.0,-0.11752300474560018,0.0,3,-23241.0,1466203.0,1701157.69,1724398.69,0.0,0,0.7011576899999998
234954.69,0.0,0.0017517482462192646,2024-03-14,0.0,-0.1159771272168344,0.0,3,2980.0,1469183.0,1704137.69,1701157.69,0.0,0,0.70413769
234954.69,0.0,-0.02425977680242497,2024-03-15,0.0,-0.1374233247987925,0.0,3,-41342.0,1427841.0,1662795.69,1704137.69,0.0,0,0.66279569
234954.69,0.0,0.014894193044245885,2024-03-18,0.0,-0.12457594128288196,0.0,3,24766.0,1452607.0,1687561.69,1662795.69,0.0,0,0.6875616899999999
234954.69,0.0,-0.0056513489589823385,2024-03-19,0.0,-0.12952326812578108,0.0,3,-9537.0,1443070.0,1678024.69,1687561.69,0.0,0,0.67802469
779589.69,4905.0,0.009030260454630179,2024-03-20,0.0,-0.12166263651726161,140.0,2,19918.0,913588.0,1693177.69,1678024.69,0.0,0,0.69317769
250469.94,3118.0,0.010262803545444843,2024-03-21,0.0,-0.11264843270921432,1675.75,3,18819.0,1460084.5,1710554.44,1693177.69,0.0,0,0.7105544399999999
250469.94,0.0,0.0032808075959278593,2024-03-22,0.0,-0.1097372029469883,0.0,3,5612.0,1465696.5,1716166.44,1710554.44,0.0,0,0.7161664399999998
250469.94,0.0,-0.00780810047771352,2024-03-25,0.0,-0.11668846431794855,0.0,3,-13400.0,1452296.5,1702766.44,1716166.44,0.0,0,0.70276644
250469.94,0.0,-0.01536646446943124,2024-03-26,0.0,-0.13026183964644555,0.0,3,-26165.5,1426131.0,1676600.94,1702766.44,0.0,0,0.6766009399999999
671611.94,3793.0,0.019224312256439502,2024-03-27,0.0,-0.11354172167046761,-3990.0,3,40014.5,1037220.5,1708832.44,1676600.94,0.0,0,0.7088324399999999
238990.44,3494.0,-0.005361848116600565,2024-03-28,0.0,-0.11829477632057384,-9777.5,3,4109.0,1460679.5,1699669.94,1708832.44,0.0,0,0.6996699399999999
238990.44,0.0,0.004603540849819288,2024-03-29,0.0,-0.11423581030586649,0.0,3,7824.5,1468504.0,1707494.44,1699669.94,0.0,0,0.7074944399999998
238990.44,0.0,0.026265678499076017,2024-04-01,0.0,-0.09097061287336572,0.0,3,44848.5,1513352.5,1752342.94,1707494.44,0.0,0,0.7523429399999999
238990.44,0.0,0.06658143068730604,2024-04-02,0.0,-0.030446135741669433,0.0,3,116673.5,1630026.0,1869016.44,1752342.94,0.0,0,0.86901644
238990.44,0.0,0.021298368033616732,2024-04-03,0.0,-0.009796220712280257,0.0,3,39807.0,1669833.0,1908823.44,1869016.44,0.0,0,0.9088234399999999
238990.44,0.0,-0.04044900035385146,2024-04-08,0.0,-0.04984897373107433,0.0,3,-77210.0,1592623.0,1831613.44,1908823.44,0.0,0,0.8316134399999999
238990.44,0.0,-0.017498779655165664,2024-04-09,0.0,-0.06647545717888381,0.0,3,-32051.0,1560572.0,1799562.44,1831613.44,0.0,0,0.7995624399999999
238990.44,0.0,-0.02370381769026031,2024-04-10,0.0,-0.08860355275129916,0.0,3,-42656.5,1517915.5,1756905.94,1799562.44,0.0,0,0.75690594
238990.44,0.0,-0.017494675895967426,2024-04-11,0.0,-0.10454813820865139,0.0,3,-30736.5,1487179.0,1726169.44,1756905.94,0.0,0,0.72616944
238990.44,0.0,0.004692181319117861,2024-04-12,0.0,-0.10034651571058473,0.0,3,8099.5,1495278.5,1734268.94,1726169.44,0.0,0,0.73426894
238990.44,0.0,-0.023144334234573738,2024-04-15,0.0,-0.12116839664627788,0.0,3,-40138.5,1455140.0,1694130.44,1734268.94,0.0,0,0.6941304399999999
630625.94,3527.0,-0.006080700610042733,2024-04-16,0.0,-0.12651230851291573,-14867.5,2,8093.0,1053203.0,1683828.94,1694130.44,0.0,0,0.6838289399999999
114585.94,3040.0,0.04231575922433062,2024-04-17,0.0,-0.08955001367453175,18000.000000000044,3,56292.5,1640495.5,1755081.44,1683828.94,0.0,0,0.7550814399999999
114585.94,0.0,0.01867805063222594,2024-04-18,0.0,-0.07254458273183528,0.0,3,32781.5,1673277.0,1787862.94,1755081.44,0.0,0,0.7878629399999999
114585.94,0.0,-0.0041250365646037235,2024-04-19,0.0,-0.07637037024010629,0.0,3,-7375.0,1665902.0,1780487.94,1787862.94,0.0,0,0.78048794
114585.94,0.0,-0.046472654007417735,2024-04-22,0.0,-0.11929389045493721,0.0,3,-82744.0,1583158.0,1697743.94,1780487.94,0.0,0,0.6977439399999998
114585.94,0.0,0.004863513163239519,2024-04-23,0.0,-0.11501056469821935,0.0,3,8257.0,1591415.0,1706000.94,1697743.94,0.0,0,0.70600094
114585.94,0.0,0.044765508745850946,2024-04-24,0.0,-0.07539356239223183,0.0,3,76370.0,1667785.0,1782370.94,1706000.94,0.0,0,0.7823709399999998
114585.94,0.0,-0.022883844818520238,2024-04-25,0.0,-0.09655211262865271,0.0,3,-40787.5,1626997.5,1741583.44,1782370.94,0.0,0,0.7415834399999999
114585.94,0.0,0.0248265452041736,2024-04-26,0.0,-0.07412262281321291,0.0,3,43237.5,1670235.0,1784820.94,1741583.44,0.0,0,0.7848209399999999
114585.94,0.0,-0.0035434927158575213,2024-04-29,0.0,-0.0774034625550516,0.0,3,-6324.5,1663910.5,1778496.44,1784820.94,0.0,0,0.7784964399999998
114585.94,0.0,-0.01478018139862003,2024-04-30,0.0,-0.09103960673622669,0.0,3,-26286.5,1637624.0,1752209.94,1778496.44,0.0,0,0.75220994
114585.94,0.0,-0.00818851649705854,2024-05-02,0.0,-0.09848264391163997,0.0,3,-14348.0,1623276.0,1737861.94,1752209.94,0.0,0,0.7378619399999999
114585.94,0.0,-0.014456269178666714,2024-05-03,0.0,-0.1115152214804932,0.0,3,-25123.0,1598153.0,1712738.94,1737861.94,0.0,0,0.7127389399999999
114585.94,0.0,0.020993567180763728,2024-05-06,0.0,-0.09286275659355803,0.0,3,35956.5,1634109.5,1748695.44,1712738.94,0.0,0,0.7486954399999999
114585.94,0.0,0.044671586722957235,2024-05-07,0.0,-0.05233949655510273,0.0,3,78117.0,1712226.5,1826812.44,1748695.44,0.0,0,0.8268124399999999
114585.94,0.0,0.009441582300589113,2024-05-08,0.0,-0.043392081918810055,0.0,3,17248.0,1729474.5,1844060.44,1826812.44,0.0,0,0.84406044
114585.94,0.0,-0.01846197622459711,2024-05-09,0.0,-0.0610529545586862,0.0,3,-34045.0,1695429.5,1810015.44,1844060.44,0.0,0,0.8100154399999999
114585.94,0.0,-0.015956217478454215,2024-05-10,0.0,-0.07603499781649992,0.0,3,-28881.0,1666548.5,1781134.44,1810015.44,0.0,0,0.78113444
114585.94,0.0,-0.02336263847663289,2024-05-13,0.0,-0.09762125812757427,0.0,3,-41612.0,1624936.5,1739522.44,1781134.44,0.0,0,0.73952244
114585.94,0.0,0.01453646093809513,2024-05-14,0.0,-0.08450386479497829,0.0,3,25286.5,1650223.0,1764808.94,1739522.44,0.0,0,0.76480894
114585.94,0.0,0.0005544509537671605,2024-05-15,0.0,-0.0839962670896437,0.0,3,978.5,1651201.5,1765787.44,1764808.94,0.0,0,0.76578744
114585.94,0.0,0.01485342992359251,2024-05-16,0.0,-0.07039046983311048,0.0,3,26228.0,1677429.5,1792015.44,1765787.44,0.0,0,0.7920154399999999
114585.94,0.0,-0.004443879121934335,2024-05-17,0.0,-0.07452154221577023,0.0,3,-7963.5,1669466.0,1784051.94,1792015.44,0.0,0,0.7840519399999999
114585.94,0.0,-0.011264526300730937,2024-05-20,0.0,-0.08494661864424058,0.0,3,-20096.5,1649369.5,1763955.44,1784051.94,0.0,0,0.7639554399999999
114585.94,0.0,0.00443180129312104,2024-05-21,0.0,-0.08089128388547329,0.0,3,7817.5,1657187.0,1771772.94,1763955.44,0.0,0,0.77177294
114585.94,0.0,-0.0020725003283998955,2024-05-22,0.0,-0.08279613700145583,0.0,3,-3672.0,1653515.0,1768100.94,1771772.94,0.0,0,0.7681009399999998
114585.94,0.0,-0.006044903748538277,2024-05-23,0.0,-0.08834054607106956,0.0,3,-10688.0,1642827.0,1757412.94,1768100.94,0.0,0,0.75741294
114585.94,0.0,0.023422497389828045,2024-05-24,0.0,-0.06698720489100707,0.0,3,41163.0,1683990.0,1798575.94,1757412.94,0.0,0,0.7985759399999999
114585.94,0.0,0.016151667190655195,2024-05-27,0.0,-0.05191749273978363,0.0,3,29050.0,1713040.0,1827625.94,1798575.94,0.0,0,0.8276259399999999
114585.94,0.0,0.0019536273379880953,2024-05-28,0.0,-0.050065292834931885,0.0,3,3570.5,1716610.5,1831196.44,1827625.94,0.0,0,0.83119644
114585.94,0.0,-0.012261382509022312,2024-05-29,0.0,-0.061712805638078905,0.0,3,-22453.0,1694157.5,1808743.44,1831196.44,0.0,0,0.80874344
114585.94,0.0,-0.02660299904114649,2024-05-30,0.0,-0.08667405897000913,0.0,3,-48118.0,1646039.5,1760625.44,1808743.44,0.0,0,0.7606254399999999
114585.94,0.0,-0.000627901866509406,2024-05-31,0.0,-0.08724753803311336,0.0,3,-1105.5,1644934.0,1759519.94,1760625.44,0.0,0,0.7595199399999999
114585.94,0.0,0.0060604598774822716,2024-06-03,0.0,-0.08171583835928986,0.0,3,10663.5,1655597.5,1770183.44,1759519.94,0.0,0,0.77018344
114585.94,0.0,-0.0064188262884212754,2024-06-04,0.0,-0.08761014487627017,0.0,3,-11362.5,1644235.0,1758820.94,1770183.44,0.0,0,0.7588209399999999
114585.94,0.0,0.009333241165527584,2024-06-05,0.0,-0.07909459032141952,0.0,3,16415.5,1660650.5,1775236.44,1758820.94,0.0,0,0.77523644
114585.94,0.0,0.0026216226160837852,2024-06-06,0.0,-0.0766803238721323,0.0,3,4654.0,1665304.5,1779890.44,1775236.44,0.0,0,0.77989044
114585.94,0.0,0.04157109805028214,2024-06-07,0.0,-0.038296911084065854,0.0,3,73992.0,1739296.5,1853882.44,1779890.44,0.0,0,0.85388244
114585.94,0.0,0.016189807591035832,2024-06-11,0.0,-0.022727123114812064,0.0,3,30014.0,1769310.5,1883896.44,1853882.44,0.0,0,0.88389644
114585.94,0.0,0.01055896681879176,2024-06-12,0.0,-0.012408131234876163,0.0,3,19892.0,1789202.5,1903788.44,1883896.44,0.0,0,0.90378844
114585.94,0.0,0.007717506678420527,2024-06-13,0.0,-0.0047863843921274185,0.0,3,14692.5,1803895.0,1918480.94,1903788.44,0.0,0,0.91848094
114585.94,0.0,0.035657377966965775,2024-06-14,0.0,0.0,0.0,3,68408.0,1872303.0,1986888.94,1918480.94,0.0,0,0.98688894
114585.94,0.0,-0.006463370821320313,2024-06-17,0.0,-0.006463370821320313,0.0,3,-12842.0,1859461.0,1974046.94,1986888.94,0.0,0,0.97404694
114585.94,0.0,0.0065411311850567255,2024-06-18,0.0,0.0,0.0,3,12912.5,1872373.5,1986959.44,1974046.94,0.0,0,0.9869594399999999
114585.94,0.0,0.011310497611365378,2024-06-19,0.0,0.0,0.0,3,22473.5,1894847.0,2009432.94,1986959.44,0.0,0,1.00943294
114585.94,0.0,0.04060374366113462,2024-06-20,0.0,0.0,0.0,3,81590.5,1976437.5,2091023.44,2009432.94,0.0,0,1.0910234399999998
114585.94,0.0,-0.0198106339735723,2024-06-21,0.0,-0.0198106339735723,0.0,3,-41424.5,1935013.0,2049598.94,2091023.44,0.0,0,1.04959894
875577.19,6854.0,-0.033576202961931645,2024-06-24,0.0,-0.05272167106840275,5027.25,2,-66991.0,1105204.0,1980781.19,2049598.94,0.0,0,0.9807811899999999
283818.84,3487.0,0.01557903021080298,2024-06-25,0.0,-0.03796399336393852,31279.649999999994,3,3066.0,1727821.0,2011639.84,1980781.19,0.0,0,1.01163984
283818.84,0.0,0.001595464524106971,2024-06-26,0.0,-0.03642909904443725,0.0,3,3209.5,1731030.5,2014849.34,2011639.84,0.0,0,1.01484934
283818.84,0.0,-0.014394029084080273,2024-06-27,6248.0,-0.0502987666173651,0.0,3,-35249.80000000005,1695780.7,1985847.54,2014849.34,6248.0,0,0.98584754
283818.84,0.0,0.006906371070157791,2024-06-28,0.0,-0.04373977749383806,0.0,3,13715.0,1709495.7,1999562.54,1985847.54,6248.0,0,0.9995625400000001
853953.34,5134.0,0.002647979192488714,2024-07-01,0.0,-0.041207620322037175,-31568.5,2,41997.30000000005,1144656.0,2004857.3399999999,1999562.54,6248.0,0,1.00485734
404334.59,2649.0,-0.011297487131927242,2024-07-02,0.0,-0.05203956489363881,-4919.75,3,-15081.100000000093,1571624.9,1982207.49,2004857.3399999999,6248.0,0,0.98220749
404334.59,0.0,0.03311525172372343,2024-07-03,0.0,-0.02064761646096125,0.0,3,65641.30000000005,1637266.2,2047848.79,1982207.49,6248.0,0,1.0478487900000002
404334.59,0.0,0.04088793098830301,2024-07-04,0.0,0.0,0.0,3,83732.30000000005,1720998.5,2131581.09,2047848.79,6248.0,0,1.13158109
404334.59,0.0,0.04688805904165738,2024-07-05,0.0,0.0,0.0,3,99945.69999999995,1820944.2,2231526.79,2131581.09,6248.0,0,1.2315267900000002
404334.59,0.0,-0.037642658101362136,2024-07-08,0.0,-0.037642658101362136,0.0,3,-84000.59999999986,1736943.6,2147526.19,2231526.79,6248.0,0,1.1475261899999998
404334.59,0.0,0.013972122966286138,2024-07-09,0.0,-0.024196482982846046,0.0,3,30005.5,1766949.1,2177531.69,2147526.19,6248.0,0,1.17753169
404334.59,0.0,0.015206621401684384,2024-07-10,0.0,-0.009357808337134177,0.0,3,33112.89999999991,1800062.0,2210644.59,2177531.69,6248.0,0,1.2106445899999998
404334.59,0.0,0.024603728815584924,2024-07-11,0.0,0.0,0.0,3,54390.10000000009,1854452.1,2265034.69,2210644.59,6248.0,0,1.2650346899999998
404334.59,0.0,-0.008333117405808887,2024-07-12,0.0,-0.008333117405808887,0.0,3,-18874.800000000047,1835577.3,2246159.89,2265034.69,6248.0,0,1.24615989
404334.59,0.0,-0.007161734154196964,2024-07-15,0.0,-0.015435171988469665,0.0,3,-16086.40000000014,1819490.9,2230073.4899999998,2246159.89,6248.0,0,1.2300734899999997
404334.59,0.0,0.022428364008757473,2024-07-16,0.0,0.0,0.0,3,50016.90000000014,1869507.8,2280090.39,2230073.4899999998,6248.0,0,1.2800903900000002
999474.59,5360.0,0.0145747292062397,2024-07-17,0.0,0.0,15499.99999999997,2,23091.699999999953,1307599.5,2313322.09,2280090.39,6248.0,0,1.3133220899999998
312651.59,4047.0,0.001078578729172941,2024-07-18,10776.0,0.0,-23544.0,3,19310.100000000093,1986141.6,2315817.19,2313322.09,17024.0,0,1.3158171899999997
312651.59,0.0,-0.04160328389306067,2024-07-19,0.0,-0.04160328389306067,0.0,3,-96345.6000000001,1889796.0,2219471.59,2315817.19,17024.0,0,1.21947159
312651.59,0.0,-0.04715568357421496,2024-07-22,0.0,-0.0867971361763662,0.0,3,-104660.69999999995,1785135.3,2114810.89,2219471.59,17024.0,0,1.1148108900000002
312651.59,0.0,-0.02515955457369523,2024-07-23,0.0,-0.1097729134655917,0.0,3,-53207.69999999995,1731927.6,2061603.1900000002,2114810.89,17024.0,0,1.06160319
318899.59,0.0,-0.00788153611655995,2024-07-26,0.0,-0.1167892704000526,0.0,3,-16248.600000000093,1715679.0,2045354.59,2061603.1900000002,10776.0,0,1.04535459
318899.59,0.0,-0.05036823468345408,2024-07-29,0.0,-0.16127503570348733,0.0,3,-103020.8999999999,1612658.1,1942333.6900000002,2045354.59,10776.0,0,0.9423336900000001
862406.59,4893.0,0.034701503838920456,2024-07-30,0.0,-0.1321700181351535,-14040.0,2,86334.8999999999,1136553.0,2009735.5899999999,1942333.6900000002,10776.0,0,1.00973559
233306.84,3706.0,-0.017104961553673692,2024-07-31,0.0,-0.14701421661007696,-39412.75,3,8742.300000000047,1731276.3,1975359.1400000001,2009735.5899999999,10776.0,0,0.9753591400000001
233306.84,0.0,0.034428017985630666,2024-08-01,0.0,-0.11764760671804142,0.0,3,68007.69999999995,1799284.0,2043366.84,1975359.1400000001,10776.0,0,1.04336684
233306.84,0.0,-0.02969848527051555,2024-08-02,0.0,-0.14385213627332982,0.0,3,-60684.89999999991,1738599.1,1982681.9400000002,2043366.84,10776.0,0,0.9826819400000002
233306.84,0.0,-0.08570169353537371,2024-08-05,0.0,-0.21722545811139782,0.0,3,-169919.2000000002,1568679.9,1812762.74,1982681.9400000002,10776.0,0,0.8127627399999999
721669.84,4397.0,-0.047831300857386405,2024-08-06,0.0,-0.25466658272797427,-15605.599999999962,3,-66704.19999999995,993610.1,1726055.94,1812762.74,10776.0,0,0.72605594
681736.49,5586.0,-0.00010860018824188078,2024-08-07,0.0,-0.25474752607739304,-4354.05,3,9752.599999999977,1033356.0,1725868.49,1726055.94,10776.0,0,0.7258684900000001
750526.74,620.0,-0.005337747373787449,2024-08-08,0.0,-0.25872549551288193,-887.25,3,-7705.0,955353.5,1716656.24,1725868.49,10776.0,0,0.71665624
831339.74,727.0,-0.022037609579888873,2024-08-09,0.0,-0.2750614136342947,1812.0,2,-38916.0,836709.5,1678825.24,1716656.24,10776.0,0,0.6788252399999999
345539.74,2862.0,0.003925066077753225,2024-08-12,0.0,-0.2722159817804962,-29933.0,3,39384.5,1329099.0,1685414.74,1678825.24,10776.0,0,0.6854147399999999
345539.74,0.0,0.020476859007415582,2024-08-13,0.0,-0.2573132510515651,0.0,3,34512.0,1363611.0,1719926.74,1685414.74,10776.0,0,0.71992674
345539.74,0.0,0.043051542997697645,2024-08-14,0.0,-0.22533944054539123,0.0,3,74045.5,1437656.5,1793972.24,1719926.74,10776.0,0,0.79397224
345539.74,0.0,0.005167025326991759,2024-08-15,0.0,-0.22133674981486773,0.0,3,9269.5,1446926.0,1803241.74,1793972.24,10776.0,0,0.80324174
356315.74,0.0,0.010903696140041719,2024-08-16,0.0,-0.21284644233943184,0.0,3,19662.0,1466588.0,1822903.74,1803241.74,0.0,0,0.8229037399999999
356315.74,0.0,0.006740893515309709,2024-08-19,0.0,-0.2075403240270446,0.0,3,12288.0,1478876.0,1835191.74,1822903.74,0.0,0,0.83519174
356315.74,0.0,0.02012351036409954,2024-08-20,0.0,-0.19159325352447187,0.0,3,36930.5,1515806.5,1872122.24,1835191.74,0.0,0,0.8721222399999999
356315.74,0.0,-0.027277866214548085,2024-08-21,0.0,-0.21364486460176935,0.0,3,-51067.5,1464739.0,1821054.74,1872122.24,0.0,0,0.8210547399999999
356315.74,0.0,-0.01634464870616681,2024-08-22,0.0,-0.22649756304814372,0.0,3,-29764.5,1434974.5,1791290.24,1821054.74,0.0,0,0.7912902399999999
356315.74,0.0,0.02133713406488491,2024-08-23,0.0,-0.20999323785138668,0.0,3,38221.0,1473195.5,1829511.24,1791290.24,0.0,0,0.82951124
356315.74,0.0,-0.004778052087835216,2024-08-26,0.0,-0.21376793131067484,0.0,3,-8741.5,1464454.0,1820769.74,1829511.24,0.0,0,0.82076974
356315.74,0.0,0.040387863651556444,2024-08-27,0.0,-0.18201369772196918,0.0,3,73537.0,1537991.0,1894306.74,1820769.74,0.0,0,0.89430674
356315.74,0.0,-0.013522625168931213,2024-08-28,0.0,-0.19307501988099496,0.0,3,-25616.0,1512375.0,1868690.74,1894306.74,0.0,0,0.8686907399999999
356315.74,0.0,-0.014257575868332317,2024-08-29,0.0,-0.20457981400509428,0.0,3,-26643.0,1485732.0,1842047.74,1868690.74,0.0,0,0.8420477399999999
356315.74,0.0,-0.032317023444788706,2024-08-30,0.0,-0.23028542680434982,0.0,3,-59529.5,1426202.5,1782518.24,1842047.74,0.0,0,0.7825182399999999
356315.74,0.0,-0.010205786169122155,2024-09-02,0.0,-0.23814096914964167,0.0,3,-18192.0,1408010.5,1764326.24,1782518.24,0.0,0,0.7643262399999999
356315.74,0.0,0.009070034575918262,2024-09-03,0.0,-0.2312308813978533,0.0,3,16002.5,1424013.0,1780328.74,1764326.24,0.0,0,0.7803287400000001
356315.74,0.0,0.009681638909002865,2024-09-04,0.0,-0.223787936387155,0.0,3,17236.5,1441249.5,1797565.24,1780328.74,0.0,0,0.79756524
356315.74,0.0,-0.021871528846430066,2024-09-05,0.0,-0.24076488092741033,0.0,3,-39315.5,1401934.0,1758249.74,1797565.24,0.0,0,0.7582497399999999
356315.74,0.0,-0.0071212864220301375,2024-09-06,0.0,-0.24617161167199042,0.0,3,-12521.0,1389413.0,1745728.74,1758249.74,0.0,0,0.7457287399999999
356315.74,0.0,0.009105939333965418,2024-09-09,0.0,-0.2393072960996545,0.0,3,15896.5,1405309.5,1761625.24,1745728.74,0.0,0,0.7616252400000001
356315.74,0.0,-0.018187466478398084,2024-09-10,0.0,-0.2531423691522041,0.0,3,-32039.5,1373270.0,1729585.74,1761625.24,0.0,0,0.7295857400000001
356315.74,0.0,-0.006783416241625595,2024-09-11,0.0,-0.258208615335479,0.0,3,-11732.5,1361537.5,1717853.24,1729585.74,0.0,0,0.71785324
356315.74,0.0,0.02253597635616411,2024-09-12,0.0,-0.24149162222947307,0.0,3,38713.5,1400251.0,1756566.74,1717853.24,0.0,0,0.75656674
356315.74,0.0,-0.007932804192797183,2024-09-13,0.0,-0.24750872066892293,0.0,3,-13934.5,1386316.5,1742632.24,1756566.74,0.0,0,0.74263224
356315.74,0.0,0.00707521628315555,2024-09-16,0.0,-0.24218468211646704,0.0,3,12329.5,1398646.0,1754961.74,1742632.24,0.0,0,0.7549617399999999
356315.74,0.0,-0.0015399196110109648,2024-09-18,0.0,-0.24335165678600046,0.0,3,-2702.5,1395943.5,1752259.24,1754961.74,0.0,0,0.7522592399999999
356315.74,0.0,0.018465874946677507,2024-09-19,0.0,-0.22937948310160006,0.0,3,32357.0,1428300.5,1784616.24,1752259.24,0.0,0,0.7846162400000001
356315.74,0.0,-0.007356763715206327,2024-09-20,0.0,-0.23504875615851184,0.0,3,-13129.0,1415171.5,1771487.24,1784616.24,0.0,0,0.7714872399999999
356315.74,0.0,-0.005498204999771827,2024-09-23,0.0,-0.23925461491198274,0.0,3,-9740.0,1405431.5,1761747.24,1771487.24,0.0,0,0.76174724
356315.74,0.0,-0.002336033175792007,2024-09-24,0.0,-0.24103174136987904,0.0,3,-4115.5,1401316.0,1757631.74,1761747.24,0.0,0,0.7576317399999999
356315.74,0.0,0.012983095082249818,2024-09-25,0.0,-0.23117798430367464,0.0,3,22819.5,1424135.5,1780451.24,1757631.74,0.0,0,0.7804512400000001
356315.74,0.0,0.006016452323625465,2024-09-26,0.0,-0.226552403300884,0.0,3,10712.0,1434847.5,1791163.24,1780451.24,0.0,0,0.7911632399999999
356315.74,0.0,-0.010858027658048663,2024-09-27,0.0,-0.2349505186978943,0.0,3,-19448.5,1415399.0,1771714.74,1791163.24,0.0,0,0.77171474
356315.74,0.0,-0.004166020541207405,2024-09-30,0.0,-0.2381377305520389,0.0,3,-7381.0,1408018.0,1764333.74,1771714.74,0.0,0,0.7643337400000001
356315.74,0.0,0.00012979403771984366,2024-10-01,0.0,-0.2380388453719009,0.0,3,229.0,1408247.0,1764562.74,1764333.74,0.0,0,0.7645627399999999
790964.24,3914.0,-0.017454465801538976,2024-10-04,0.0,-0.25133847028745826,3557.5,3,-30443.0,942799.0,1733763.24,1764562.74,0.0,0,0.73376324
295447.74,3243.0,-0.01041232135017467,2024-10-07,0.0,-0.25913377471733856,-8359.5,3,-6450.0,1420263.0,1715710.74,1733763.24,0.0,0,0.71571074
295447.74,0.0,0.01106217939744325,2024-10-08,0.0,-0.2509381796237552,0.0,3,18979.5,1439242.5,1734690.24,1715710.74,0.0,0,0.7346902399999999
295447.74,0.0,-0.01602505125064868,2024-10-09,0.0,-0.2629419336851887,0.0,3,-27798.5,1411444.0,1706891.74,1734690.24,0.0,0,0.7068917400000001
295447.74,0.0,-0.007848183740112313,2024-10-11,0.0,-0.2687265008167592,0.0,3,-13396.0,1398048.0,1693495.74,1706891.74,0.0,0,0.6934957399999999
295447.74,0.0,0.036410484268475374,2024-10-14,0.0,-0.2421004785787949,0.0,3,61661.0,1459709.0,1755156.74,1693495.74,0.0,0,0.7551567399999999
295447.74,0.0,-0.03309163146306804,2024-10-15,0.0,-0.2671806102277011,0.0,3,-58081.0,1401628.0,1697075.74,1755156.74,0.0,0,0.69707574
295447.74,0.0,0.024183069165787607,2024-10-16,0.0,-0.2494587882388074,0.0,3,41040.5,1442668.5,1738116.24,1697075.74,0.0,0,0.7381162400000001
295447.74,0.0,0.0024391349107928395,2024-10-17,0.0,-0.24762811696721188,0.0,3,4239.5,1446908.0,1742355.74,1738116.24,0.0,0,0.74235574
295447.74,0.0,0.005097983033017117,2024-10-18,0.0,-0.2437925378729916,0.0,3,8882.5,1455790.5,1751238.24,1742355.74,0.0,0,0.75123824
295447.74,0.0,0.003004445585884419,2024-10-21,0.0,-0.24152055370139125,0.0,3,5261.5,1461052.0,1756499.74,1751238.24,0.0,0,0.75649974
295447.74,0.0,0.009982352744327683,2024-10-22,0.0,-0.23394914431911618,0.0,3,17534.0,1478586.0,1774033.74,1756499.74,0.0,0,0.7740337399999999
295447.74,0.0,-0.0051664744549897446,2024-10-23,0.0,-0.23790692649621448,0.0,3,-9165.5,1469420.5,1764868.24,1774033.74,0.0,0,0.76486824
295447.74,0.0,-0.022016657742109924,2024-10-24,0.0,-0.25468566886318,0.0,3,-38856.5,1430564.0,1726011.74,1764868.24,0.0,0,0.7260117399999999
295447.74,0.0,0.004965203770861848,2024-10-25,0.0,-0.250985031335742,0.0,3,8570.0,1439134.0,1734581.74,1726011.74,0.0,0,0.7345817400000001
295447.74,0.0,-0.038735562845254035,2024-10-28,0.0,-0.27999854772647226,0.0,3,-67190.0,1371944.0,1667391.74,1734581.74,0.0,0,0.66739174
295447.74,0.0,0.007263739953515591,2024-10-29,0.0,-0.2747686444110038,0.0,3,12111.5,1384055.5,1679503.24,1667391.74,0.0,0,0.6795032400000001
295447.74,0.0,-0.003799337713692008,2024-10-30,0.0,-0.2775240432514451,0.0,3,-6381.0,1377674.5,1673122.24,1679503.24,0.0,0,0.6731222400000001
295447.74,0.0,0.0032140508753264463,2024-11-01,0.0,-0.27520196877025516,0.0,3,5377.5,1383052.0,1678499.74,1673122.24,0.0,0,0.6784997399999999
295447.74,0.0,-0.0015442361641354596,2024-11-04,0.0,-0.2763212281017743,0.0,3,-2592.0,1380460.0,1675907.74,1678499.74,0.0,0,0.67590774
295447.74,0.0,0.03940998565947318,2024-11-05,0.0,-0.24780105807920005,0.0,3,66047.5,1446507.5,1741955.24,1675907.74,0.0,0,0.74195524
295447.74,0.0,-0.0004526522736599814,2024-11-06,0.0,-0.24814154264050525,0.0,3,-788.5,1445719.0,1741166.74,1741955.24,0.0,0,0.7411667399999999
295447.74,0.0,0.0076431508219596545,2024-11-07,0.0,-0.24239497505414065,0.0,3,13308.0,1459027.0,1754474.74,1741166.74,0.0,0,0.75447474
295447.74,0.0,-0.005895781662835442,2024-11-08,0.0,-0.24686164886788842,0.0,3,-10344.0,1448683.0,1744130.74,1754474.74,0.0,0,0.7441307399999999
659423.74,3278.0,0.004042128172111692,2024-11-11,0.0,-0.24381736712127955,598.0,3,9730.0,1091757.0,1751180.74,1744130.74,0.0,0,0.7511807399999999
159566.49,3246.0,-0.012343814379776719,2024-11-12,0.0,-0.2531515451787453,5517.75,3,-23888.0,1569998.0,1729564.49,1751180.74,0.0,0,0.72956449
159566.49,0.0,-0.04485290976342837,2024-11-13,0.0,-0.2866498715297989,0.0,3,-77576.0,1492422.0,1651988.49,1729564.49,0.0,0,0.6519884899999999
559093.49,3598.0,-0.013224668411581986,2024-11-14,0.0,-0.2960836904401768,4687.5,3,-22936.5,1071048.0,1630141.49,1651988.49,0.0,0,0.63014149
93284.69,2911.0,-0.020658942924028034,2024-11-15,0.0,-0.31062585730266556,-13606.999999999984,4,-17159.0,1503179.8,1596464.49,1630141.49,0.0,0,0.59646449
101535.19,82.0,-0.05364954907327757,2024-11-18,0.0,-0.3476104692011549,82.5,4,-85650.1000000001,1409279.7,1510814.89,1596464.49,0.0,0,0.5108148899999998
570595.44,4237.0,0.06598985134439594,2024-11-19,0.0,-0.30455938104509883,-8521.75,3,112457.19999999995,1039917.9,1610513.3399999999,1510814.89,0.0,0,0.6105133399999998
126287.94,2733.0,0.014921950289464858,2024-11-20,0.0,-0.2941820506997792,-4153.999999999983,4,30918.999999999884,1508257.4,1634545.3399999999,1610513.3399999999,0.0,0,0.6345453399999998
132432.69,66.0,0.04357673553429864,2024-11-21,0.0,-0.2634248085877625,85.75,4,71208.40000000014,1573340.8,1705773.49,1634545.3399999999,0.0,0,0.7057734899999999
136807.19,53.0,0.0021428401962091392,2024-11-22,0.0,-0.26184644566007387,17.5,4,3690.6999999999534,1572621.5,1709428.69,1705773.49,0.0,0,0.70942869
142377.19,62.0,0.010565401239404748,2024-11-25,0.0,-0.25404755718217986,-110.0,4,18232.800000000047,1585112.3,1727489.49,1709428.69,0.0,0,0.72748949
168525.19,236.0,-0.03347846706725832,2024-11-26,0.0,-0.2790209014727971,291.0,3,-57888.69999999995,1501130.6,1669655.79,1727489.49,0.0,0,0.66965579
168525.19,0.0,-0.006852610022093253,2024-11-27,0.0,-0.28396149006908444,0.0,3,-11441.5,1489689.1,1658214.29,1669655.79,0.0,0,0.6582142900000001
168525.19,0.0,-0.014472315275970815,2024-11-28,0.0,-0.29432422513454104,0.0,3,-23998.200000000186,1465690.9,1634216.0899999999,1658214.29,0.0,0,0.6342160899999998
168525.19,0.0,0.020236063151232386,2024-11-29,0.0,-0.28004412559006875,0.0,3,33070.10000000009,1498761.0,1667286.19,1634216.0899999999,0.0,0,0.66728619
168525.19,0.0,0.007604873162177395,2024-12-02,0.0,-0.27456895248281665,0.0,3,12679.5,1511440.5,1679965.69,1667286.19,0.0,0,0.67996569
168525.19,0.0,0.03221166975142209,2024-12-03,0.0,-0.25120160715276496,0.0,3,54114.5,1565555.0,1734080.19,1679965.69,0.0,0,0.73408019
168525.19,0.0,0.009811772314866296,2024-12-04,0.0,-0.2438545678124101,0.0,3,17014.399999999907,1582569.4,1751094.5899999999,1734080.19,0.0,0,0.7510945899999999
168525.19,0.0,0.008155984309220043,2024-12-05,0.0,-0.2376874575319997,0.0,3,14281.90000000014,1596851.3,1765376.49,1751094.5899999999,0.0,0,0.76537649
168525.19,0.0,-0.011927370801227855,2024-12-06,0.0,-0.2467798418924423,0.0,3,-21056.300000000047,1575795.0,1744320.19,1765376.49,0.0,0,0.74432019
168525.19,0.0,-0.015491421904598845,2024-12-09,0.0,-0.2584482931487351,0.0,3,-27022.0,1548773.0,1717298.19,1744320.19,0.0,0,0.71729819
168525.19,0.0,-0.013326980796503296,2024-12-10,0.0,-0.2683309385055562,0.0,3,-22886.399999999907,1525886.6,1694411.79,1717298.19,0.0,0,0.69441179
168525.19,0.0,-0.010054757704442197,2024-12-11,0.0,-0.27568769363871937,0.0,3,-17036.90000000014,1508849.7,1677374.89,1694411.79,0.0,0,0.6773748899999998
168525.19,0.0,0.027542024311571822,2024-12-12,0.0,-0.25573866648774635,0.0,3,46198.30000000005,1555048.0,1723573.19,1677374.89,0.0,0,0.72357319
168525.19,0.0,-0.03135903964716469,2024-12-13,0.0,-0.27907798715320875,0.0,3,-54049.60000000009,1500998.4,1669523.5899999999,1723573.19,0.0,0,0.6695235899999998
168525.19,0.0,-0.005496657881905009,2024-12-16,0.0,-0.2830406488173619,0.0,3,-9176.799999999814,1491821.6,1660346.79,1669523.5899999999,0.0,0,0.66034679
168525.19,0.0,-0.013678407509072343,2024-12-17,0.0,-0.29284751099027817,0.0,3,-22710.90000000014,1469110.7,1637635.89,1660346.79,0.0,0,0.6376358899999999
168525.19,0.0,-0.013154083964293295,2024-12-18,0.0,-0.30214945420627104,0.0,3,-21541.600000000093,1447569.0999999999,1616094.2899999998,1637635.89,0.0,0,0.6160942899999997
168525.19,0.0,-0.004974647859191439,2024-12-19,0.0,-0.3056210149299393,0.0,3,-8039.5,1439529.5999999999,1608054.7899999998,1616094.2899999998,0.0,0,0.6080547899999997
168525.19,0.0,-0.02191809645988474,2024-12-20,0.0,-0.3208404805044218,0.0,3,-35245.49999999977,1404284.1,1572809.29,1608054.7899999998,0.0,0,0.5728092900000001
168525.19,0.0,0.009721649088173967,2024-12-23,0.0,-0.314237929980993,0.0,3,15290.300000000047,1419574.4000000001,1588099.59,1572809.29,0.0,0,0.5880995900000001
168525.19,0.0,-0.013692655131281928,2024-12-24,0.0,-0.32362783350787727,0.0,3,-21745.30000000028,1397829.0999999999,1566354.2899999998,1588099.59,0.0,0,0.5663542899999998
168525.19,0.0,0.01912830334189608,2024-12-25,0.0,-0.31068998153520055,0.0,3,29961.700000000186,1427790.8,1596315.99,1566354.2899999998,0.0,0,0.5963159899999999
168525.19,0.0,-0.0009884634432560935,2024-12-26,0.0,-0.3113713392895232,0.0,3,-1577.9000000001397,1426212.9,1594738.0899999999,1596315.99,0.0,0,0.5947380899999999
168525.19,0.0,0.007933967388964902,2024-12-27,0.0,-0.3059077819523397,0.0,3,12652.600000000093,1438865.5,1607390.69,1594738.0899999999,0.0,0,0.6073906899999999
168525.19,0.0,-0.0006761890601718612,2024-12-30,0.0,-0.3063771195169339,0.0,3,-1086.9000000001397,1437778.5999999999,1606303.7899999998,1607390.69,0.0,0,0.6063037899999999
168525.19,0.0,-0.0011842716252321583,2024-12-31,0.0,-0.3071985574129018,0.0,3,-1902.2999999998137,1435876.3,1604401.49,1606303.7899999998,0.0,0,0.6044014900000001
