cash_after,cash_change,channel,date,event_id,kind,stock_id,action_id
641607.19,320613.0,board,2024-01-16,2023-10-g011-2023-10-17-3491,sell,3491,
649922.19,8315.0,odd,2024-01-16,2023-10-g011-2023-10-17-3491,sell,3491,
665755.19,15833.0,odd,2024-01-17,2023-10-g011-2023-10-17-3491,sell,3491,
224170.69,-441584.5,odd,2024-01-17,relaxed-2024-01-16-6643,buy,6643,
234954.69,10784.0,odd,2024-01-18,2023-10-g011-2023-10-17-3491,sell,3491,
732969.69,498015.0,board,2024-03-20,2023-12-g007-2023-12-08-2458,sell,2458,
779589.69,46620.0,odd,2024-03-20,2023-12-g007-2023-12-08-2458,sell,2458,
351065.69,-428524.0,board,2024-03-21,relaxed-2024-03-20-2317,buy,2317,
250469.94,-100595.75,odd,2024-03-21,relaxed-2024-03-20-2317,buy,2317,
671611.94,421142.0,odd,2024-03-27,2023-12-g003-2023-12-15-6472,sell,6472,
735082.94,63471.0,odd,2024-03-28,2023-12-g003-2023-12-15-6472,sell,6472,
417210.94,-317872.0,board,2024-03-28,relaxed-2024-03-27-3583,buy,3583,
238990.44,-178220.5,odd,2024-03-28,relaxed-2024-03-27-3583,buy,3583,
630625.94,391635.5,odd,2024-04-16,relaxed-2024-01-16-6643,sell,6643,
114585.94,-516040.0,board,2024-04-17,relaxed-2024-04-16-1618,buy,1618,
731529.94,616944.0,board,2024-06-24,relaxed-2024-03-20-2317,sell,2317,
875577.19,144047.25,odd,2024-06-24,relaxed-2024-03-20-2317,sell,2317,
348472.19,-527105.0,board,2024-06-25,relaxed-2024-06-24-1785,buy,1785,
283818.84,-64653.35,odd,2024-06-25,relaxed-2024-06-24-1785,buy,1785,
648286.84,364468.0,board,2024-07-01,relaxed-2024-03-27-3583,sell,3583,
853953.34,205666.5,odd,2024-07-01,relaxed-2024-03-27-3583,sell,3583,
499112.34,-354841.0,board,2024-07-02,relaxed-2024-07-01-6442,buy,6442,
404334.59,-94777.75,odd,2024-07-02,relaxed-2024-07-01-6442,buy,6442,
999474.59,595140.0,board,2024-07-17,relaxed-2024-04-16-1618,sell,1618,
343107.59,-656367.0,board,2024-07-18,relaxed-2024-07-17-3013,buy,3013,
312651.59,-30456.0,odd,2024-07-18,relaxed-2024-07-17-3013,buy,3013,
318899.59,6248.0,,2024-07-26,,dividend_payment,3583,3583-cash-2024-06-27
837975.59,519076.0,board,2024-07-30,relaxed-2024-07-17-3013,sell,3013,
862406.59,24431.0,odd,2024-07-30,relaxed-2024-07-17-3013,sell,3013,
545288.59,-317118.0,board,2024-07-31,relaxed-2024-07-30-2348,buy,2348,
233306.84,-311981.75,odd,2024-07-31,relaxed-2024-07-30-2348,buy,2348,
674136.84,440830.0,board,2024-08-06,relaxed-2024-06-24-1785,sell,1785,
721669.84,47533.0,odd,2024-08-06,relaxed-2024-06-24-1785,sell,1785,
727962.99,6293.15,odd,2024-08-07,relaxed-2024-06-24-1785,sell,1785,
978456.99,250494.0,board,2024-08-07,relaxed-2024-07-30-2348,sell,2348,
1079928.49,101471.5,odd,2024-08-07,relaxed-2024-07-30-2348,sell,2348,
800028.49,-279900.0,board,2024-08-07,relaxed-2024-08-06-2912,buy,2912,
681736.49,-118292.0,odd,2024-08-07,relaxed-2024-08-06-2912,buy,2912,
750526.74,68790.25,odd,2024-08-08,relaxed-2024-07-30-2348,sell,2348,
831339.74,80813.0,odd,2024-08-09,relaxed-2024-07-30-2348,sell,2348,
437519.74,-393820.0,board,2024-08-12,relaxed-2024-08-09-8374,buy,8374,
345539.74,-91980.0,odd,2024-08-12,relaxed-2024-08-09-8374,buy,8374,
356315.74,10776.0,,2024-08-16,,dividend_payment,1785,1785-cash-2024-07-18
717314.74,360999.0,board,2024-10-04,relaxed-2024-07-01-6442,sell,6442,
790964.24,73649.5,odd,2024-10-04,relaxed-2024-07-01-6442,sell,6442,
812649.74,21685.5,odd,2024-10-07,relaxed-2024-07-01-6442,sell,6442,
465353.74,-347296.0,board,2024-10-07,relaxed-2024-10-04-3081,buy,3081,
295447.74,-169906.0,odd,2024-10-07,relaxed-2024-10-04-3081,buy,3081,
565267.74,269820.0,board,2024-11-11,relaxed-2024-08-06-2912,sell,2912,
659423.74,94156.0,odd,2024-11-11,relaxed-2024-08-06-2912,sell,2912,
679622.99,20199.25,odd,2024-11-12,relaxed-2024-08-06-2912,sell,2912,
174899.99,-504723.0,board,2024-11-12,relaxed-2024-11-11-3013,buy,3013,
159566.49,-15333.5,odd,2024-11-12,relaxed-2024-11-11-3013,buy,3013,
543112.49,383546.0,board,2024-11-14,relaxed-2024-08-09-8374,sell,8374,
559093.49,15981.0,odd,2024-11-14,relaxed-2024-08-09-8374,sell,8374,
569974.49,10881.0,odd,2024-11-15,relaxed-2024-08-09-8374,sell,8374,
144769.49,-425205.0,board,2024-11-15,relaxed-2024-11-14-3706,buy,3706,
93284.69,-51484.8,odd,2024-11-15,relaxed-2024-11-14-3706,buy,3706,
101535.19,8250.5,odd,2024-11-18,relaxed-2024-08-09-8374,sell,8374,
107164.69,5629.5,odd,2024-11-19,relaxed-2024-08-09-8374,sell,8374,
556864.69,449700.0,board,2024-11-19,relaxed-2024-11-11-3013,sell,3013,
570595.44,13730.75,odd,2024-11-19,relaxed-2024-11-11-3013,sell,3013,
577620.44,7025.0,odd,2024-11-20,relaxed-2024-08-09-8374,sell,8374,
141551.44,-436069.0,board,2024-11-20,relaxed-2024-11-19-9904,buy,9904,
126287.94,-15263.5,odd,2024-11-20,relaxed-2024-11-19-9904,buy,9904,
132432.69,6144.75,odd,2024-11-21,relaxed-2024-08-09-8374,sell,8374,
136807.19,4374.5,odd,2024-11-22,relaxed-2024-08-09-8374,sell,8374,
142377.19,5570.0,odd,2024-11-25,relaxed-2024-08-09-8374,sell,8374,
168525.19,26148.0,odd,2024-11-26,relaxed-2024-08-09-8374,sell,8374,
