capacity_qty,channel,date,event_id,execution_evidence,expires_at,failure,filled_qty,limit_price,name,order_time,participation_limit,prior_avg_amount20,prior_avg_volume20,reason,reference_price,requested_qty,side,signal_date,source_high,source_low,source_volume,stock_id
3000.0,board,2024-01-02,2023-10-g011-2023-10-17-3491,daily_high_low_midpoint_proxy,13:30:00,,2000,146.5,昇達科,08:59:00,0.01,164942682.75,998546.35,stagnant20,162.25,2000,sell,2023-12-29,163.5,161.0,346628.0,3491
45.0,odd,2024-01-02,2023-10-g011-2023-10-17-3491,daily_high_low_midpoint_proxy,13:30:00,partial_midpoint_daily_capacity,45,146.5,昇達科,09:00:00,0.01,164942682.75,998546.35,stagnant20,162.25,222,sell,2023-12-29,163.0,161.5,4520.0,3491
177.0,odd,2024-01-03,2023-10-g011-2023-10-17-3491,daily_high_low_midpoint_proxy,13:30:00,,177,145.0,昇達科,09:00:00,0.01,155429823.65,941762.0,stagnant20,158.75,177,sell,2023-12-29,160.5,157.0,17758.0,3491
15000.0,board,2024-01-04,2024-01-g008-2024-01-03-5236,daily_high_low_midpoint_proxy,13:30:00,,2000,233.5,凌陽創新,08:59:00,0.01,284645347.65,1522170.1,leader_entry,206.75,2000,buy,2024-01-03,214.0,199.5,2289433.0,5236
150.0,odd,2024-01-04,2024-01-g008-2024-01-03-5236,daily_high_low_midpoint_proxy,13:30:00,partial_midpoint_daily_capacity,150,233.5,凌陽創新,09:00:00,0.01,284645347.65,1522170.1,leader_entry,206.0,386,buy,2024-01-03,212.5,199.5,15070.0,5236
23000.0,board,2024-01-09,2023-12-g007-2023-12-08-2458,daily_high_low_midpoint_proxy,13:30:00,,3000,138.5,義隆,08:59:00,0.01,430816031.75,2703091.8,stagnant20,153.25,3000,sell,2024-01-08,156.0,150.5,2372446.0,2458
185.0,odd,2024-01-09,2023-12-g007-2023-12-08-2458,daily_high_low_midpoint_proxy,13:30:00,partial_midpoint_daily_capacity,185,138.5,義隆,09:00:00,0.01,430816031.75,2703091.8,stagnant20,153.5,280,sell,2024-01-08,156.0,151.0,18578.0,2458
12000.0,board,2024-01-09,2024-01-g008-2024-01-03-5236,daily_high_low_midpoint_proxy,13:30:00,,2000,156.5,凌陽創新,08:59:00,0.01,297890314.725,1577730.45,loss12,180.75,2000,sell,2024-01-08,183.5,178.0,1294386.0,5236
158.0,odd,2024-01-09,2024-01-g008-2024-01-03-5236,daily_high_low_midpoint_proxy,13:30:00,,150,156.5,凌陽創新,09:00:00,0.01,297890314.725,1577730.45,loss12,180.75,150,sell,2024-01-08,183.5,178.0,15836.0,5236
314.0,odd,2024-01-10,2023-12-g007-2023-12-08-2458,daily_high_low_midpoint_proxy,13:30:00,,95,139.5,義隆,09:00:00,0.01,429149093.65,2694363.25,stagnant20,157.5,95,sell,2024-01-08,159.5,155.5,31480.0,2458
33000.0,board,2024-01-10,2024-01-g012-2024-01-09-6187,daily_high_low_midpoint_proxy,13:30:00,,3000,163.5,萬潤,08:59:00,0.01,472774632.225,3349332.85,leader_entry,149.0,3000,buy,2024-01-09,152.0,146.0,6024485.0,6187
297.0,odd,2024-01-10,2024-01-g012-2024-01-09-6187,daily_high_low_midpoint_proxy,13:30:00,,247,163.5,萬潤,09:00:00,0.01,472774632.225,3349332.85,leader_entry,149.5,247,buy,2024-01-09,152.0,147.0,29755.0,6187
,event,2024-01-11,2024-01-g012-2024-01-09-6187-renew-2024-01-10,,,overlapping_member,0,,萬潤,,,,,leader_entry,,0,buy,2024-01-10,,,,6187
,event,2024-01-12,2024-01-g012-2024-01-09-6187-renew-2024-01-11,,,overlapping_member,0,,萬潤,,,,,leader_entry,,0,buy,2024-01-11,,,,6187
,event,2024-01-15,2024-01-g012-2024-01-09-6187-renew-2024-01-12,,,overlapping_member,0,,萬潤,,,,,leader_entry,,0,buy,2024-01-12,,,,6187
,event,2024-01-16,2024-01-g012-2024-01-09-6187-renew-2024-01-15,,,overlapping_member,0,,萬潤,,,,,leader_entry,,0,buy,2024-01-15,,,,6187
63000.0,board,2024-01-16,2024-01-g003-2024-01-15-1795,daily_high_low_midpoint_proxy,13:30:00,,1000,326.0,美時,08:59:00,0.01,1788274335.4,6396764.95,leader_entry,298.25,1000,buy,2024-01-15,303.0,293.5,13264688.0,1795
1215.0,odd,2024-01-16,2024-01-g003-2024-01-15-1795,daily_high_low_midpoint_proxy,13:30:00,,681,326.0,美時,09:00:00,0.01,1788274335.4,6396764.95,leader_entry,297.75,681,buy,2024-01-15,302.0,293.5,121507.0,1795
,event,2024-01-17,2024-01-g003-2024-01-15-1795-renew-2024-01-16,,,overlapping_member,0,,美時,,,,,leader_entry,,0,buy,2024-01-16,,,,1795
,event,2024-01-18,2024-01-g003-2024-01-15-1795-renew-2024-01-17,,,overlapping_member,0,,美時,,,,,leader_entry,,0,buy,2024-01-17,,,,1795
,event,2024-01-19,2024-01-g003-2024-01-15-1795-renew-2024-01-18,,,overlapping_member,0,,美時,,,,,leader_entry,,0,buy,2024-01-18,,,,1795
,event,2024-01-22,2024-01-g003-2024-01-15-1795-renew-2024-01-19,,,overlapping_member,0,,美時,,,,,leader_entry,,0,buy,2024-01-19,,,,1795
,event,2024-01-24,2024-01-g009-2024-01-23-3265,,,slots_full,0,,台星科,,,,,leader_entry,,0,buy,2024-01-23,,,,3265
,event,2024-01-25,2024-01-g009-2024-01-23-3265-renew-2024-01-24,,,slots_full,0,,台星科,,,,,leader_entry,,0,buy,2024-01-24,,,,3265
,event,2024-01-26,2024-01-g009-2024-01-23-3265-renew-2024-01-25,,,slots_full,0,,台星科,,,,,leader_entry,,0,buy,2024-01-25,,,,3265
,event,2024-01-29,2024-01-g009-2024-01-23-3265-renew-2024-01-26,,,slots_full,0,,台星科,,,,,leader_entry,,0,buy,2024-01-26,,,,3265
,event,2024-01-30,2024-01-g009-2024-01-23-3265-renew-2024-01-29,,,slots_full,0,,台星科,,,,,leader_entry,,0,buy,2024-01-29,,,,3265
,event,2024-01-30,2024-01-g005-2024-01-29-2421,,,slots_full,0,,建準,,,,,leader_entry,,0,buy,2024-01-29,,,,2421
,event,2024-01-31,2024-01-g005-2024-01-29-2421-renew-2024-01-30,,,slots_full,0,,建準,,,,,leader_entry,,0,buy,2024-01-30,,,,2421
,event,2024-02-01,2024-01-g005-2024-01-29-2421-renew-2024-01-31,,,slots_full,0,,建準,,,,,leader_entry,,0,buy,2024-01-31,,,,2421
,event,2024-02-02,2024-01-g005-2024-01-29-2421-renew-2024-02-01,,,slots_full,0,,建準,,,,,leader_entry,,0,buy,2024-02-01,,,,2421
745.0,odd,2024-02-05,2023-12-g003-2023-12-15-6472,daily_high_low_midpoint_proxy,13:30:00,partial_midpoint_daily_capacity,745,604.0,保瑞,09:00:00,0.01,1523011146.0,2254618.85,stagnant20,665.0,763,sell,2024-02-02,672.0,658.0,74500.0,6472
,event,2024-02-05,2024-01-g005-2024-01-29-2421-renew-2024-02-02,,,slots_full,0,,建準,,,,,leader_entry,,0,buy,2024-02-02,,,,2421
944.0,odd,2024-02-15,2023-12-g003-2023-12-15-6472,daily_high_low_midpoint_proxy,13:30:00,,18,592.0,保瑞,09:00:00,0.01,1487442770.35,2201762.0,stagnant20,648.5,18,sell,2024-02-02,654.0,643.0,94456.0,6472
36000.0,board,2024-02-15,2024-02-g013-2024-02-05-6546,daily_high_low_midpoint_proxy,13:30:00,,3000,152.5,正基,08:59:00,0.01,467352381.2,3646221.9,leader_entry,144.0,3000,buy,2024-02-05,151.0,137.0,6130264.0,6546
190.0,odd,2024-02-15,2024-02-g013-2024-02-05-6546,daily_high_low_midpoint_proxy,13:30:00,partial_midpoint_daily_capacity,190,152.5,正基,09:00:00,0.01,467352381.2,3646221.9,leader_entry,144.25,724,buy,2024-02-05,149.5,139.0,19088.0,6546
,event,2024-02-16,2024-02-g013-2024-02-05-6546-renew-2024-02-15,,,overlapping_member,0,,正基,,,,,leader_entry,,0,buy,2024-02-15,,,,6546
,event,2024-02-16,2024-02-g014-2024-02-15-3044,,,slots_full,0,,健鼎,,,,,leader_entry,,0,buy,2024-02-15,,,,3044
,event,2024-02-16,2024-02-g006-2024-02-15-6533,,,slots_full,0,,晶心科,,,,,leader_entry,,0,buy,2024-02-15,,,,6533
,event,2024-02-16,2024-02-g008-2024-02-15-4966,,,slots_full,0,,譜瑞-KY,,,,,leader_entry,,0,buy,2024-02-15,,,,4966
,event,2024-02-16,2024-02-g012-2024-02-15-8299,,,slots_full,0,,群聯,,,,,leader_entry,,0,buy,2024-02-15,,,,8299
,event,2024-02-19,2024-02-g013-2024-02-05-6546-renew-2024-02-16,,,overlapping_member,0,,正基,,,,,leader_entry,,0,buy,2024-02-16,,,,6546
,event,2024-02-19,2024-02-g009-2024-02-16-3363,,,slots_full,0,,上詮,,,,,leader_entry,,0,buy,2024-02-16,,,,3363
,event,2024-02-19,2024-02-g014-2024-02-15-3044-renew-2024-02-16,,,slots_full,0,,健鼎,,,,,leader_entry,,0,buy,2024-02-16,,,,3044
,event,2024-02-19,2024-02-g006-2024-02-15-6533-renew-2024-02-16,,,slots_full,0,,晶心科,,,,,leader_entry,,0,buy,2024-02-16,,,,6533
,event,2024-02-19,2024-02-g008-2024-02-15-4966-renew-2024-02-16,,,slots_full,0,,譜瑞-KY,,,,,leader_entry,,0,buy,2024-02-16,,,,4966
,event,2024-02-20,2024-02-g002-2024-02-19-1503,,,slots_full,0,,士電,,,,,leader_entry,,0,buy,2024-02-19,,,,1503
,event,2024-02-20,2024-02-g009-2024-02-16-3363-renew-2024-02-19,,,slots_full,0,,上詮,,,,,leader_entry,,0,buy,2024-02-19,,,,3363
,event,2024-02-20,2024-02-g013-2024-02-05-6546-renew-2024-02-19,,,overlapping_member,0,,正基,,,,,leader_entry,,0,buy,2024-02-19,,,,6546
,event,2024-02-20,2024-02-g003-2024-02-19-6806,,,slots_full,0,,森崴能源,,,,,leader_entry,,0,buy,2024-02-19,,,,6806
,event,2024-02-20,2024-02-g014-2024-02-15-3044-renew-2024-02-19,,,slots_full,0,,健鼎,,,,,leader_entry,,0,buy,2024-02-19,,,,3044
,event,2024-02-20,2024-02-g012-2024-02-15-8299-renew-2024-02-19,,,slots_full,0,,群聯,,,,,leader_entry,,0,buy,2024-02-19,,,,8299
,event,2024-02-20,2024-02-g008-2024-02-15-4966-renew-2024-02-19,,,slots_full,0,,譜瑞-KY,,,,,leader_entry,,0,buy,2024-02-19,,,,4966
,event,2024-02-21,2024-02-g009-2024-02-16-3363-renew-2024-02-20,,,slots_full,0,,上詮,,,,,leader_entry,,0,buy,2024-02-20,,,,3363
,event,2024-02-21,2024-02-g013-2024-02-05-6546-renew-2024-02-20,,,overlapping_member,0,,正基,,,,,leader_entry,,0,buy,2024-02-20,,,,6546
,event,2024-02-21,2024-02-g002-2024-02-19-1503-renew-2024-02-20,,,slots_full,0,,士電,,,,,leader_entry,,0,buy,2024-02-20,,,,1503
,event,2024-02-21,2024-02-g003-2024-02-19-6806-renew-2024-02-20,,,slots_full,0,,森崴能源,,,,,leader_entry,,0,buy,2024-02-20,,,,6806
,event,2024-02-21,2024-02-g014-2024-02-15-3044-renew-2024-02-20,,,slots_full,0,,健鼎,,,,,leader_entry,,0,buy,2024-02-20,,,,3044
,event,2024-02-21,2024-02-g008-2024-02-15-4966-renew-2024-02-20,,,slots_full,0,,譜瑞-KY,,,,,leader_entry,,0,buy,2024-02-20,,,,4966
,event,2024-02-21,2024-02-g012-2024-02-15-8299-renew-2024-02-20,,,slots_full,0,,群聯,,,,,leader_entry,,0,buy,2024-02-20,,,,8299
40000.0,board,2024-02-22,2024-01-g003-2024-01-15-1795,daily_high_low_midpoint_proxy,13:30:00,,1000,249.0,美時,08:59:00,0.01,1568604921.15,5562970.05,stagnant20,275.5,1000,sell,2024-02-21,278.0,273.0,4059599.0,1795
453.0,odd,2024-02-22,2024-01-g003-2024-01-15-1795,daily_high_low_midpoint_proxy,13:30:00,partial_midpoint_daily_capacity,453,249.0,美時,09:00:00,0.01,1568604921.15,5562970.05,stagnant20,275.75,681,sell,2024-02-21,277.0,274.5,45391.0,1795
,event,2024-02-22,2024-02-g002-2024-02-19-1503-renew-2024-02-21,,,slots_full,0,,士電,,,,,leader_entry,,0,buy,2024-02-21,,,,1503
,event,2024-02-22,2024-02-g009-2024-02-16-3363-renew-2024-02-21,,,slots_full,0,,上詮,,,,,leader_entry,,0,buy,2024-02-21,,,,3363
,event,2024-02-22,2024-02-g003-2024-02-19-6806-renew-2024-02-21,,,slots_full,0,,森崴能源,,,,,leader_entry,,0,buy,2024-02-21,,,,6806
,event,2024-02-22,2024-02-g014-2024-02-15-3044-renew-2024-02-21,,,slots_full,0,,健鼎,,,,,leader_entry,,0,buy,2024-02-21,,,,3044
,event,2024-02-22,2024-02-g012-2024-02-15-8299-renew-2024-02-21,,,slots_full,0,,群聯,,,,,leader_entry,,0,buy,2024-02-21,,,,8299
,event,2024-02-22,2024-02-g008-2024-02-15-4966-renew-2024-02-21,,,slots_full,0,,譜瑞-KY,,,,,leader_entry,,0,buy,2024-02-21,,,,4966
276.0,odd,2024-02-23,2024-01-g003-2024-01-15-1795,daily_high_low_midpoint_proxy,13:30:00,,228,246.0,美時,09:00:00,0.01,1423058424.3,5102715.6,stagnant20,274.25,228,sell,2024-02-21,275.5,273.0,27657.0,1795
151000.0,board,2024-02-23,2024-02-g002-2024-02-19-1503-renew-2024-02-22,daily_high_low_midpoint_proxy,13:30:00,,2000,189.0,士電,08:59:00,0.01,2194771427.475,15138287.0,leader_entry,175.0,2000,buy,2024-02-22,179.5,170.5,44119810.0,1503
1458.0,odd,2024-02-23,2024-02-g002-2024-02-19-1503-renew-2024-02-22,daily_high_low_midpoint_proxy,13:30:00,,950,189.0,士電,09:00:00,0.01,2194771427.475,15138287.0,leader_entry,174.5,950,buy,2024-02-22,178.5,170.5,145897.0,1503
,event,2024-02-23,2024-02-g009-2024-02-16-3363-renew-2024-02-22,,,slots_full,0,,上詮,,,,,leader_entry,,0,buy,2024-02-22,,,,3363
,event,2024-02-23,2024-02-g003-2024-02-19-6806-renew-2024-02-22,,,slots_full,0,,森崴能源,,,,,leader_entry,,0,buy,2024-02-22,,,,6806
,event,2024-02-26,2024-02-g002-2024-02-19-1503-renew-2024-02-23,,,overlapping_member,0,,士電,,,,,leader_entry,,0,buy,2024-02-23,,,,1503
,event,2024-02-26,2024-02-g003-2024-02-19-6806-renew-2024-02-23,,,slots_full,0,,森崴能源,,,,,leader_entry,,0,buy,2024-02-23,,,,6806
,event,2024-03-01,2024-02-g001-2024-02-29-2881,,,slots_full,0,,富邦金,,,,,leader_entry,,0,buy,2024-02-29,,,,2881
,event,2024-03-05,2024-03-g008-2024-03-04-2449,,,slots_full,0,,京元電子,,,,,leader_entry,,0,buy,2024-03-04,,,,2449
,event,2024-03-05,2024-03-g009-2024-03-04-2603,,,slots_full,0,,長榮,,,,,leader_entry,,0,buy,2024-03-04,,,,2603
,event,2024-03-05,2024-03-g005-2024-03-04-5388,,,slots_full,0,,中磊,,,,,leader_entry,,0,buy,2024-03-04,,,,5388
,event,2024-03-06,2024-03-g003-2024-03-05-6806,,,slots_full,0,,森崴能源,,,,,leader_entry,,0,buy,2024-03-05,,,,6806
,event,2024-03-06,2024-03-g008-2024-03-04-2449-renew-2024-03-05,,,slots_full,0,,京元電子,,,,,leader_entry,,0,buy,2024-03-05,,,,2449
,event,2024-03-06,2024-03-g009-2024-03-04-2603-renew-2024-03-05,,,slots_full,0,,長榮,,,,,leader_entry,,0,buy,2024-03-05,,,,2603
,event,2024-03-06,2024-03-g005-2024-03-04-5388-renew-2024-03-05,,,slots_full,0,,中磊,,,,,leader_entry,,0,buy,2024-03-05,,,,5388
,event,2024-03-07,2024-03-g003-2024-03-05-6806-renew-2024-03-06,,,slots_full,0,,森崴能源,,,,,leader_entry,,0,buy,2024-03-06,,,,6806
,event,2024-03-07,2024-03-g008-2024-03-04-2449-renew-2024-03-06,,,slots_full,0,,京元電子,,,,,leader_entry,,0,buy,2024-03-06,,,,2449
,event,2024-03-07,2024-03-g009-2024-03-04-2603-renew-2024-03-06,,,slots_full,0,,長榮,,,,,leader_entry,,0,buy,2024-03-06,,,,2603
,event,2024-03-08,2024-03-g003-2024-03-05-6806-renew-2024-03-07,,,slots_full,0,,森崴能源,,,,,leader_entry,,0,buy,2024-03-07,,,,6806
,event,2024-03-08,2024-03-g008-2024-03-04-2449-renew-2024-03-07,,,slots_full,0,,京元電子,,,,,leader_entry,,0,buy,2024-03-07,,,,2449
,event,2024-03-08,2024-03-g004-2024-03-07-3515,,,slots_full,0,,華擎,,,,,leader_entry,,0,buy,2024-03-07,,,,3515
,event,2024-03-08,2024-03-g011-2024-03-07-3163,,,slots_full,0,,波若威,,,,,leader_entry,,0,buy,2024-03-07,,,,3163
,event,2024-03-08,2024-03-g009-2024-03-04-2603-renew-2024-03-07,,,slots_full,0,,長榮,,,,,leader_entry,,0,buy,2024-03-07,,,,2603
32000.0,board,2024-03-11,2024-02-g013-2024-02-05-6546,daily_high_low_midpoint_proxy,13:30:00,,3000,109.5,正基,08:59:00,0.01,664906797.625,4679585.7,loss12,125.25,3000,sell,2024-03-08,129.0,121.5,3206564.0,6546
89.0,odd,2024-03-11,2024-02-g013-2024-02-05-6546,daily_high_low_midpoint_proxy,13:30:00,partial_midpoint_daily_capacity,89,109.5,正基,09:00:00,0.01,664906797.625,4679585.7,loss12,125.5,190,sell,2024-03-08,129.0,122.0,8979.0,6546
,event,2024-03-11,2024-03-g008-2024-03-04-2449-renew-2024-03-08,,,slots_full,0,,京元電子,,,,,leader_entry,,0,buy,2024-03-08,,,,2449
,event,2024-03-11,2024-03-g011-2024-03-07-3163-renew-2024-03-08,,,slots_full,0,,波若威,,,,,leader_entry,,0,buy,2024-03-08,,,,3163
,event,2024-03-11,2024-03-g009-2024-03-04-2603-renew-2024-03-08,,,slots_full,0,,長榮,,,,,leader_entry,,0,buy,2024-03-08,,,,2603
86.0,odd,2024-03-12,2024-02-g013-2024-02-05-6546,daily_high_low_midpoint_proxy,13:30:00,partial_midpoint_daily_capacity,86,113.5,正基,09:00:00,0.01,660880531.675,4657751.35,loss12,130.0,101,sell,2024-03-08,132.0,128.0,8674.0,6546
82000.0,board,2024-03-12,2024-03-g012-2024-03-11-8040,daily_high_low_midpoint_proxy,13:30:00,,5000,88.6,九暘,08:59:00,0.01,526694823.12,8217447.45,leader_entry,84.75,5000,buy,2024-03-11,88.6,80.9,29553368.0,8040
445.0,odd,2024-03-12,2024-03-g012-2024-03-11-8040,daily_high_low_midpoint_proxy,13:30:00,partial_midpoint_daily_capacity,445,88.6,九暘,09:00:00,0.01,526694823.12,8217447.45,leader_entry,85.1,469,buy,2024-03-11,88.6,81.6,44559.0,8040
,event,2024-03-12,2024-03-g011-2024-03-07-3163-renew-2024-03-11,,,slots_full,0,,波若威,,,,,leader_entry,,0,buy,2024-03-11,,,,3163
124.0,odd,2024-03-13,2024-02-g013-2024-02-05-6546,daily_high_low_midpoint_proxy,13:30:00,,15,114.5,正基,09:00:00,0.01,631398879.475,4451241.75,loss12,123.25,15,sell,2024-03-08,128.0,118.5,12408.0,6546
,event,2024-03-13,2024-03-g012-2024-03-11-8040-renew-2024-03-12,,,overlapping_member,0,,九暘,,,,,leader_entry,,0,buy,2024-03-12,,,,8040
,event,2024-03-13,2024-03-g011-2024-03-07-3163-renew-2024-03-12,,,slots_full,0,,波若威,,,,,leader_entry,,0,buy,2024-03-12,,,,3163
,event,2024-03-14,2024-03-g002-2024-03-13-1503,,,overlapping_member,0,,士電,,,,,leader_entry,,0,buy,2024-03-13,,,,1503
,event,2024-03-14,2024-03-g012-2024-03-11-8040-renew-2024-03-13,,,overlapping_member,0,,九暘,,,,,leader_entry,,0,buy,2024-03-13,,,,8040
,event,2024-03-14,2024-03-g011-2024-03-07-3163-renew-2024-03-13,,,slots_full,0,,波若威,,,,,leader_entry,,0,buy,2024-03-13,,,,3163
,event,2024-03-15,2024-03-g002-2024-03-13-1503-renew-2024-03-14,,,overlapping_member,0,,士電,,,,,leader_entry,,0,buy,2024-03-14,,,,1503
,event,2024-03-15,2024-03-g012-2024-03-11-8040-renew-2024-03-14,,,overlapping_member,0,,九暘,,,,,leader_entry,,0,buy,2024-03-14,,,,8040
,event,2024-03-18,2024-03-g002-2024-03-13-1503-renew-2024-03-15,,,overlapping_member,0,,士電,,,,,leader_entry,,0,buy,2024-03-15,,,,1503
,event,2024-03-18,2024-03-g012-2024-03-11-8040-renew-2024-03-15,,,overlapping_member,0,,九暘,,,,,leader_entry,,0,buy,2024-03-15,,,,8040
8000.0,board,2024-03-19,2024-01-g012-2024-01-09-6187,daily_high_low_midpoint_proxy,13:30:00,,3000,211.0,萬潤,08:59:00,0.01,991373238.55,4067695.0,stagnant20,237.75,3000,sell,2024-03-18,245.0,230.5,875017.0,6187
116.0,odd,2024-03-19,2024-01-g012-2024-01-09-6187,daily_high_low_midpoint_proxy,13:30:00,partial_midpoint_daily_capacity,116,211.0,萬潤,09:00:00,0.01,991373238.55,4067695.0,stagnant20,238.0,247,sell,2024-03-18,244.0,232.0,11638.0,6187
,event,2024-03-19,2024-03-g002-2024-03-13-1503-renew-2024-03-18,,,overlapping_member,0,,士電,,,,,leader_entry,,0,buy,2024-03-18,,,,1503
105.0,odd,2024-03-20,2024-01-g012-2024-01-09-6187,daily_high_low_midpoint_proxy,13:30:00,partial_midpoint_daily_capacity,105,220.5,萬潤,09:00:00,0.01,942021170.2,3839631.25,stagnant20,246.75,131,sell,2024-03-18,251.0,242.5,10531.0,6187
,event,2024-03-20,2024-03-g002-2024-03-13-1503-renew-2024-03-19,,,overlapping_member,0,,士電,,,,,leader_entry,,0,buy,2024-03-19,,,,1503
109000.0,board,2024-03-20,2024-03-g006-2024-03-19-4938,daily_high_low_midpoint_proxy,13:30:00,,5000,110.0,和碩,08:59:00,0.01,1000714615.05,10972987.45,leader_entry,105.5,5000,buy,2024-03-19,109.5,101.5,85511573.0,4938
3604.0,odd,2024-03-20,2024-03-g006-2024-03-19-4938,daily_high_low_midpoint_proxy,13:30:00,,910,110.0,和碩,09:00:00,0.01,1000714615.05,10972987.45,leader_entry,105.0,910,buy,2024-03-19,107.5,102.5,360451.0,4938
87.0,odd,2024-03-21,2024-01-g012-2024-01-09-6187,daily_high_low_midpoint_proxy,13:30:00,,26,227.5,萬潤,09:00:00,0.01,867004533.675,3505451.65,stagnant20,253.25,26,sell,2024-03-18,254.0,252.5,8734.0,6187
,event,2024-03-21,2024-03-g006-2024-03-19-4938-renew-2024-03-20,,,overlapping_member,0,,和碩,,,,,leader_entry,,0,buy,2024-03-20,,,,4938
,event,2024-03-22,2024-03-g006-2024-03-19-4938-renew-2024-03-21,,,overlapping_member,0,,和碩,,,,,leader_entry,,0,buy,2024-03-21,,,,4938
,event,2024-03-25,2024-03-g006-2024-03-19-4938-renew-2024-03-22,,,overlapping_member,0,,和碩,,,,,leader_entry,,0,buy,2024-03-22,,,,4938
,event,2024-03-26,2024-03-g006-2024-03-19-4938-renew-2024-03-25,,,overlapping_member,0,,和碩,,,,,leader_entry,,0,buy,2024-03-25,,,,4938
,event,2024-04-03,2024-04-g005-2024-04-02-2486,,,slots_full,0,,一詮,,,,,leader_entry,,0,buy,2024-04-02,,,,2486
,event,2024-04-08,2024-04-g005-2024-04-02-2486-renew-2024-04-03,,,slots_full,0,,一詮,,,,,leader_entry,,0,buy,2024-04-03,,,,2486
,event,2024-04-09,2024-04-g005-2024-04-02-2486-renew-2024-04-08,,,slots_full,0,,一詮,,,,,leader_entry,,0,buy,2024-04-08,,,,2486
,event,2024-04-09,2024-04-g008-2024-04-08-6188,,,slots_full,0,,廣明,,,,,leader_entry,,0,buy,2024-04-08,,,,6188
,event,2024-04-10,2024-04-g005-2024-04-02-2486-renew-2024-04-09,,,slots_full,0,,一詮,,,,,leader_entry,,0,buy,2024-04-09,,,,2486
,event,2024-04-10,2024-04-g007-2024-04-09-6117,,,slots_full,0,,迎廣,,,,,leader_entry,,0,buy,2024-04-09,,,,6117
,event,2024-04-10,2024-04-g004-2024-04-09-1605,,,slots_full,0,,華新,,,,,leader_entry,,0,buy,2024-04-09,,,,1605
18000.0,board,2024-04-11,2024-03-g012-2024-03-11-8040,daily_high_low_midpoint_proxy,13:30:00,,5000,72.5,九暘,08:59:00,0.01,633842634.125,7375596.0,stagnant20,78.7,5000,sell,2024-04-10,80.0,77.4,1862639.0,8040
59.0,odd,2024-04-11,2024-03-g012-2024-03-11-8040,daily_high_low_midpoint_proxy,13:30:00,partial_midpoint_daily_capacity,59,72.5,九暘,09:00:00,0.01,633842634.125,7375596.0,stagnant20,79.3,445,sell,2024-04-10,80.1,78.5,5987.0,8040
,event,2024-04-11,2024-04-g005-2024-04-02-2486-renew-2024-04-10,,,slots_full,0,,一詮,,,,,leader_entry,,0,buy,2024-04-10,,,,2486
,event,2024-04-11,2024-04-g003-2024-04-10-1514,,,slots_full,0,,亞力,,,,,leader_entry,,0,buy,2024-04-10,,,,1514
,event,2024-04-11,2024-04-g004-2024-04-09-1605-renew-2024-04-10,,,slots_full,0,,華新,,,,,leader_entry,,0,buy,2024-04-10,,,,1605
,event,2024-04-11,2024-04-g001-2024-04-10-2890,,,slots_full,0,,永豐金,,,,,leader_entry,,0,buy,2024-04-10,,,,2890
43.0,odd,2024-04-12,2024-03-g012-2024-03-11-8040,daily_high_low_midpoint_proxy,13:30:00,partial_midpoint_daily_capacity,43,71.6,九暘,09:00:00,0.01,510325203.91,5991059.55,stagnant20,79.85,386,sell,2024-04-10,81.0,78.7,4317.0,8040
344000.0,board,2024-04-12,2024-04-g003-2024-04-10-1514-renew-2024-04-11,daily_high_low_midpoint_proxy,13:30:00,,3000,168.0,亞力,08:59:00,0.01,4234362046.7,34479367.2,leader_entry,159.0,3000,buy,2024-04-11,168.0,150.0,100968866.0,1514
2647.0,odd,2024-04-12,2024-04-g003-2024-04-10-1514-renew-2024-04-11,daily_high_low_midpoint_proxy,13:30:00,,374,168.0,亞力,09:00:00,0.01,4234362046.7,34479367.2,leader_entry,161.5,374,buy,2024-04-11,168.0,155.0,264793.0,1514
,event,2024-04-12,2024-04-g004-2024-04-09-1605-renew-2024-04-11,,,slots_full,0,,華新,,,,,leader_entry,,0,buy,2024-04-11,,,,1605
,event,2024-04-12,2024-04-g001-2024-04-10-2890-renew-2024-04-11,,,slots_full,0,,永豐金,,,,,leader_entry,,0,buy,2024-04-11,,,,2890
59.0,odd,2024-04-15,2024-03-g012-2024-03-11-8040,daily_high_low_midpoint_proxy,13:30:00,partial_midpoint_daily_capacity,59,70.7,九暘,09:00:00,0.01,303939232.695,3599808.2,stagnant20,79.19999999999999,343,sell,2024-04-10,81.8,76.6,5947.0,8040
,event,2024-04-15,2024-04-g003-2024-04-10-1514-renew-2024-04-12,,,overlapping_member,0,,亞力,,,,,leader_entry,,0,buy,2024-04-12,,,,1514
,event,2024-04-15,2024-04-g014-2024-04-12-3680,,,slots_full,0,,家登,,,,,leader_entry,,0,buy,2024-04-12,,,,3680
,event,2024-04-15,2024-04-g004-2024-04-09-1605-renew-2024-04-12,,,slots_full,0,,華新,,,,,leader_entry,,0,buy,2024-04-12,,,,1605
,event,2024-04-15,2024-04-g001-2024-04-10-2890-renew-2024-04-12,,,slots_full,0,,永豐金,,,,,leader_entry,,0,buy,2024-04-12,,,,2890
69.0,odd,2024-04-16,2024-03-g012-2024-03-11-8040,daily_high_low_midpoint_proxy,13:30:00,partial_midpoint_daily_capacity,69,69.3,九暘,09:00:00,0.01,210634293.87,2538038.6,stagnant20,75.25,284,sell,2024-04-10,77.0,73.5,6975.0,8040
,event,2024-04-16,2024-04-g003-2024-04-10-1514-renew-2024-04-15,,,overlapping_member,0,,亞力,,,,,leader_entry,,0,buy,2024-04-15,,,,1514
,event,2024-04-16,2024-04-g014-2024-04-12-3680-renew-2024-04-15,,,slots_full,0,,家登,,,,,leader_entry,,0,buy,2024-04-15,,,,3680
,event,2024-04-16,2024-04-g004-2024-04-09-1605-renew-2024-04-15,,,slots_full,0,,華新,,,,,leader_entry,,0,buy,2024-04-15,,,,1605
,event,2024-04-16,2024-04-g001-2024-04-10-2890-renew-2024-04-15,,,slots_full,0,,永豐金,,,,,leader_entry,,0,buy,2024-04-15,,,,2890
62.0,odd,2024-04-17,2024-03-g012-2024-03-11-8040,daily_high_low_midpoint_proxy,13:30:00,partial_midpoint_daily_capacity,62,67.5,九暘,09:00:00,0.01,200877389.37,2424117.5,stagnant20,75.5,215,sell,2024-04-10,76.1,74.9,6282.0,8040
,event,2024-04-17,2024-04-g003-2024-04-10-1514-renew-2024-04-16,,,overlapping_member,0,,亞力,,,,,leader_entry,,0,buy,2024-04-16,,,,1514
,event,2024-04-17,2024-04-g014-2024-04-12-3680-renew-2024-04-16,,,slots_full,0,,家登,,,,,leader_entry,,0,buy,2024-04-16,,,,3680
44.0,odd,2024-04-18,2024-03-g012-2024-03-11-8040,daily_high_low_midpoint_proxy,13:30:00,partial_midpoint_daily_capacity,44,68.0,九暘,09:00:00,0.01,193996526.74,2347557.25,stagnant20,74.85,153,sell,2024-04-10,75.5,74.2,4431.0,8040
,event,2024-04-18,2024-04-g014-2024-04-12-3680-renew-2024-04-17,,,slots_full,0,,家登,,,,,leader_entry,,0,buy,2024-04-17,,,,3680
54.0,odd,2024-04-19,2024-03-g012-2024-03-11-8040,daily_high_low_midpoint_proxy,13:30:00,partial_midpoint_daily_capacity,54,67.4,九暘,09:00:00,0.01,181533591.42,2213372.65,stagnant20,72.6,109,sell,2024-04-10,74.2,71.0,5433.0,8040
165000.0,board,2024-04-19,2024-03-g006-2024-03-19-4938,daily_high_low_midpoint_proxy,13:30:00,,5000,87.0,和碩,08:59:00,0.01,2261276767.1549997,22444188.6,stagnant20,94.3,5000,sell,2024-04-18,96.0,92.6,16545084.0,4938
779.0,odd,2024-04-19,2024-03-g006-2024-03-19-4938,daily_high_low_midpoint_proxy,13:30:00,partial_midpoint_daily_capacity,779,87.0,和碩,09:00:00,0.01,2261276767.1549997,22444188.6,stagnant20,94.6,910,sell,2024-04-18,96.2,93.0,77988.0,4938
,event,2024-04-19,2024-04-g009-2024-04-18-3017,,,slots_full,0,,奇鋐,,,,,leader_entry,,0,buy,2024-04-18,,,,3017
,event,2024-04-19,2024-04-g014-2024-04-12-3680-renew-2024-04-18,,,slots_full,0,,家登,,,,,leader_entry,,0,buy,2024-04-18,,,,3680
55.0,odd,2024-04-22,2024-03-g012-2024-03-11-8040,daily_high_low_midpoint_proxy,13:30:00,,55,64.7,九暘,09:00:00,0.01,178143375.89000002,2185946.75,stagnant20,70.4,55,sell,2024-04-10,71.8,69.0,5535.0,8040
444.0,odd,2024-04-22,2024-03-g006-2024-03-19-4938,daily_high_low_midpoint_proxy,13:30:00,,131,85.4,和碩,09:00:00,0.01,1897178075.0400002,18995864.15,stagnant20,94.4,131,sell,2024-04-18,95.0,93.8,44446.0,4938
75000.0,board,2024-04-23,2024-04-g012-2024-04-22-2637,daily_high_low_midpoint_proxy,13:30:00,,7000,76.1,慧洋-KY,08:59:00,0.01,482125987.81499994,7537726.25,leader_entry,68.55000000000001,7000,buy,2024-04-22,69.7,67.4,11642227.0,2637
472.0,odd,2024-04-23,2024-04-g012-2024-04-22-2637,daily_high_low_midpoint_proxy,13:30:00,partial_midpoint_daily_capacity,472,76.1,慧洋-KY,09:00:00,0.01,482125987.81499994,7537726.25,leader_entry,68.5,982,buy,2024-04-22,69.6,67.4,47221.0,2637
,event,2024-04-24,2024-04-g012-2024-04-22-2637-renew-2024-04-23,,,overlapping_member,0,,慧洋-KY,,,,,leader_entry,,0,buy,2024-04-23,,,,2637
,event,2024-04-25,2024-04-g012-2024-04-22-2637-renew-2024-04-24,,,overlapping_member,0,,慧洋-KY,,,,,leader_entry,,0,buy,2024-04-24,,,,2637
,event,2024-04-26,2024-04-g010-2024-04-25-6176,,,slots_full,0,,瑞儀,,,,,leader_entry,,0,buy,2024-04-25,,,,6176
,event,2024-04-26,2024-04-g012-2024-04-22-2637-renew-2024-04-25,,,overlapping_member,0,,慧洋-KY,,,,,leader_entry,,0,buy,2024-04-25,,,,2637
,event,2024-04-29,2024-04-g012-2024-04-22-2637-renew-2024-04-26,,,overlapping_member,0,,慧洋-KY,,,,,leader_entry,,0,buy,2024-04-26,,,,2637
,event,2024-04-29,2024-04-g010-2024-04-25-6176-renew-2024-04-26,,,slots_full,0,,瑞儀,,,,,leader_entry,,0,buy,2024-04-26,,,,6176
,event,2024-04-30,2024-04-g013-2024-04-29-3289,,,slots_full,0,,宜特,,,,,leader_entry,,0,buy,2024-04-29,,,,3289
,event,2024-04-30,2024-04-g010-2024-04-25-6176-renew-2024-04-29,,,slots_full,0,,瑞儀,,,,,leader_entry,,0,buy,2024-04-29,,,,6176
127000.0,board,2024-05-02,2024-02-g002-2024-02-19-1503-renew-2024-02-22,daily_high_low_midpoint_proxy,13:30:00,,2000,263.0,士電,08:59:00,0.01,6004248265.6,19016016.85,stagnant20,287.25,2000,sell,2024-04-30,293.0,281.5,12718748.0,1503
956.0,odd,2024-05-02,2024-02-g002-2024-02-19-1503-renew-2024-02-22,daily_high_low_midpoint_proxy,13:30:00,,950,263.0,士電,09:00:00,0.01,6004248265.6,19016016.85,stagnant20,287.0,950,sell,2024-04-30,291.0,283.0,95687.0,1503
29000.0,board,2024-05-02,2024-04-g003-2024-04-10-1514-renew-2024-04-11,daily_high_low_midpoint_proxy,13:30:00,,3000,131.5,亞力,08:59:00,0.01,4339061639.3,28293748.0,loss12,149.75,3000,sell,2024-04-30,153.5,146.0,2946480.0,1514
518.0,odd,2024-05-02,2024-04-g003-2024-04-10-1514-renew-2024-04-11,daily_high_low_midpoint_proxy,13:30:00,,374,131.5,亞力,09:00:00,0.01,4339061639.3,28293748.0,loss12,150.75,374,sell,2024-04-30,154.5,147.0,51890.0,1514
,event,2024-05-02,2024-04-g013-2024-04-29-3289-renew-2024-04-30,,,resource_slots_locked,0,,宜特,,,,,leader_entry,,656,buy,2024-04-30,,,,3289
,event,2024-05-02,2024-04-g010-2024-04-25-6176-renew-2024-04-30,,,resource_slots_locked,0,,瑞儀,,,,,leader_entry,,478,buy,2024-04-30,,,,6176
,event,2024-05-02,2024-04-g018-2024-04-30-4915,,,resource_slots_locked,0,,致伸,,,,,leader_entry,,981,buy,2024-04-30,,,,4915
313000.0,board,2024-05-03,2024-05-g005-2024-05-02-5512,daily_high_low_midpoint_proxy,13:30:00,,40000,15.75,力麒,08:59:00,0.01,409441947.99249995,31362197.05,leader_entry,14.2,40000,buy,2024-05-02,14.55,13.85,59872688.0,5512
511.0,odd,2024-05-03,2024-05-g005-2024-05-02-5512,daily_high_low_midpoint_proxy,13:30:00,partial_midpoint_daily_capacity,511,15.75,力麒,09:00:00,0.01,409441947.99249995,31362197.05,leader_entry,14.225,882,buy,2024-05-02,14.5,13.95,51135.0,5512
39000.0,board,2024-05-03,2024-05-g010-2024-05-02-6176,daily_high_low_midpoint_proxy,13:30:00,,2000,228.0,瑞儀,08:59:00,0.01,896451995.95,4843980.4,leader_entry,208.75,2000,buy,2024-05-02,212.0,205.5,3943488.0,6176
381.0,odd,2024-05-03,2024-05-g010-2024-05-02-6176,daily_high_low_midpoint_proxy,13:30:00,partial_midpoint_daily_capacity,381,228.0,瑞儀,09:00:00,0.01,896451995.95,4843980.4,leader_entry,207.75,824,buy,2024-05-02,210.0,205.5,38183.0,6176
,event,2024-05-03,2024-04-g018-2024-04-30-4915-renew-2024-05-02,,,slots_full,0,,致伸,,,,,leader_entry,,0,buy,2024-05-02,,,,4915
,event,2024-05-03,2024-04-g013-2024-04-29-3289-renew-2024-05-02,,,slots_full,0,,宜特,,,,,leader_entry,,0,buy,2024-05-02,,,,3289
,event,2024-05-06,2024-05-g005-2024-05-02-5512-renew-2024-05-03,,,overlapping_member,0,,力麒,,,,,leader_entry,,0,buy,2024-05-03,,,,5512
,event,2024-05-06,2024-05-g010-2024-05-02-6176-renew-2024-05-03,,,overlapping_member,0,,瑞儀,,,,,leader_entry,,0,buy,2024-05-03,,,,6176
,event,2024-05-06,2024-05-g014-2024-05-03-2618,,,slots_full,0,,長榮航,,,,,leader_entry,,0,buy,2024-05-03,,,,2618
,event,2024-05-06,2024-04-g018-2024-04-30-4915-renew-2024-05-03,,,slots_full,0,,致伸,,,,,leader_entry,,0,buy,2024-05-03,,,,4915
,event,2024-05-06,2024-04-g013-2024-04-29-3289-renew-2024-05-03,,,slots_full,0,,宜特,,,,,leader_entry,,0,buy,2024-05-03,,,,3289
,event,2024-05-07,2024-05-g004-2024-05-06-6442,,,slots_full,0,,光聖,,,,,leader_entry,,0,buy,2024-05-06,,,,6442
,event,2024-05-07,2024-05-g010-2024-05-02-6176-renew-2024-05-06,,,overlapping_member,0,,瑞儀,,,,,leader_entry,,0,buy,2024-05-06,,,,6176
,event,2024-05-07,2024-05-g014-2024-05-03-2618-renew-2024-05-06,,,slots_full,0,,長榮航,,,,,leader_entry,,0,buy,2024-05-06,,,,2618
,event,2024-05-07,2024-04-g018-2024-04-30-4915-renew-2024-05-06,,,slots_full,0,,致伸,,,,,leader_entry,,0,buy,2024-05-06,,,,4915
,event,2024-05-08,2024-05-g012-2024-05-07-2540,,,slots_full,0,,愛山林,,,,,leader_entry,,0,buy,2024-05-07,,,,2540
,event,2024-05-08,2024-05-g013-2024-05-07-2637,,,overlapping_member,0,,慧洋-KY,,,,,leader_entry,,0,buy,2024-05-07,,,,2637
,event,2024-05-08,2024-05-g004-2024-05-06-6442-renew-2024-05-07,,,slots_full,0,,光聖,,,,,leader_entry,,0,buy,2024-05-07,,,,6442
,event,2024-05-08,2024-05-g010-2024-05-02-6176-renew-2024-05-07,,,overlapping_member,0,,瑞儀,,,,,leader_entry,,0,buy,2024-05-07,,,,6176
,event,2024-05-08,2024-05-g014-2024-05-03-2618-renew-2024-05-07,,,slots_full,0,,長榮航,,,,,leader_entry,,0,buy,2024-05-07,,,,2618
,event,2024-05-08,2024-04-g018-2024-04-30-4915-renew-2024-05-07,,,slots_full,0,,致伸,,,,,leader_entry,,0,buy,2024-05-07,,,,4915
,event,2024-05-08,2024-05-g017-2024-05-07-3413,,,slots_full,0,,京鼎,,,,,leader_entry,,0,buy,2024-05-07,,,,3413
,event,2024-05-09,2024-05-g012-2024-05-07-2540-renew-2024-05-08,,,slots_full,0,,愛山林,,,,,leader_entry,,0,buy,2024-05-08,,,,2540
,event,2024-05-09,2024-05-g004-2024-05-06-6442-renew-2024-05-08,,,slots_full,0,,光聖,,,,,leader_entry,,0,buy,2024-05-08,,,,6442
,event,2024-05-09,2024-05-g010-2024-05-02-6176-renew-2024-05-08,,,overlapping_member,0,,瑞儀,,,,,leader_entry,,0,buy,2024-05-08,,,,6176
,event,2024-05-09,2024-05-g014-2024-05-03-2618-renew-2024-05-08,,,slots_full,0,,長榮航,,,,,leader_entry,,0,buy,2024-05-08,,,,2618
,event,2024-05-09,2024-05-g013-2024-05-07-2637-renew-2024-05-08,,,overlapping_member,0,,慧洋-KY,,,,,leader_entry,,0,buy,2024-05-08,,,,2637
,event,2024-05-09,2024-05-g017-2024-05-07-3413-renew-2024-05-08,,,slots_full,0,,京鼎,,,,,leader_entry,,0,buy,2024-05-08,,,,3413
90000.0,board,2024-05-10,2024-05-g005-2024-05-02-5512,daily_high_low_midpoint_proxy,13:30:00,,40000,11.3,力麒,08:59:00,0.01,492594471.29749995,37166859.95,loss12,12.6,40000,sell,2024-05-09,12.85,12.35,9031714.0,5512
221.0,odd,2024-05-10,2024-05-g005-2024-05-02-5512,daily_high_low_midpoint_proxy,13:30:00,partial_midpoint_daily_capacity,221,11.3,力麒,09:00:00,0.01,492594471.29749995,37166859.95,loss12,12.75,511,sell,2024-05-09,13.0,12.5,22137.0,5512
,event,2024-05-10,2024-05-g012-2024-05-07-2540-renew-2024-05-09,,,slots_full,0,,愛山林,,,,,leader_entry,,0,buy,2024-05-09,,,,2540
,event,2024-05-10,2024-05-g004-2024-05-06-6442-renew-2024-05-09,,,slots_full,0,,光聖,,,,,leader_entry,,0,buy,2024-05-09,,,,6442
,event,2024-05-10,2024-05-g014-2024-05-03-2618-renew-2024-05-09,,,slots_full,0,,長榮航,,,,,leader_entry,,0,buy,2024-05-09,,,,2618
,event,2024-05-10,2024-05-g013-2024-05-07-2637-renew-2024-05-09,,,overlapping_member,0,,慧洋-KY,,,,,leader_entry,,0,buy,2024-05-09,,,,2637
,event,2024-05-10,2024-05-g017-2024-05-07-3413-renew-2024-05-09,,,slots_full,0,,京鼎,,,,,leader_entry,,0,buy,2024-05-09,,,,3413
228.0,odd,2024-05-13,2024-05-g005-2024-05-02-5512,daily_high_low_midpoint_proxy,13:30:00,partial_midpoint_daily_capacity,228,11.4,力麒,09:00:00,0.01,494248766.72749996,37240932.75,loss12,12.625,290,sell,2024-05-09,12.9,12.35,22897.0,5512
29000.0,board,2024-05-13,2024-05-g012-2024-05-07-2540-renew-2024-05-10,daily_high_low_midpoint_proxy,13:30:00,,3000,180.0,愛山林,08:59:00,0.01,455722448.775,3108369.05,leader_entry,163.75,3000,buy,2024-05-10,167.5,160.0,2970609.0,2540
200.0,odd,2024-05-13,2024-05-g012-2024-05-07-2540-renew-2024-05-10,daily_high_low_midpoint_proxy,13:30:00,partial_midpoint_daily_capacity,200,180.0,愛山林,09:00:00,0.01,455722448.775,3108369.05,leader_entry,163.75,480,buy,2024-05-10,167.5,160.0,20063.0,2540
,event,2024-05-13,2024-05-g004-2024-05-06-6442-renew-2024-05-10,,,slots_full,0,,光聖,,,,,leader_entry,,0,buy,2024-05-10,,,,6442
,event,2024-05-13,2024-05-g013-2024-05-07-2637-renew-2024-05-10,,,overlapping_member,0,,慧洋-KY,,,,,leader_entry,,0,buy,2024-05-10,,,,2637
,event,2024-05-13,2024-05-g001-2024-05-10-2880,,,slots_full,0,,華南金,,,,,leader_entry,,0,buy,2024-05-10,,,,2880
,event,2024-05-13,2024-05-g017-2024-05-07-3413-renew-2024-05-10,,,slots_full,0,,京鼎,,,,,leader_entry,,0,buy,2024-05-10,,,,3413
139.0,odd,2024-05-14,2024-05-g005-2024-05-02-5512,daily_high_low_midpoint_proxy,13:30:00,,62,11.3,力麒,09:00:00,0.01,493381413.195,37100796.1,loss12,12.55,62,sell,2024-05-09,12.65,12.45,13905.0,5512
,event,2024-05-14,2024-05-g012-2024-05-07-2540-renew-2024-05-13,,,overlapping_member,0,,愛山林,,,,,leader_entry,,0,buy,2024-05-13,,,,2540
,event,2024-05-14,2024-05-g001-2024-05-10-2880-renew-2024-05-13,,,slots_full,0,,華南金,,,,,leader_entry,,0,buy,2024-05-13,,,,2880
,event,2024-05-14,2024-05-g013-2024-05-07-2637-renew-2024-05-13,,,overlapping_member,0,,慧洋-KY,,,,,leader_entry,,0,buy,2024-05-13,,,,2637
,event,2024-05-14,2024-05-g017-2024-05-07-3413-renew-2024-05-13,,,slots_full,0,,京鼎,,,,,leader_entry,,0,buy,2024-05-13,,,,3413
,event,2024-05-15,2024-05-g020-2024-05-14-3363,,,slots_full,0,,上詮,,,,,leader_entry,,0,buy,2024-05-14,,,,3363
,event,2024-05-15,2024-05-g001-2024-05-10-2880-renew-2024-05-14,,,slots_full,0,,華南金,,,,,leader_entry,,0,buy,2024-05-14,,,,2880
,event,2024-05-16,2024-05-g020-2024-05-14-3363-renew-2024-05-15,,,slots_full,0,,上詮,,,,,leader_entry,,0,buy,2024-05-15,,,,3363
,event,2024-05-16,2024-05-g001-2024-05-10-2880-renew-2024-05-15,,,slots_full,0,,華南金,,,,,leader_entry,,0,buy,2024-05-15,,,,2880
,event,2024-05-16,2024-05-g008-2024-05-15-6669,,,slots_full,0,,緯穎,,,,,leader_entry,,0,buy,2024-05-15,,,,6669
,event,2024-05-17,2024-05-g020-2024-05-14-3363-renew-2024-05-16,,,slots_full,0,,上詮,,,,,leader_entry,,0,buy,2024-05-16,,,,3363
,event,2024-05-17,2024-05-g001-2024-05-10-2880-renew-2024-05-16,,,slots_full,0,,華南金,,,,,leader_entry,,0,buy,2024-05-16,,,,2880
,event,2024-05-17,2024-05-g008-2024-05-15-6669-renew-2024-05-16,,,slots_full,0,,緯穎,,,,,leader_entry,,0,buy,2024-05-16,,,,6669
,event,2024-05-20,2024-05-g020-2024-05-14-3363-renew-2024-05-17,,,slots_full,0,,上詮,,,,,leader_entry,,0,buy,2024-05-17,,,,3363
,event,2024-05-20,2024-05-g008-2024-05-15-6669-renew-2024-05-17,,,slots_full,0,,緯穎,,,,,leader_entry,,0,buy,2024-05-17,,,,6669
,event,2024-05-21,2024-05-g020-2024-05-14-3363-renew-2024-05-20,,,slots_full,0,,上詮,,,,,leader_entry,,0,buy,2024-05-20,,,,3363
,event,2024-05-21,2024-05-g008-2024-05-15-6669-renew-2024-05-20,,,slots_full,0,,緯穎,,,,,leader_entry,,0,buy,2024-05-20,,,,6669
71000.0,board,2024-05-22,2024-04-g012-2024-04-22-2637,daily_high_low_midpoint_proxy,13:30:00,,7000,63.1,慧洋-KY,08:59:00,0.01,876757052.335,12293837.75,stagnant20,72.0,7000,sell,2024-05-21,73.5,70.5,7115554.0,2637
419.0,odd,2024-05-22,2024-04-g012-2024-04-22-2637,daily_high_low_midpoint_proxy,13:30:00,partial_midpoint_daily_capacity,419,63.1,慧洋-KY,09:00:00,0.01,876757052.335,12293837.75,stagnant20,72.05,472,sell,2024-05-21,73.3,70.8,41929.0,2637
,event,2024-05-22,2024-05-g018-2024-05-21-3483,,,slots_full,0,,力致,,,,,leader_entry,,0,buy,2024-05-21,,,,3483
,event,2024-05-22,2024-05-g008-2024-05-15-6669-renew-2024-05-21,,,slots_full,0,,緯穎,,,,,leader_entry,,0,buy,2024-05-21,,,,6669
243.0,odd,2024-05-23,2024-04-g012-2024-04-22-2637,daily_high_low_midpoint_proxy,13:30:00,,53,66.0,慧洋-KY,09:00:00,0.01,862553452.325,12067504.1,stagnant20,72.4,53,sell,2024-05-21,73.2,71.6,24387.0,2637
71000.0,board,2024-05-23,2024-05-g018-2024-05-21-3483-renew-2024-05-22,daily_high_low_midpoint_proxy,13:30:00,,2000,206.0,力致,08:59:00,0.01,1210224911.75,7120190.35,leader_entry,188.0,2000,buy,2024-05-22,194.0,182.0,18916860.0,3483
1121.0,odd,2024-05-23,2024-05-g018-2024-05-21-3483-renew-2024-05-22,daily_high_low_midpoint_proxy,13:30:00,,983,206.0,力致,09:00:00,0.01,1210224911.75,7120190.35,leader_entry,188.5,983,buy,2024-05-22,194.0,183.0,112152.0,3483
,event,2024-05-24,2024-05-g018-2024-05-21-3483-renew-2024-05-23,,,overlapping_member,0,,力致,,,,,leader_entry,,0,buy,2024-05-23,,,,3483
,event,2024-05-27,2024-05-g018-2024-05-21-3483-renew-2024-05-24,,,overlapping_member,0,,力致,,,,,leader_entry,,0,buy,2024-05-24,,,,3483
,event,2024-05-28,2024-05-g018-2024-05-21-3483-renew-2024-05-27,,,overlapping_member,0,,力致,,,,,leader_entry,,0,buy,2024-05-27,,,,3483
,event,2024-05-29,2024-05-g019-2024-05-28-8027,,,slots_full,0,,鈦昇,,,,,leader_entry,,0,buy,2024-05-28,,,,8027
,event,2024-05-30,2024-05-g019-2024-05-28-8027-renew-2024-05-29,,,slots_full,0,,鈦昇,,,,,leader_entry,,0,buy,2024-05-29,,,,8027
,event,2024-05-30,2024-05-g006-2024-05-29-1785,,,slots_full,0,,光洋科,,,,,leader_entry,,0,buy,2024-05-29,,,,1785
25000.0,board,2024-05-31,2024-05-g010-2024-05-02-6176,daily_high_low_midpoint_proxy,13:30:00,,2000,178.5,瑞儀,08:59:00,0.01,512746169.875,2540050.7,stagnant20,197.5,2000,sell,2024-05-30,200.0,195.0,6119759.0,6176
198.0,odd,2024-05-31,2024-05-g010-2024-05-02-6176,daily_high_low_midpoint_proxy,13:30:00,partial_midpoint_daily_capacity,198,178.5,瑞儀,09:00:00,0.01,512746169.875,2540050.7,stagnant20,198.0,381,sell,2024-05-30,200.0,196.0,19895.0,6176
,event,2024-05-31,2024-05-g019-2024-05-28-8027-renew-2024-05-30,,,slots_full,0,,鈦昇,,,,,leader_entry,,0,buy,2024-05-30,,,,8027
,event,2024-05-31,2024-05-g006-2024-05-29-1785-renew-2024-05-30,,,slots_full,0,,光洋科,,,,,leader_entry,,0,buy,2024-05-30,,,,1785
174.0,odd,2024-06-03,2024-05-g010-2024-05-02-6176,daily_high_low_midpoint_proxy,13:30:00,partial_midpoint_daily_capacity,174,177.0,瑞儀,09:00:00,0.01,532057701.25,2648864.25,stagnant20,198.5,183,sell,2024-05-30,200.5,196.5,17489.0,6176
40000.0,board,2024-06-03,2024-05-g019-2024-05-28-8027-renew-2024-05-31,daily_high_low_midpoint_proxy,13:30:00,,4000,127.0,鈦昇,08:59:00,0.01,433580167.21000004,4015120.4,leader_entry,117.0,4000,buy,2024-05-31,120.0,114.0,4470171.0,8027
187.0,odd,2024-06-03,2024-05-g019-2024-05-28-8027-renew-2024-05-31,daily_high_low_midpoint_proxy,13:30:00,partial_midpoint_daily_capacity,187,127.0,鈦昇,09:00:00,0.01,433580167.21000004,4015120.4,leader_entry,117.5,967,buy,2024-05-31,120.0,115.0,18744.0,8027
,event,2024-06-03,2024-05-g006-2024-05-29-1785-renew-2024-05-31,,,slots_full,0,,光洋科,,,,,leader_entry,,0,buy,2024-05-31,,,,1785
834.0,odd,2024-06-04,2024-05-g010-2024-05-02-6176,daily_high_low_midpoint_proxy,13:30:00,,9,181.0,瑞儀,09:00:00,0.01,520789940.35,2600290.15,stagnant20,206.0,9,sell,2024-05-30,211.5,200.5,83498.0,6176
,event,2024-06-04,2024-05-g019-2024-05-28-8027-renew-2024-06-03,,,overlapping_member,0,,鈦昇,,,,,leader_entry,,0,buy,2024-06-03,,,,8027
,event,2024-06-04,2024-05-g006-2024-05-29-1785-renew-2024-06-03,,,slots_full,0,,光洋科,,,,,leader_entry,,0,buy,2024-06-03,,,,1785
,event,2024-06-04,2024-06-g001-2024-06-03-2888,,,slots_full,0,,新光金,,,,,leader_entry,,0,buy,2024-06-03,,,,2888
,event,2024-06-05,2024-05-g006-2024-05-29-1785-renew-2024-06-04,,,slots_full,0,,光洋科,,,,,leader_entry,,0,buy,2024-06-04,,,,1785
,event,2024-06-06,2024-06-g010-2024-06-05-2328,,,slots_full,0,,廣宇,,,,,leader_entry,,0,buy,2024-06-05,,,,2328
,event,2024-06-07,2024-06-g017-2024-06-06-2615,,,slots_full,0,,萬海,,,,,leader_entry,,0,buy,2024-06-06,,,,2615
,event,2024-06-07,2024-06-g015-2024-06-06-6442,,,slots_full,0,,光聖,,,,,leader_entry,,0,buy,2024-06-06,,,,6442
,event,2024-06-07,2024-06-g010-2024-06-05-2328-renew-2024-06-06,,,slots_full,0,,廣宇,,,,,leader_entry,,0,buy,2024-06-06,,,,2328
,event,2024-06-11,2024-06-g017-2024-06-06-2615-renew-2024-06-07,,,slots_full,0,,萬海,,,,,leader_entry,,0,buy,2024-06-07,,,,2615
,event,2024-06-11,2024-06-g015-2024-06-06-6442-renew-2024-06-07,,,slots_full,0,,光聖,,,,,leader_entry,,0,buy,2024-06-07,,,,6442
,event,2024-06-11,2024-06-g016-2024-06-07-2486,,,slots_full,0,,一詮,,,,,leader_entry,,0,buy,2024-06-07,,,,2486
,event,2024-06-11,2024-06-g011-2024-06-07-4967,,,slots_full,0,,十銓,,,,,leader_entry,,0,buy,2024-06-07,,,,4967
,event,2024-06-11,2024-06-g001-2024-06-03-2888-renew-2024-06-07,,,slots_full,0,,新光金,,,,,leader_entry,,0,buy,2024-06-07,,,,2888
,event,2024-06-11,2024-06-g004-2024-06-07-2542,,,slots_full,0,,興富發,,,,,leader_entry,,0,buy,2024-06-07,,,,2542
,event,2024-06-12,2024-06-g015-2024-06-06-6442-renew-2024-06-11,,,slots_full,0,,光聖,,,,,leader_entry,,0,buy,2024-06-11,,,,6442
,event,2024-06-12,2024-06-g016-2024-06-07-2486-renew-2024-06-11,,,slots_full,0,,一詮,,,,,leader_entry,,0,buy,2024-06-11,,,,2486
,event,2024-06-12,2024-06-g011-2024-06-07-4967-renew-2024-06-11,,,slots_full,0,,十銓,,,,,leader_entry,,0,buy,2024-06-11,,,,4967
,event,2024-06-12,2024-06-g014-2024-06-11-6176,,,slots_full,0,,瑞儀,,,,,leader_entry,,0,buy,2024-06-11,,,,6176
,event,2024-06-12,2024-06-g004-2024-06-07-2542-renew-2024-06-11,,,slots_full,0,,興富發,,,,,leader_entry,,0,buy,2024-06-11,,,,2542
,event,2024-06-13,2024-06-g015-2024-06-06-6442-renew-2024-06-12,,,slots_full,0,,光聖,,,,,leader_entry,,0,buy,2024-06-12,,,,6442
,event,2024-06-13,2024-06-g011-2024-06-07-4967-renew-2024-06-12,,,slots_full,0,,十銓,,,,,leader_entry,,0,buy,2024-06-12,,,,4967
,event,2024-06-13,2024-06-g016-2024-06-07-2486-renew-2024-06-12,,,slots_full,0,,一詮,,,,,leader_entry,,0,buy,2024-06-12,,,,2486
,event,2024-06-13,2024-06-g009-2024-06-12-8028,,,slots_full,0,,昇陽半導體,,,,,leader_entry,,0,buy,2024-06-12,,,,8028
,event,2024-06-13,2024-06-g013-2024-06-12-2476,,,slots_full,0,,鉅祥,,,,,leader_entry,,0,buy,2024-06-12,,,,2476
,event,2024-06-13,2024-06-g012-2024-06-12-2383,,,slots_full,0,,台光電,,,,,leader_entry,,0,buy,2024-06-12,,,,2383
,event,2024-06-13,2024-06-g014-2024-06-11-6176-renew-2024-06-12,,,slots_full,0,,瑞儀,,,,,leader_entry,,0,buy,2024-06-12,,,,6176
,event,2024-06-14,2024-06-g016-2024-06-07-2486-renew-2024-06-13,,,slots_full,0,,一詮,,,,,leader_entry,,0,buy,2024-06-13,,,,2486
,event,2024-06-14,2024-06-g011-2024-06-07-4967-renew-2024-06-13,,,slots_full,0,,十銓,,,,,leader_entry,,0,buy,2024-06-13,,,,4967
,event,2024-06-14,2024-06-g009-2024-06-12-8028-renew-2024-06-13,,,slots_full,0,,昇陽半導體,,,,,leader_entry,,0,buy,2024-06-13,,,,8028
,event,2024-06-14,2024-06-g015-2024-06-06-6442-renew-2024-06-13,,,slots_full,0,,光聖,,,,,leader_entry,,0,buy,2024-06-13,,,,6442
,event,2024-06-14,2024-06-g007-2024-06-13-1785,,,slots_full,0,,光洋科,,,,,leader_entry,,0,buy,2024-06-13,,,,1785
,event,2024-06-14,2024-06-g013-2024-06-12-2476-renew-2024-06-13,,,slots_full,0,,鉅祥,,,,,leader_entry,,0,buy,2024-06-13,,,,2476
,event,2024-06-14,2024-06-g004-2024-06-07-2542-renew-2024-06-13,,,slots_full,0,,興富發,,,,,leader_entry,,0,buy,2024-06-13,,,,2542
,event,2024-06-14,2024-06-g014-2024-06-11-6176-renew-2024-06-13,,,slots_full,0,,瑞儀,,,,,leader_entry,,0,buy,2024-06-13,,,,6176
,event,2024-06-17,2024-06-g011-2024-06-07-4967-renew-2024-06-14,,,slots_full,0,,十銓,,,,,leader_entry,,0,buy,2024-06-14,,,,4967
,event,2024-06-17,2024-06-g016-2024-06-07-2486-renew-2024-06-14,,,slots_full,0,,一詮,,,,,leader_entry,,0,buy,2024-06-14,,,,2486
,event,2024-06-17,2024-06-g009-2024-06-12-8028-renew-2024-06-14,,,slots_full,0,,昇陽半導體,,,,,leader_entry,,0,buy,2024-06-14,,,,8028
,event,2024-06-17,2024-06-g013-2024-06-12-2476-renew-2024-06-14,,,slots_full,0,,鉅祥,,,,,leader_entry,,0,buy,2024-06-14,,,,2476
,event,2024-06-17,2024-06-g007-2024-06-13-1785-renew-2024-06-14,,,slots_full,0,,光洋科,,,,,leader_entry,,0,buy,2024-06-14,,,,1785
,event,2024-06-17,2024-06-g004-2024-06-07-2542-renew-2024-06-14,,,slots_full,0,,興富發,,,,,leader_entry,,0,buy,2024-06-14,,,,2542
,event,2024-06-17,2024-06-g014-2024-06-11-6176-renew-2024-06-14,,,slots_full,0,,瑞儀,,,,,leader_entry,,0,buy,2024-06-14,,,,6176
,event,2024-06-18,2024-06-g009-2024-06-12-8028-renew-2024-06-17,,,slots_full,0,,昇陽半導體,,,,,leader_entry,,0,buy,2024-06-17,,,,8028
,event,2024-06-18,2024-06-g007-2024-06-13-1785-renew-2024-06-17,,,slots_full,0,,光洋科,,,,,leader_entry,,0,buy,2024-06-17,,,,1785
,event,2024-06-18,2024-06-g013-2024-06-12-2476-renew-2024-06-17,,,slots_full,0,,鉅祥,,,,,leader_entry,,0,buy,2024-06-17,,,,2476
,event,2024-06-18,2024-06-g020-2024-06-17-3163,,,slots_full,0,,波若威,,,,,leader_entry,,0,buy,2024-06-17,,,,3163
,event,2024-06-19,2024-06-g009-2024-06-12-8028-renew-2024-06-18,,,slots_full,0,,昇陽半導體,,,,,leader_entry,,0,buy,2024-06-18,,,,8028
,event,2024-06-19,2024-06-g007-2024-06-13-1785-renew-2024-06-18,,,slots_full,0,,光洋科,,,,,leader_entry,,0,buy,2024-06-18,,,,1785
,event,2024-06-19,2024-06-g013-2024-06-12-2476-renew-2024-06-18,,,slots_full,0,,鉅祥,,,,,leader_entry,,0,buy,2024-06-18,,,,2476
,event,2024-06-19,2024-06-g020-2024-06-17-3163-renew-2024-06-18,,,slots_full,0,,波若威,,,,,leader_entry,,0,buy,2024-06-18,,,,3163
,event,2024-06-20,2024-06-g021-2024-06-19-4909,,,slots_full,0,,新復興,,,,,leader_entry,,0,buy,2024-06-19,,,,4909
,event,2024-06-20,2024-06-g007-2024-06-13-1785-renew-2024-06-19,,,slots_full,0,,光洋科,,,,,leader_entry,,0,buy,2024-06-19,,,,1785
,event,2024-06-20,2024-06-g020-2024-06-17-3163-renew-2024-06-19,,,slots_full,0,,波若威,,,,,leader_entry,,0,buy,2024-06-19,,,,3163
,event,2024-06-20,2024-06-g008-2024-06-19-6669,,,slots_full,0,,緯穎,,,,,leader_entry,,0,buy,2024-06-19,,,,6669
,event,2024-06-21,2024-06-g021-2024-06-19-4909-renew-2024-06-20,,,slots_full,0,,新復興,,,,,leader_entry,,0,buy,2024-06-20,,,,4909
,event,2024-06-21,2024-06-g020-2024-06-17-3163-renew-2024-06-20,,,slots_full,0,,波若威,,,,,leader_entry,,0,buy,2024-06-20,,,,3163
,event,2024-06-21,2024-06-g008-2024-06-19-6669-renew-2024-06-20,,,slots_full,0,,緯穎,,,,,leader_entry,,0,buy,2024-06-20,,,,6669
,event,2024-06-24,2024-06-g021-2024-06-19-4909-renew-2024-06-21,,,slots_full,0,,新復興,,,,,leader_entry,,0,buy,2024-06-21,,,,4909
,event,2024-06-24,2024-06-g020-2024-06-17-3163-renew-2024-06-21,,,slots_full,0,,波若威,,,,,leader_entry,,0,buy,2024-06-21,,,,3163
,event,2024-06-25,2024-06-g021-2024-06-19-4909-renew-2024-06-24,,,slots_full,0,,新復興,,,,,leader_entry,,0,buy,2024-06-24,,,,4909
,event,2024-06-26,2024-06-g021-2024-06-19-4909-renew-2024-06-25,,,slots_full,0,,新復興,,,,,leader_entry,,0,buy,2024-06-25,,,,4909
63000.0,board,2024-07-01,2024-05-g018-2024-05-21-3483-renew-2024-05-22,daily_high_low_midpoint_proxy,13:30:00,,2000,182.0,力致,08:59:00,0.01,2122815819.4,10335822.15,stagnant20,201.25,2000,sell,2024-06-28,204.5,198.0,6310984.0,3483
856.0,odd,2024-07-01,2024-05-g018-2024-05-21-3483-renew-2024-05-22,daily_high_low_midpoint_proxy,13:30:00,partial_midpoint_daily_capacity,856,182.0,力致,09:00:00,0.01,2122815819.4,10335822.15,stagnant20,201.25,983,sell,2024-06-28,204.0,198.5,85660.0,3483
972.0,odd,2024-07-02,2024-05-g018-2024-05-21-3483-renew-2024-05-22,daily_high_low_midpoint_proxy,13:30:00,,127,180.0,力致,09:00:00,0.01,2076762098.8,10124773.35,stagnant20,197.25,127,sell,2024-06-28,200.0,194.5,97299.0,3483
79000.0,board,2024-07-02,2024-07-g010-2024-07-01-3105,daily_high_low_midpoint_proxy,13:30:00,,3000,192.5,穩懋,08:59:00,0.01,1340529259.55,8335036.65,leader_entry,173.25,3000,buy,2024-07-01,176.5,170.0,7946341.0,3105
1056.0,odd,2024-07-02,2024-07-g010-2024-07-01-3105,daily_high_low_midpoint_proxy,13:30:00,,458,192.5,穩懋,09:00:00,0.01,1340529259.55,8335036.65,leader_entry,173.25,458,buy,2024-07-01,176.0,170.5,105641.0,3105
,event,2024-07-02,2024-07-g006-2024-07-01-5243,,,slots_full,0,,乙盛-KY,,,,,leader_entry,,0,buy,2024-07-01,,,,5243
61000.0,board,2024-07-03,2024-05-g019-2024-05-28-8027-renew-2024-05-31,daily_high_low_midpoint_proxy,13:30:00,,4000,111.0,鈦昇,08:59:00,0.01,789394948.0,6189035.6,stagnant20,127.5,4000,sell,2024-07-02,133.5,121.5,7031536.0,8027
405.0,odd,2024-07-03,2024-05-g019-2024-05-28-8027-renew-2024-05-31,daily_high_low_midpoint_proxy,13:30:00,,187,111.0,鈦昇,09:00:00,0.01,789394948.0,6189035.6,stagnant20,128.0,187,sell,2024-07-02,134.0,122.0,40584.0,8027
,event,2024-07-03,2024-07-g010-2024-07-01-3105-renew-2024-07-02,,,overlapping_member,0,,穩懋,,,,,leader_entry,,0,buy,2024-07-02,,,,3105
,event,2024-07-03,2024-07-g005-2024-07-02-5508,,,resource_slots_locked,0,,永信建,,,,,leader_entry,,1090,buy,2024-07-02,,,,5508
,event,2024-07-03,2024-07-g014-2024-07-02-3035,,,resource_slots_locked,0,,智原,,,,,leader_entry,,785,buy,2024-07-02,,,,3035
,event,2024-07-04,2024-07-g010-2024-07-01-3105-renew-2024-07-03,,,overlapping_member,0,,穩懋,,,,,leader_entry,,0,buy,2024-07-03,,,,3105
77000.0,board,2024-07-04,2024-07-g006-2024-07-01-5243-renew-2024-07-03,daily_high_low_midpoint_proxy,13:30:00,,8000,78.6,乙盛-KY,08:59:00,0.01,514073360.555,7789579.2,leader_entry,71.3,8000,buy,2024-07-03,73.1,69.5,9442884.0,5243
326.0,odd,2024-07-04,2024-07-g006-2024-07-01-5243-renew-2024-07-03,daily_high_low_midpoint_proxy,13:30:00,partial_midpoint_daily_capacity,326,78.6,乙盛-KY,09:00:00,0.01,514073360.555,7789579.2,leader_entry,70.9,581,buy,2024-07-03,71.9,69.9,32669.0,5243
,event,2024-07-04,2024-07-g014-2024-07-02-3035-renew-2024-07-03,,,slots_full,0,,智原,,,,,leader_entry,,0,buy,2024-07-03,,,,3035
,event,2024-07-04,2024-07-g008-2024-07-03-2383,,,slots_full,0,,台光電,,,,,leader_entry,,0,buy,2024-07-03,,,,2383
,event,2024-07-04,2024-07-g005-2024-07-02-5508-renew-2024-07-03,,,slots_full,0,,永信建,,,,,leader_entry,,0,buy,2024-07-03,,,,5508
,event,2024-07-05,2024-07-g013-2024-07-04-3374,,,slots_full,0,,精材,,,,,leader_entry,,0,buy,2024-07-04,,,,3374
,event,2024-07-05,2024-07-g010-2024-07-01-3105-renew-2024-07-04,,,overlapping_member,0,,穩懋,,,,,leader_entry,,0,buy,2024-07-04,,,,3105
,event,2024-07-05,2024-07-g006-2024-07-01-5243-renew-2024-07-04,,,overlapping_member,0,,乙盛-KY,,,,,leader_entry,,0,buy,2024-07-04,,,,5243
,event,2024-07-05,2024-07-g014-2024-07-02-3035-renew-2024-07-04,,,slots_full,0,,智原,,,,,leader_entry,,0,buy,2024-07-04,,,,3035
,event,2024-07-08,2024-07-g009-2024-07-05-2365,,,slots_full,0,,昆盈,,,,,leader_entry,,0,buy,2024-07-05,,,,2365
,event,2024-07-08,2024-07-g013-2024-07-04-3374-renew-2024-07-05,,,slots_full,0,,精材,,,,,leader_entry,,0,buy,2024-07-05,,,,3374
,event,2024-07-08,2024-07-g010-2024-07-01-3105-renew-2024-07-05,,,overlapping_member,0,,穩懋,,,,,leader_entry,,0,buy,2024-07-05,,,,3105
,event,2024-07-08,2024-07-g014-2024-07-02-3035-renew-2024-07-05,,,slots_full,0,,智原,,,,,leader_entry,,0,buy,2024-07-05,,,,3035
,event,2024-07-08,2024-07-g006-2024-07-01-5243-renew-2024-07-05,,,overlapping_member,0,,乙盛-KY,,,,,leader_entry,,0,buy,2024-07-05,,,,5243
,event,2024-07-08,2024-07-g008-2024-07-03-2383-renew-2024-07-05,,,slots_full,0,,台光電,,,,,leader_entry,,0,buy,2024-07-05,,,,2383
,event,2024-07-09,2024-07-g009-2024-07-05-2365-renew-2024-07-08,,,slots_full,0,,昆盈,,,,,leader_entry,,0,buy,2024-07-08,,,,2365
,event,2024-07-09,2024-07-g013-2024-07-04-3374-renew-2024-07-08,,,slots_full,0,,精材,,,,,leader_entry,,0,buy,2024-07-08,,,,3374
,event,2024-07-09,2024-07-g014-2024-07-02-3035-renew-2024-07-08,,,slots_full,0,,智原,,,,,leader_entry,,0,buy,2024-07-08,,,,3035
,event,2024-07-10,2024-07-g013-2024-07-04-3374-renew-2024-07-09,,,slots_full,0,,精材,,,,,leader_entry,,0,buy,2024-07-09,,,,3374
,event,2024-07-10,2024-07-g008-2024-07-03-2383-renew-2024-07-09,,,slots_full,0,,台光電,,,,,leader_entry,,0,buy,2024-07-09,,,,2383
,event,2024-07-11,2024-07-g009-2024-07-05-2365-renew-2024-07-10,,,slots_full,0,,昆盈,,,,,leader_entry,,0,buy,2024-07-10,,,,2365
,event,2024-07-11,2024-07-g013-2024-07-04-3374-renew-2024-07-10,,,slots_full,0,,精材,,,,,leader_entry,,0,buy,2024-07-10,,,,3374
,event,2024-07-11,2024-07-g002-2024-07-10-1513,,,slots_full,0,,中興電,,,,,leader_entry,,0,buy,2024-07-10,,,,1513
,event,2024-07-11,2024-07-g015-2024-07-10-3363,,,slots_full,0,,上詮,,,,,leader_entry,,0,buy,2024-07-10,,,,3363
,event,2024-07-12,2024-07-g009-2024-07-05-2365-renew-2024-07-11,,,slots_full,0,,昆盈,,,,,leader_entry,,0,buy,2024-07-11,,,,2365
,event,2024-07-12,2024-07-g002-2024-07-10-1513-renew-2024-07-11,,,slots_full,0,,中興電,,,,,leader_entry,,0,buy,2024-07-11,,,,1513
,event,2024-07-12,2024-07-g015-2024-07-10-3363-renew-2024-07-11,,,slots_full,0,,上詮,,,,,leader_entry,,0,buy,2024-07-11,,,,3363
18000.0,board,2024-07-15,2024-05-g012-2024-05-07-2540-renew-2024-05-10,daily_high_low_midpoint_proxy,13:30:00,,3000,175.5,愛山林,08:59:00,0.01,348682847.725,1814509.1,stagnant20,204.25,3000,sell,2024-07-12,213.5,195.0,3713433.0,2540
524.0,odd,2024-07-15,2024-05-g012-2024-05-07-2540-renew-2024-05-10,daily_high_low_midpoint_proxy,13:30:00,,200,175.5,愛山林,09:00:00,0.01,348682847.725,1814509.1,stagnant20,208.5,200,sell,2024-07-12,213.5,203.5,52446.0,2540
,event,2024-07-15,2024-07-g002-2024-07-10-1513-renew-2024-07-12,,,resource_slots_locked,0,,中興電,,,,,leader_entry,,871,buy,2024-07-12,,,,1513
,event,2024-07-15,2024-07-g015-2024-07-10-3363-renew-2024-07-12,,,resource_slots_locked,0,,上詮,,,,,leader_entry,,1130,buy,2024-07-12,,,,3363
293000.0,board,2024-07-16,2024-07-g002-2024-07-10-1513-renew-2024-07-15,daily_high_low_midpoint_proxy,13:30:00,,2000,259.0,中興電,08:59:00,0.01,6195011479.475,29328211.55,leader_entry,232.25,2000,buy,2024-07-15,239.0,225.5,37333901.0,1513
4342.0,odd,2024-07-16,2024-07-g002-2024-07-10-1513-renew-2024-07-15,daily_high_low_midpoint_proxy,13:30:00,,552,259.0,中興電,09:00:00,0.01,6195011479.475,29328211.55,leader_entry,232.25,552,buy,2024-07-15,238.5,226.0,434282.0,1513
,event,2024-07-16,2024-07-g015-2024-07-10-3363-renew-2024-07-15,,,slots_full,0,,上詮,,,,,leader_entry,,0,buy,2024-07-15,,,,3363
,event,2024-07-17,2024-07-g002-2024-07-10-1513-renew-2024-07-16,,,overlapping_member,0,,中興電,,,,,leader_entry,,0,buy,2024-07-16,,,,1513
93000.0,board,2024-07-30,2024-07-g010-2024-07-01-3105,daily_high_low_midpoint_proxy,13:30:00,,3000,134.0,穩懋,08:59:00,0.01,1606482768.85,9354415.25,loss12,145.25,3000,sell,2024-07-29,149.0,141.5,11814445.0,3105
1025.0,odd,2024-07-30,2024-07-g010-2024-07-01-3105,daily_high_low_midpoint_proxy,13:30:00,,458,134.0,穩懋,09:00:00,0.01,1606482768.85,9354415.25,loss12,146.0,458,sell,2024-07-29,150.0,142.0,102577.0,3105
8000.0,board,2024-07-30,2024-07-g006-2024-07-01-5243-renew-2024-07-03,daily_high_low_midpoint_proxy,13:30:00,,8000,53.7,乙盛-KY,08:59:00,0.01,379201145.96000004,5584888.8,loss12,60.4,8000,sell,2024-07-29,61.5,59.3,849300.0,5243
62.0,odd,2024-07-30,2024-07-g006-2024-07-01-5243-renew-2024-07-03,daily_high_low_midpoint_proxy,13:30:00,partial_midpoint_daily_capacity,62,53.7,乙盛-KY,09:00:00,0.01,379201145.96000004,5584888.8,loss12,60.4,326,sell,2024-07-29,61.3,59.5,6250.0,5243
199000.0,board,2024-07-30,2024-07-g002-2024-07-10-1513-renew-2024-07-15,daily_high_low_midpoint_proxy,13:30:00,,2000,175.0,中興電,08:59:00,0.01,7213000644.425,33271413.85,loss12,193.0,2000,sell,2024-07-29,197.5,188.5,19915134.0,1513
1631.0,odd,2024-07-30,2024-07-g002-2024-07-10-1513-renew-2024-07-15,daily_high_low_midpoint_proxy,13:30:00,,552,175.0,中興電,09:00:00,0.01,7213000644.425,33271413.85,loss12,193.5,552,sell,2024-07-29,197.5,189.5,163149.0,1513
45.0,odd,2024-07-31,2024-07-g006-2024-07-01-5243-renew-2024-07-03,daily_high_low_midpoint_proxy,13:30:00,partial_midpoint_daily_capacity,45,55.4,乙盛-KY,09:00:00,0.01,300267912.12,4389951.2,loss12,61.5,264,sell,2024-07-29,62.0,61.0,4535.0,5243
59.0,odd,2024-08-01,2024-07-g006-2024-07-01-5243-renew-2024-07-03,daily_high_low_midpoint_proxy,13:30:00,partial_midpoint_daily_capacity,59,55.5,乙盛-KY,09:00:00,0.01,257919698.035,3776446.05,loss12,63.55,219,sell,2024-07-29,64.0,63.1,5949.0,5243
72.0,odd,2024-08-02,2024-07-g006-2024-07-01-5243-renew-2024-07-03,daily_high_low_midpoint_proxy,13:30:00,partial_midpoint_daily_capacity,72,57.3,乙盛-KY,09:00:00,0.01,236777384.40500003,3464962.15,loss12,61.2,160,sell,2024-07-29,62.3,60.1,7247.0,5243
177.0,odd,2024-08-05,2024-07-g006-2024-07-01-5243-renew-2024-07-03,daily_high_low_midpoint_proxy,13:30:00,,88,54.7,乙盛-KY,09:00:00,0.01,174094054.08499998,2598827.35,loss12,55.1,88,sell,2024-07-29,55.5,54.7,17743.0,5243
274.0,odd,2024-08-07,2024-08-g004-2024-08-06-3131,daily_high_low_midpoint_proxy,13:30:00,partial_midpoint_daily_capacity,274,1725.0,弘塑,09:00:00,0.01,1477661649.75,1010905.15,leader_entry,1592.5,334,buy,2024-08-06,1650.0,1535.0,27486.0,3131
,event,2024-08-08,2024-08-g004-2024-08-06-3131-renew-2024-08-07,,,overlapping_member,0,,弘塑,,,,,leader_entry,,0,buy,2024-08-07,,,,3131
,event,2024-08-09,2024-08-g004-2024-08-06-3131-renew-2024-08-08,,,overlapping_member,0,,弘塑,,,,,leader_entry,,0,buy,2024-08-08,,,,3131
,event,2024-08-12,2024-08-g004-2024-08-06-3131-renew-2024-08-09,,,overlapping_member,0,,弘塑,,,,,leader_entry,,0,buy,2024-08-09,,,,3131
72000.0,board,2024-08-12,2024-08-g011-2024-08-09-8374,daily_high_low_midpoint_proxy,13:30:00,,4000,146.0,羅昇,08:59:00,0.01,852585187.775,7289561.9,leader_entry,130.5,4000,buy,2024-08-09,140.5,120.5,38284167.0,8374
698.0,odd,2024-08-12,2024-08-g011-2024-08-09-8374,daily_high_low_midpoint_proxy,13:30:00,,4,146.0,羅昇,09:00:00,0.01,852585187.775,7289561.9,leader_entry,131.0,4,buy,2024-08-09,140.0,122.0,69856.0,8374
71000.0,board,2024-08-12,2024-08-g010-2024-08-09-6215,daily_high_low_midpoint_proxy,13:30:00,,7000,73.2,和椿,08:59:00,0.01,443372990.58500004,7191851.2,leader_entry,65.6,7000,buy,2024-08-09,68.4,62.8,23301503.0,6215
469.0,odd,2024-08-12,2024-08-g010-2024-08-09-6215,daily_high_low_midpoint_proxy,13:30:00,partial_midpoint_daily_capacity,469,73.2,和椿,09:00:00,0.01,443372990.58500004,7191851.2,leader_entry,65.55,986,buy,2024-08-09,67.8,63.3,46972.0,6215
,event,2024-08-13,2024-08-g004-2024-08-06-3131-renew-2024-08-12,,,overlapping_member,0,,弘塑,,,,,leader_entry,,0,buy,2024-08-12,,,,3131
,event,2024-08-13,2024-08-g003-2024-08-12-3019,,,slots_full,0,,亞光,,,,,leader_entry,,0,buy,2024-08-12,,,,3019
,event,2024-08-13,2024-08-g010-2024-08-09-6215-renew-2024-08-12,,,overlapping_member,0,,和椿,,,,,leader_entry,,0,buy,2024-08-12,,,,6215
,event,2024-08-14,2024-08-g011-2024-08-09-8374-renew-2024-08-13,,,overlapping_member,0,,羅昇,,,,,leader_entry,,0,buy,2024-08-13,,,,8374
,event,2024-08-14,2024-08-g003-2024-08-12-3019-renew-2024-08-13,,,slots_full,0,,亞光,,,,,leader_entry,,0,buy,2024-08-13,,,,3019
,event,2024-08-14,2024-08-g010-2024-08-09-6215-renew-2024-08-13,,,overlapping_member,0,,和椿,,,,,leader_entry,,0,buy,2024-08-13,,,,6215
,event,2024-08-15,2024-08-g011-2024-08-09-8374-renew-2024-08-14,,,overlapping_member,0,,羅昇,,,,,leader_entry,,0,buy,2024-08-14,,,,8374
,event,2024-08-15,2024-08-g003-2024-08-12-3019-renew-2024-08-14,,,slots_full,0,,亞光,,,,,leader_entry,,0,buy,2024-08-14,,,,3019
,event,2024-08-15,2024-08-g010-2024-08-09-6215-renew-2024-08-14,,,overlapping_member,0,,和椿,,,,,leader_entry,,0,buy,2024-08-14,,,,6215
,event,2024-08-16,2024-08-g011-2024-08-09-8374-renew-2024-08-15,,,overlapping_member,0,,羅昇,,,,,leader_entry,,0,buy,2024-08-15,,,,8374
,event,2024-08-16,2024-08-g003-2024-08-12-3019-renew-2024-08-15,,,slots_full,0,,亞光,,,,,leader_entry,,0,buy,2024-08-15,,,,3019
,event,2024-08-16,2024-08-g010-2024-08-09-6215-renew-2024-08-15,,,overlapping_member,0,,和椿,,,,,leader_entry,,0,buy,2024-08-15,,,,6215
,event,2024-08-19,2024-08-g003-2024-08-12-3019-renew-2024-08-16,,,slots_full,0,,亞光,,,,,leader_entry,,0,buy,2024-08-16,,,,3019
,event,2024-08-19,2024-08-g001-2024-08-16-2881,,,slots_full,0,,富邦金,,,,,leader_entry,,0,buy,2024-08-16,,,,2881
,event,2024-08-20,2024-08-g001-2024-08-16-2881-renew-2024-08-19,,,slots_full,0,,富邦金,,,,,leader_entry,,0,buy,2024-08-19,,,,2881
,event,2024-08-21,2024-08-g001-2024-08-16-2881-renew-2024-08-20,,,slots_full,0,,富邦金,,,,,leader_entry,,0,buy,2024-08-20,,,,2881
,event,2024-08-22,2024-08-g001-2024-08-16-2881-renew-2024-08-21,,,slots_full,0,,富邦金,,,,,leader_entry,,0,buy,2024-08-21,,,,2881
,event,2024-08-23,2024-08-g001-2024-08-16-2881-renew-2024-08-22,,,slots_full,0,,富邦金,,,,,leader_entry,,0,buy,2024-08-22,,,,2881
,event,2024-09-02,2024-08-g006-2024-08-30-1808,,,slots_full,0,,潤隆,,,,,leader_entry,,0,buy,2024-08-30,,,,1808
,event,2024-09-03,2024-09-g020-2024-09-02-4763,,,slots_full,0,,材料*-KY,,,,,leader_entry,,0,buy,2024-09-02,,,,4763
,event,2024-09-03,2024-08-g006-2024-08-30-1808-renew-2024-09-02,,,slots_full,0,,潤隆,,,,,leader_entry,,0,buy,2024-09-02,,,,1808
,event,2024-09-04,2024-09-g020-2024-09-02-4763-renew-2024-09-03,,,slots_full,0,,材料*-KY,,,,,leader_entry,,0,buy,2024-09-03,,,,4763
,event,2024-09-04,2024-08-g006-2024-08-30-1808-renew-2024-09-03,,,slots_full,0,,潤隆,,,,,leader_entry,,0,buy,2024-09-03,,,,1808
,event,2024-09-06,2024-09-g003-2024-09-05-5234,,,slots_full,0,,達興材料,,,,,leader_entry,,0,buy,2024-09-05,,,,5234
,event,2024-09-06,2024-08-g006-2024-08-30-1808-renew-2024-09-05,,,slots_full,0,,潤隆,,,,,leader_entry,,0,buy,2024-09-05,,,,1808
,event,2024-09-06,2024-09-g020-2024-09-02-4763-renew-2024-09-05,,,slots_full,0,,材料*-KY,,,,,leader_entry,,0,buy,2024-09-05,,,,4763
212.0,odd,2024-09-09,2024-08-g004-2024-08-06-3131,daily_high_low_midpoint_proxy,13:30:00,partial_midpoint_daily_capacity,212,1505.0,弘塑,09:00:00,0.01,2407544009.0,1286716.5,stagnant20,1692.5,274,sell,2024-09-06,1730.0,1655.0,21224.0,3131
,event,2024-09-09,2024-09-g003-2024-09-05-5234-renew-2024-09-06,,,slots_full,0,,達興材料,,,,,leader_entry,,0,buy,2024-09-06,,,,5234
,event,2024-09-09,2024-09-g020-2024-09-02-4763-renew-2024-09-06,,,slots_full,0,,材料*-KY,,,,,leader_entry,,0,buy,2024-09-06,,,,4763
282.0,odd,2024-09-10,2024-08-g004-2024-08-06-3131,daily_high_low_midpoint_proxy,13:30:00,,62,1485.0,弘塑,09:00:00,0.01,2426069254.25,1298456.9,stagnant20,1697.5,62,sell,2024-09-06,1755.0,1640.0,28205.0,3131
46000.0,board,2024-09-11,2024-08-g010-2024-08-09-6215,daily_high_low_midpoint_proxy,13:30:00,,7000,57.8,和椿,08:59:00,0.01,894814675.6850001,13246756.15,stagnant20,63.95,7000,sell,2024-09-10,65.2,62.7,4658156.0,6215
165.0,odd,2024-09-11,2024-08-g010-2024-08-09-6215,daily_high_low_midpoint_proxy,13:30:00,partial_midpoint_daily_capacity,165,57.8,和椿,09:00:00,0.01,894814675.6850001,13246756.15,stagnant20,63.75,469,sell,2024-09-10,64.5,63.0,16522.0,6215
148.0,odd,2024-09-12,2024-08-g010-2024-08-09-6215,daily_high_low_midpoint_proxy,13:30:00,partial_midpoint_daily_capacity,148,56.5,和椿,09:00:00,0.01,798533068.315,11834487.0,stagnant20,65.8,304,sell,2024-09-10,68.0,63.6,14802.0,6215
105000.0,board,2024-09-13,2024-08-g011-2024-08-09-8374,daily_high_low_midpoint_proxy,13:30:00,,4000,130.5,羅昇,08:59:00,0.01,2974223092.775,20348276.3,stagnant20,146.75,4000,sell,2024-09-12,149.5,144.0,10590634.0,8374
152.0,odd,2024-09-13,2024-08-g011-2024-08-09-8374,daily_high_low_midpoint_proxy,13:30:00,,4,130.5,羅昇,09:00:00,0.01,2974223092.775,20348276.3,stagnant20,146.75,4,sell,2024-09-12,149.0,144.5,15292.0,8374
124.0,odd,2024-09-13,2024-08-g010-2024-08-09-6215,daily_high_low_midpoint_proxy,13:30:00,partial_midpoint_daily_capacity,124,60.4,和椿,09:00:00,0.01,800590062.155,11857610.95,stagnant20,66.4,156,sell,2024-09-10,67.5,65.3,12472.0,6215
138.0,odd,2024-09-16,2024-08-g010-2024-08-09-6215,daily_high_low_midpoint_proxy,13:30:00,,32,59.9,和椿,09:00:00,0.01,786905456.76,11662813.2,stagnant20,66.8,32,sell,2024-09-10,68.0,65.6,13855.0,6215
100000.0,board,2024-09-16,2024-09-g010-2024-09-13-6274,daily_high_low_midpoint_proxy,13:30:00,,2000,202.5,台燿,08:59:00,0.01,1741770399.675,10018533.05,leader_entry,187.5,2000,buy,2024-09-13,193.0,182.0,22410401.0,6274
1142.0,odd,2024-09-16,2024-09-g010-2024-09-13-6274,daily_high_low_midpoint_proxy,13:30:00,,940,202.5,台燿,09:00:00,0.01,1741770399.675,10018533.05,leader_entry,187.25,940,buy,2024-09-13,191.5,183.0,114208.0,6274
,event,2024-09-18,2024-09-g010-2024-09-13-6274-renew-2024-09-16,,,overlapping_member,0,,台燿,,,,,leader_entry,,0,buy,2024-09-16,,,,6274
79000.0,board,2024-09-19,2024-09-g012-2024-09-18-3167,daily_high_low_midpoint_proxy,13:30:00,,5000,106.0,大量,08:59:00,0.01,723320156.88,7972517.35,leader_entry,101.4,5000,buy,2024-09-18,106.0,96.8,29451521.0,3167
613.0,odd,2024-09-19,2024-09-g012-2024-09-18-3167,daily_high_low_midpoint_proxy,13:30:00,,494,106.0,大量,09:00:00,0.01,723320156.88,7972517.35,leader_entry,101.6,494,buy,2024-09-18,106.0,97.2,61308.0,3167
,event,2024-09-20,2024-09-g010-2024-09-13-6274-renew-2024-09-19,,,overlapping_member,0,,台燿,,,,,leader_entry,,0,buy,2024-09-19,,,,6274
,event,2024-09-20,2024-09-g012-2024-09-18-3167-renew-2024-09-19,,,overlapping_member,0,,大量,,,,,leader_entry,,0,buy,2024-09-19,,,,3167
1493.0,odd,2024-09-20,2024-09-g008-2024-09-19-2357,daily_high_low_midpoint_proxy,13:30:00,,958,625.0,華碩,09:00:00,0.01,1935670731.2,3568379.95,leader_entry,584.5,958,buy,2024-09-19,596.0,573.0,149387.0,2357
,event,2024-09-23,2024-09-g012-2024-09-18-3167-renew-2024-09-20,,,overlapping_member,0,,大量,,,,,leader_entry,,0,buy,2024-09-20,,,,3167
,event,2024-09-23,2024-09-g010-2024-09-13-6274-renew-2024-09-20,,,overlapping_member,0,,台燿,,,,,leader_entry,,0,buy,2024-09-20,,,,6274
,event,2024-09-23,2024-09-g008-2024-09-19-2357-renew-2024-09-20,,,overlapping_member,0,,華碩,,,,,leader_entry,,0,buy,2024-09-20,,,,2357
,event,2024-09-23,2024-09-g015-2024-09-20-3653,,,slots_full,0,,健策,,,,,leader_entry,,0,buy,2024-09-20,,,,3653
,event,2024-09-24,2024-09-g012-2024-09-18-3167-renew-2024-09-23,,,overlapping_member,0,,大量,,,,,leader_entry,,0,buy,2024-09-23,,,,3167
,event,2024-09-24,2024-09-g008-2024-09-19-2357-renew-2024-09-23,,,overlapping_member,0,,華碩,,,,,leader_entry,,0,buy,2024-09-23,,,,2357
,event,2024-09-25,2024-09-g012-2024-09-18-3167-renew-2024-09-24,,,overlapping_member,0,,大量,,,,,leader_entry,,0,buy,2024-09-24,,,,3167
,event,2024-09-25,2024-09-g008-2024-09-19-2357-renew-2024-09-24,,,overlapping_member,0,,華碩,,,,,leader_entry,,0,buy,2024-09-24,,,,2357
,event,2024-09-25,2024-09-g001-2024-09-24-2882,,,slots_full,0,,國泰金,,,,,leader_entry,,0,buy,2024-09-24,,,,2882
,event,2024-09-26,2024-09-g001-2024-09-24-2882-renew-2024-09-25,,,slots_full,0,,國泰金,,,,,leader_entry,,0,buy,2024-09-25,,,,2882
,event,2024-09-26,2024-09-g008-2024-09-19-2357-renew-2024-09-25,,,overlapping_member,0,,華碩,,,,,leader_entry,,0,buy,2024-09-25,,,,2357
,event,2024-09-26,2024-09-g004-2024-09-25-5871,,,slots_full,0,,中租-KY,,,,,leader_entry,,0,buy,2024-09-25,,,,5871
,event,2024-09-27,2024-09-g019-2024-09-26-4979,,,slots_full,0,,華星光,,,,,leader_entry,,0,buy,2024-09-26,,,,4979
,event,2024-09-27,2024-09-g001-2024-09-24-2882-renew-2024-09-26,,,slots_full,0,,國泰金,,,,,leader_entry,,0,buy,2024-09-26,,,,2882
,event,2024-09-27,2024-09-g007-2024-09-26-2543,,,slots_full,0,,皇昌,,,,,leader_entry,,0,buy,2024-09-26,,,,2543
,event,2024-09-27,2024-09-g004-2024-09-25-5871-renew-2024-09-26,,,slots_full,0,,中租-KY,,,,,leader_entry,,0,buy,2024-09-26,,,,5871
,event,2024-09-30,2024-09-g004-2024-09-25-5871-renew-2024-09-27,,,slots_full,0,,中租-KY,,,,,leader_entry,,0,buy,2024-09-27,,,,5871
,event,2024-09-30,2024-09-g001-2024-09-24-2882-renew-2024-09-27,,,slots_full,0,,國泰金,,,,,leader_entry,,0,buy,2024-09-27,,,,2882
,event,2024-09-30,2024-09-g007-2024-09-26-2543-renew-2024-09-27,,,slots_full,0,,皇昌,,,,,leader_entry,,0,buy,2024-09-27,,,,2543
,event,2024-10-01,2024-09-g019-2024-09-26-4979-renew-2024-09-30,,,slots_full,0,,華星光,,,,,leader_entry,,0,buy,2024-09-30,,,,4979
,event,2024-10-01,2024-09-g004-2024-09-25-5871-renew-2024-09-30,,,slots_full,0,,中租-KY,,,,,leader_entry,,0,buy,2024-09-30,,,,5871
,event,2024-10-01,2024-09-g007-2024-09-26-2543-renew-2024-09-30,,,slots_full,0,,皇昌,,,,,leader_entry,,0,buy,2024-09-30,,,,2543
,event,2024-10-01,2024-09-g001-2024-09-24-2882-renew-2024-09-30,,,slots_full,0,,國泰金,,,,,leader_entry,,0,buy,2024-09-30,,,,2882
,event,2024-10-04,2024-10-g004-2024-10-01-4563,,,slots_full,0,,百德,,,,,leader_entry,,0,buy,2024-10-01,,,,4563
,event,2024-10-04,2024-09-g019-2024-09-26-4979-renew-2024-10-01,,,slots_full,0,,華星光,,,,,leader_entry,,0,buy,2024-10-01,,,,4979
,event,2024-10-04,2024-09-g007-2024-09-26-2543-renew-2024-10-01,,,slots_full,0,,皇昌,,,,,leader_entry,,0,buy,2024-10-01,,,,2543
,event,2024-10-04,2024-09-g004-2024-09-25-5871-renew-2024-10-01,,,slots_full,0,,中租-KY,,,,,leader_entry,,0,buy,2024-10-01,,,,5871
,event,2024-10-07,2024-10-g004-2024-10-01-4563-renew-2024-10-04,,,slots_full,0,,百德,,,,,leader_entry,,0,buy,2024-10-04,,,,4563
,event,2024-10-07,2024-09-g019-2024-09-26-4979-renew-2024-10-04,,,slots_full,0,,華星光,,,,,leader_entry,,0,buy,2024-10-04,,,,4979
,event,2024-10-07,2024-09-g007-2024-09-26-2543-renew-2024-10-04,,,slots_full,0,,皇昌,,,,,leader_entry,,0,buy,2024-10-04,,,,2543
,event,2024-10-08,2024-10-g004-2024-10-01-4563-renew-2024-10-07,,,slots_full,0,,百德,,,,,leader_entry,,0,buy,2024-10-07,,,,4563
,event,2024-10-09,2024-10-g004-2024-10-01-4563-renew-2024-10-08,,,slots_full,0,,百德,,,,,leader_entry,,0,buy,2024-10-08,,,,4563
,event,2024-10-11,2024-10-g004-2024-10-01-4563-renew-2024-10-09,,,slots_full,0,,百德,,,,,leader_entry,,0,buy,2024-10-09,,,,4563
,event,2024-10-16,2024-10-g003-2024-10-15-1560,,,slots_full,0,,中砂,,,,,leader_entry,,0,buy,2024-10-15,,,,1560
,event,2024-10-16,2024-10-g018-2024-10-15-4908,,,slots_full,0,,前鼎,,,,,leader_entry,,0,buy,2024-10-15,,,,4908
,event,2024-10-17,2024-10-g003-2024-10-15-1560-renew-2024-10-16,,,slots_full,0,,中砂,,,,,leader_entry,,0,buy,2024-10-16,,,,1560
,event,2024-10-17,2024-10-g018-2024-10-15-4908-renew-2024-10-16,,,slots_full,0,,前鼎,,,,,leader_entry,,0,buy,2024-10-16,,,,4908
72000.0,board,2024-10-18,2024-09-g010-2024-09-13-6274,daily_high_low_midpoint_proxy,13:30:00,,2000,152.0,台燿,08:59:00,0.01,1398818727.775,7899374.15,stagnant20,167.75,2000,sell,2024-10-17,170.5,165.0,7257199.0,6274
1078.0,odd,2024-10-18,2024-09-g010-2024-09-13-6274,daily_high_low_midpoint_proxy,13:30:00,,940,152.0,台燿,09:00:00,0.01,1398818727.775,7899374.15,stagnant20,168.0,940,sell,2024-10-17,170.0,166.0,107830.0,6274
,event,2024-10-18,2024-10-g003-2024-10-15-1560-renew-2024-10-17,,,resource_slots_locked,0,,中砂,,,,,leader_entry,,320,buy,2024-10-17,,,,1560
355000.0,board,2024-10-21,2024-10-g014-2024-10-18-3013,daily_high_low_midpoint_proxy,13:30:00,,3000,174.5,晟銘電,08:59:00,0.01,4893133270.45,35583112.85,leader_entry,160.0,3000,buy,2024-10-18,164.5,155.5,48324449.0,3013
1209.0,odd,2024-10-21,2024-10-g014-2024-10-18-3013,daily_high_low_midpoint_proxy,13:30:00,,474,174.5,晟銘電,09:00:00,0.01,4893133270.45,35583112.85,leader_entry,159.5,474,buy,2024-10-18,163.0,156.0,120934.0,3013
,event,2024-10-21,2024-10-g003-2024-10-15-1560-renew-2024-10-18,,,slots_full,0,,中砂,,,,,leader_entry,,0,buy,2024-10-18,,,,1560
,event,2024-10-22,2024-10-g014-2024-10-18-3013-renew-2024-10-21,,,overlapping_member,0,,晟銘電,,,,,leader_entry,,0,buy,2024-10-21,,,,3013
,event,2024-10-22,2024-10-g015-2024-10-21-3533,,,slots_full,0,,嘉澤,,,,,leader_entry,,0,buy,2024-10-21,,,,3533
,event,2024-10-22,2024-10-g010-2024-10-21-6526,,,slots_full,0,,達發,,,,,leader_entry,,0,buy,2024-10-21,,,,6526
,event,2024-10-22,2024-10-g003-2024-10-15-1560-renew-2024-10-21,,,slots_full,0,,中砂,,,,,leader_entry,,0,buy,2024-10-21,,,,1560
,event,2024-10-23,2024-10-g014-2024-10-18-3013-renew-2024-10-22,,,overlapping_member,0,,晟銘電,,,,,leader_entry,,0,buy,2024-10-22,,,,3013
,event,2024-10-23,2024-10-g015-2024-10-21-3533-renew-2024-10-22,,,slots_full,0,,嘉澤,,,,,leader_entry,,0,buy,2024-10-22,,,,3533
,event,2024-10-23,2024-10-g010-2024-10-21-6526-renew-2024-10-22,,,slots_full,0,,達發,,,,,leader_entry,,0,buy,2024-10-22,,,,6526
387.0,odd,2024-10-24,2024-09-g008-2024-09-19-2357,daily_high_low_midpoint_proxy,13:30:00,partial_midpoint_daily_capacity,387,532.0,華碩,09:00:00,0.01,2051447643.55,3516849.1,stagnant20,589.0,958,sell,2024-10-23,592.0,586.0,38757.0,2357
,event,2024-10-24,2024-10-g014-2024-10-18-3013-renew-2024-10-23,,,overlapping_member,0,,晟銘電,,,,,leader_entry,,0,buy,2024-10-23,,,,3013
,event,2024-10-24,2024-10-g015-2024-10-21-3533-renew-2024-10-23,,,slots_full,0,,嘉澤,,,,,leader_entry,,0,buy,2024-10-23,,,,3533
,event,2024-10-24,2024-10-g010-2024-10-21-6526-renew-2024-10-23,,,slots_full,0,,達發,,,,,leader_entry,,0,buy,2024-10-23,,,,6526
195.0,odd,2024-10-25,2024-09-g008-2024-09-19-2357,daily_high_low_midpoint_proxy,13:30:00,partial_midpoint_daily_capacity,195,526.0,華碩,09:00:00,0.01,1974676086.4,3387399.25,stagnant20,590.5,571,sell,2024-10-23,593.0,588.0,19523.0,2357
,event,2024-10-25,2024-10-g014-2024-10-18-3013-renew-2024-10-24,,,overlapping_member,0,,晟銘電,,,,,leader_entry,,0,buy,2024-10-24,,,,3013
,event,2024-10-25,2024-10-g015-2024-10-21-3533-renew-2024-10-24,,,residual_exposure_cap,0,,嘉澤,,,,,leader_entry,,235,buy,2024-10-24,,,,3533
,event,2024-10-25,2024-10-g008-2024-10-24-2354,,,residual_exposure_cap,0,,鴻準,,,,,leader_entry,,5569,buy,2024-10-24,,,,2354
278.0,odd,2024-10-28,2024-09-g008-2024-09-19-2357,daily_high_low_midpoint_proxy,13:30:00,partial_midpoint_daily_capacity,278,532.0,華碩,09:00:00,0.01,1924228076.8,3302907.35,stagnant20,593.5,376,sell,2024-10-23,596.0,591.0,27879.0,2357
,event,2024-10-28,2024-10-g015-2024-10-21-3533-renew-2024-10-25,,,residual_exposure_cap,0,,嘉澤,,,,,leader_entry,,313,buy,2024-10-25,,,,3533
,event,2024-10-28,2024-10-g008-2024-10-24-2354-renew-2024-10-25,,,residual_exposure_cap,0,,鴻準,,,,,leader_entry,,7582,buy,2024-10-25,,,,2354
841.0,odd,2024-10-29,2024-09-g008-2024-09-19-2357,daily_high_low_midpoint_proxy,13:30:00,,98,536.0,華碩,09:00:00,0.01,1841464156.8,3160394.5,stagnant20,584.5,98,sell,2024-10-23,590.0,579.0,84193.0,2357
205000.0,board,2024-10-29,2024-10-g008-2024-10-24-2354-renew-2024-10-28,daily_high_low_midpoint_proxy,13:30:00,,6000,78.9,鴻準,08:59:00,0.01,1441111707.99,20576762.85,leader_entry,71.3,6000,buy,2024-10-28,73.6,69.0,46733038.0,2354
1861.0,odd,2024-10-29,2024-10-g008-2024-10-24-2354-renew-2024-10-28,daily_high_low_midpoint_proxy,13:30:00,,987,78.9,鴻準,09:00:00,0.01,1441111707.99,20576762.85,leader_entry,71.3,987,buy,2024-10-28,73.3,69.3,186192.0,2354
,event,2024-10-30,2024-10-g008-2024-10-24-2354-renew-2024-10-29,,,overlapping_member,0,,鴻準,,,,,leader_entry,,0,buy,2024-10-29,,,,2354
,event,2024-11-01,2024-10-g008-2024-10-24-2354-renew-2024-10-30,,,overlapping_member,0,,鴻準,,,,,leader_entry,,0,buy,2024-10-30,,,,2354
91000.0,board,2024-11-04,2024-09-g012-2024-09-18-3167,daily_high_low_midpoint_proxy,13:30:00,,5000,131.0,大量,08:59:00,0.01,1356519775.45,9120715.7,stagnant20,144.5,5000,sell,2024-11-01,150.0,139.0,12014897.0,3167
200.0,odd,2024-11-04,2024-09-g012-2024-09-18-3167,daily_high_low_midpoint_proxy,13:30:00,partial_midpoint_daily_capacity,200,131.0,大量,09:00:00,0.01,1356519775.45,9120715.7,stagnant20,144.75,494,sell,2024-11-01,150.0,139.5,20009.0,3167
270.0,odd,2024-11-05,2024-09-g012-2024-09-18-3167,daily_high_low_midpoint_proxy,13:30:00,partial_midpoint_daily_capacity,270,135.0,大量,09:00:00,0.01,1424162065.45,9571664.3,stagnant20,153.25,294,sell,2024-11-01,156.0,150.5,27014.0,3167
358000.0,board,2024-11-05,2024-11-g008-2024-11-04-3231,daily_high_low_midpoint_proxy,13:30:00,,5000,127.5,緯創,08:59:00,0.01,3977086149.925,35860419.35,leader_entry,117.5,5000,buy,2024-11-04,120.0,115.0,76098508.0,3231
9790.0,odd,2024-11-05,2024-11-g008-2024-11-04-3231,daily_high_low_midpoint_proxy,13:30:00,,262,127.5,緯創,09:00:00,0.01,3977086149.925,35860419.35,leader_entry,118.0,262,buy,2024-11-04,120.0,116.0,979089.0,3231
167.0,odd,2024-11-06,2024-09-g012-2024-09-18-3167,daily_high_low_midpoint_proxy,13:30:00,,24,137.5,大量,09:00:00,0.01,1506074978.6,10102637.55,stagnant20,153.0,24,sell,2024-11-01,155.0,151.0,16766.0,3167
,event,2024-11-06,2024-11-g008-2024-11-04-3231-renew-2024-11-05,,,overlapping_member,0,,緯創,,,,,leader_entry,,0,buy,2024-11-05,,,,3231
,event,2024-11-07,2024-11-g008-2024-11-04-3231-renew-2024-11-06,,,overlapping_member,0,,緯創,,,,,leader_entry,,0,buy,2024-11-06,,,,3231
,event,2024-11-08,2024-11-g019-2024-11-07-3037,,,slots_full,0,,欣興,,,,,leader_entry,,0,buy,2024-11-07,,,,3037
,event,2024-11-08,2024-11-g008-2024-11-04-3231-renew-2024-11-07,,,overlapping_member,0,,緯創,,,,,leader_entry,,0,buy,2024-11-07,,,,3231
,event,2024-11-08,2024-11-g004-2024-11-07-1815,,,slots_full,0,,富喬,,,,,leader_entry,,0,buy,2024-11-07,,,,1815
,event,2024-11-11,2024-11-g019-2024-11-07-3037-renew-2024-11-08,,,slots_full,0,,欣興,,,,,leader_entry,,0,buy,2024-11-08,,,,3037
,event,2024-11-11,2024-11-g008-2024-11-04-3231-renew-2024-11-08,,,overlapping_member,0,,緯創,,,,,leader_entry,,0,buy,2024-11-08,,,,3231
,event,2024-11-12,2024-11-g012-2024-11-11-3013,,,overlapping_member,0,,晟銘電,,,,,leader_entry,,0,buy,2024-11-11,,,,3013
,event,2024-11-12,2024-11-g019-2024-11-07-3037-renew-2024-11-11,,,slots_full,0,,欣興,,,,,leader_entry,,0,buy,2024-11-11,,,,3037
,event,2024-11-13,2024-11-g012-2024-11-11-3013-renew-2024-11-12,,,overlapping_member,0,,晟銘電,,,,,leader_entry,,0,buy,2024-11-12,,,,3013
,event,2024-11-14,2024-11-g019-2024-11-07-3037-renew-2024-11-13,,,slots_full,0,,欣興,,,,,leader_entry,,0,buy,2024-11-13,,,,3037
,event,2024-11-14,2024-11-g012-2024-11-11-3013-renew-2024-11-13,,,overlapping_member,0,,晟銘電,,,,,leader_entry,,0,buy,2024-11-13,,,,3013
,event,2024-11-14,2024-11-g004-2024-11-07-1815-renew-2024-11-13,,,slots_full,0,,富喬,,,,,leader_entry,,0,buy,2024-11-13,,,,1815
,event,2024-11-15,2024-11-g009-2024-11-14-3706,,,slots_full,0,,神達,,,,,leader_entry,,0,buy,2024-11-14,,,,3706
,event,2024-11-15,2024-11-g012-2024-11-11-3013-renew-2024-11-14,,,overlapping_member,0,,晟銘電,,,,,leader_entry,,0,buy,2024-11-14,,,,3013
,event,2024-11-15,2024-11-g006-2024-11-14-2357,,,slots_full,0,,華碩,,,,,leader_entry,,0,buy,2024-11-14,,,,2357
,event,2024-11-15,2024-11-g002-2024-11-14-1504,,,slots_full,0,,東元,,,,,leader_entry,,0,buy,2024-11-14,,,,1504
,event,2024-11-18,2024-11-g009-2024-11-14-3706-renew-2024-11-15,,,slots_full,0,,神達,,,,,leader_entry,,0,buy,2024-11-15,,,,3706
,event,2024-11-18,2024-11-g002-2024-11-14-1504-renew-2024-11-15,,,slots_full,0,,東元,,,,,leader_entry,,0,buy,2024-11-15,,,,1504
,event,2024-11-18,2024-11-g006-2024-11-14-2357-renew-2024-11-15,,,slots_full,0,,華碩,,,,,leader_entry,,0,buy,2024-11-15,,,,2357
222000.0,board,2024-11-19,2024-10-g014-2024-10-18-3013,daily_high_low_midpoint_proxy,13:30:00,,3000,132.5,晟銘電,08:59:00,0.01,5499451835.15,34135511.15,stagnant20,151.25,3000,sell,2024-11-18,155.5,147.0,22221743.0,3013
535.0,odd,2024-11-19,2024-10-g014-2024-10-18-3013,daily_high_low_midpoint_proxy,13:30:00,,474,132.5,晟銘電,09:00:00,0.01,5499451835.15,34135511.15,stagnant20,152.25,474,sell,2024-11-18,156.0,148.5,53596.0,3013
,event,2024-11-19,2024-11-g009-2024-11-14-3706-renew-2024-11-18,,,resource_slots_locked,0,,神達,,,,,leader_entry,,4141,buy,2024-11-18,,,,3706
,event,2024-11-19,2024-11-g002-2024-11-14-1504-renew-2024-11-18,,,resource_slots_locked,0,,東元,,,,,leader_entry,,5264,buy,2024-11-18,,,,1504
,event,2024-11-19,2024-11-g006-2024-11-14-2357-renew-2024-11-18,,,resource_slots_locked,0,,華碩,,,,,leader_entry,,450,buy,2024-11-18,,,,2357
762000.0,board,2024-11-20,2024-11-g009-2024-11-14-3706-renew-2024-11-19,daily_high_low_midpoint_proxy,13:30:00,,8000,80.5,神達,08:59:00,0.01,4963758047.1050005,76242656.55,leader_entry,73.85,8000,buy,2024-11-19,75.8,71.9,240876672.0,3706
2670.0,odd,2024-11-20,2024-11-g009-2024-11-14-3706-renew-2024-11-19,daily_high_low_midpoint_proxy,13:30:00,,455,80.5,神達,09:00:00,0.01,4963758047.1050005,76242656.55,leader_entry,73.8,455,buy,2024-11-19,75.3,72.3,267012.0,3706
,event,2024-11-20,2024-11-g006-2024-11-14-2357-renew-2024-11-19,,,slots_full,0,,華碩,,,,,leader_entry,,0,buy,2024-11-19,,,,2357
,event,2024-11-20,2024-11-g002-2024-11-14-1504-renew-2024-11-19,,,slots_full,0,,東元,,,,,leader_entry,,0,buy,2024-11-19,,,,1504
,event,2024-11-21,2024-11-g009-2024-11-14-3706-renew-2024-11-20,,,overlapping_member,0,,神達,,,,,leader_entry,,0,buy,2024-11-20,,,,3706
,event,2024-11-21,2024-11-g002-2024-11-14-1504-renew-2024-11-20,,,slots_full,0,,東元,,,,,leader_entry,,0,buy,2024-11-20,,,,1504
,event,2024-11-21,2024-11-g006-2024-11-14-2357-renew-2024-11-20,,,slots_full,0,,華碩,,,,,leader_entry,,0,buy,2024-11-20,,,,2357
,event,2024-11-25,2024-11-g014-2024-11-22-4971,,,slots_full,0,,IET-KY,,,,,leader_entry,,0,buy,2024-11-22,,,,4971
,event,2024-11-26,2024-11-g014-2024-11-22-4971-renew-2024-11-25,,,slots_full,0,,IET-KY,,,,,leader_entry,,0,buy,2024-11-25,,,,4971
,event,2024-11-26,2024-11-g001-2024-11-25-1802,,,slots_full,0,,台玻,,,,,leader_entry,,0,buy,2024-11-25,,,,1802
,event,2024-11-26,2024-11-g017-2024-11-25-2886,,,slots_full,0,,兆豐金,,,,,leader_entry,,0,buy,2024-11-25,,,,2886
,event,2024-11-27,2024-11-g014-2024-11-22-4971-renew-2024-11-26,,,slots_full,0,,IET-KY,,,,,leader_entry,,0,buy,2024-11-26,,,,4971
,event,2024-11-27,2024-11-g001-2024-11-25-1802-renew-2024-11-26,,,slots_full,0,,台玻,,,,,leader_entry,,0,buy,2024-11-26,,,,1802
,event,2024-11-27,2024-11-g017-2024-11-25-2886-renew-2024-11-26,,,slots_full,0,,兆豐金,,,,,leader_entry,,0,buy,2024-11-26,,,,2886
,event,2024-11-28,2024-11-g014-2024-11-22-4971-renew-2024-11-27,,,slots_full,0,,IET-KY,,,,,leader_entry,,0,buy,2024-11-27,,,,4971
,event,2024-11-28,2024-11-g017-2024-11-25-2886-renew-2024-11-27,,,slots_full,0,,兆豐金,,,,,leader_entry,,0,buy,2024-11-27,,,,2886
543000.0,board,2024-11-29,2024-10-g008-2024-10-24-2354-renew-2024-10-28,daily_high_low_midpoint_proxy,13:30:00,,6000,70.2,鴻準,08:59:00,0.01,11325800539.244999,127503330.3,stagnant20,79.25,6000,sell,2024-11-28,81.7,76.8,54339628.0,2354
1633.0,odd,2024-11-29,2024-10-g008-2024-10-24-2354-renew-2024-10-28,daily_high_low_midpoint_proxy,13:30:00,,987,70.2,鴻準,09:00:00,0.01,11325800539.244999,127503330.3,stagnant20,79.75,987,sell,2024-11-28,81.5,78.0,163327.0,2354
,event,2024-11-29,2024-11-g020-2024-11-28-4979,,,resource_slots_locked,0,,華星光,,,,,leader_entry,,980,buy,2024-11-28,,,,4979
,event,2024-11-29,2024-11-g014-2024-11-22-4971-renew-2024-11-28,,,resource_slots_locked,0,,IET-KY,,,,,leader_entry,,1874,buy,2024-11-28,,,,4971
,event,2024-11-29,2024-11-g017-2024-11-25-2886-renew-2024-11-28,,,resource_slots_locked,0,,兆豐金,,,,,leader_entry,,4256,buy,2024-11-28,,,,2886
206000.0,board,2024-12-02,2024-11-g020-2024-11-28-4979-renew-2024-11-29,daily_high_low_midpoint_proxy,13:30:00,,3000,203.5,華星光,08:59:00,0.01,3336309394.475,20660658.15,leader_entry,192.5,3000,buy,2024-11-29,203.5,181.5,70449648.0,4979
1960.0,odd,2024-12-02,2024-11-g020-2024-11-28-4979-renew-2024-11-29,daily_high_low_midpoint_proxy,13:30:00,,301,203.5,華星光,09:00:00,0.01,3336309394.475,20660658.15,leader_entry,192.5,301,buy,2024-11-29,203.0,182.0,196095.0,4979
,event,2024-12-02,2024-11-g018-2024-11-29-4968,,,slots_full,0,,立積,,,,,leader_entry,,0,buy,2024-11-29,,,,4968
,event,2024-12-02,2024-11-g017-2024-11-25-2886-renew-2024-11-29,,,slots_full,0,,兆豐金,,,,,leader_entry,,0,buy,2024-11-29,,,,2886
,event,2024-12-02,2024-11-g001-2024-11-25-1802-renew-2024-11-29,,,slots_full,0,,台玻,,,,,leader_entry,,0,buy,2024-11-29,,,,1802
270000.0,board,2024-12-03,2024-11-g008-2024-11-04-3231,daily_high_low_midpoint_proxy,13:30:00,,5000,103.0,緯創,08:59:00,0.01,6387238938.725,53790309.6,stagnant20,115.25,5000,sell,2024-12-02,117.0,113.5,27071136.0,3231
1406.0,odd,2024-12-03,2024-11-g008-2024-11-04-3231,daily_high_low_midpoint_proxy,13:30:00,,262,103.0,緯創,09:00:00,0.01,6387238938.725,53790309.6,stagnant20,115.25,262,sell,2024-12-02,116.5,114.0,140631.0,3231
,event,2024-12-03,2024-12-g025-2024-12-02-3558,,,resource_slots_locked,0,,神準,,,,,leader_entry,,353,buy,2024-12-02,,,,3558
,event,2024-12-03,2024-12-g020-2024-12-02-4968,,,resource_slots_locked,0,,立積,,,,,leader_entry,,374,buy,2024-12-02,,,,4968
,event,2024-12-03,2024-12-g023-2024-12-02-4979,,,overlapping_member,0,,華星光,,,,,leader_entry,,0,buy,2024-12-02,,,,4979
,event,2024-12-03,2024-12-g009-2024-12-02-5371,,,resource_slots_locked,0,,中強光電股份有限公司,,,,,leader_entry,,960,buy,2024-12-02,,,,5371
32000.0,board,2024-12-04,2024-12-g025-2024-12-02-3558-renew-2024-12-03,daily_high_low_midpoint_proxy,13:30:00,,2000,251.5,神準,08:59:00,0.01,647236719.25,3241103.8,leader_entry,225.75,2000,buy,2024-12-03,231.0,220.5,3617167.0,3558
385.0,odd,2024-12-04,2024-12-g025-2024-12-02-3558-renew-2024-12-03,daily_high_low_midpoint_proxy,13:30:00,partial_midpoint_daily_capacity,385,251.5,神準,09:00:00,0.01,647236719.25,3241103.8,leader_entry,224.75,694,buy,2024-12-03,228.5,221.0,38505.0,3558
,event,2024-12-04,2024-12-g023-2024-12-02-4979-renew-2024-12-03,,,overlapping_member,0,,華星光,,,,,leader_entry,,0,buy,2024-12-03,,,,4979
,event,2024-12-04,2024-12-g020-2024-12-02-4968-renew-2024-12-03,,,slots_full,0,,立積,,,,,leader_entry,,0,buy,2024-12-03,,,,4968
,event,2024-12-04,2024-12-g009-2024-12-02-5371-renew-2024-12-03,,,slots_full,0,,中強光電股份有限公司,,,,,leader_entry,,0,buy,2024-12-03,,,,5371
,event,2024-12-04,2024-12-g022-2024-12-03-3338,,,slots_full,0,,泰碩,,,,,leader_entry,,0,buy,2024-12-03,,,,3338
,event,2024-12-04,2024-12-g019-2024-12-03-2880,,,slots_full,0,,華南金,,,,,leader_entry,,0,buy,2024-12-03,,,,2880
,event,2024-12-05,2024-12-g025-2024-12-02-3558-renew-2024-12-04,,,overlapping_member,0,,神準,,,,,leader_entry,,0,buy,2024-12-04,,,,3558
,event,2024-12-05,2024-12-g023-2024-12-02-4979-renew-2024-12-04,,,overlapping_member,0,,華星光,,,,,leader_entry,,0,buy,2024-12-04,,,,4979
,event,2024-12-05,2024-12-g020-2024-12-02-4968-renew-2024-12-04,,,slots_full,0,,立積,,,,,leader_entry,,0,buy,2024-12-04,,,,4968
,event,2024-12-05,2024-12-g009-2024-12-02-5371-renew-2024-12-04,,,slots_full,0,,中強光電股份有限公司,,,,,leader_entry,,0,buy,2024-12-04,,,,5371
,event,2024-12-05,2024-12-g022-2024-12-03-3338-renew-2024-12-04,,,slots_full,0,,泰碩,,,,,leader_entry,,0,buy,2024-12-04,,,,3338
,event,2024-12-05,2024-12-g019-2024-12-03-2880-renew-2024-12-04,,,slots_full,0,,華南金,,,,,leader_entry,,0,buy,2024-12-04,,,,2880
,event,2024-12-05,2024-12-g007-2024-12-04-2458,,,slots_full,0,,義隆,,,,,leader_entry,,0,buy,2024-12-04,,,,2458
,event,2024-12-06,2024-12-g023-2024-12-02-4979-renew-2024-12-05,,,overlapping_member,0,,華星光,,,,,leader_entry,,0,buy,2024-12-05,,,,4979
,event,2024-12-06,2024-12-g014-2024-12-05-4977,,,slots_full,0,,眾達-KY,,,,,leader_entry,,0,buy,2024-12-05,,,,4977
,event,2024-12-06,2024-12-g020-2024-12-02-4968-renew-2024-12-05,,,slots_full,0,,立積,,,,,leader_entry,,0,buy,2024-12-05,,,,4968
,event,2024-12-06,2024-12-g025-2024-12-02-3558-renew-2024-12-05,,,overlapping_member,0,,神準,,,,,leader_entry,,0,buy,2024-12-05,,,,3558
,event,2024-12-06,2024-12-g011-2024-12-05-6669,,,slots_full,0,,緯穎,,,,,leader_entry,,0,buy,2024-12-05,,,,6669
,event,2024-12-06,2024-12-g009-2024-12-02-5371-renew-2024-12-05,,,slots_full,0,,中強光電股份有限公司,,,,,leader_entry,,0,buy,2024-12-05,,,,5371
,event,2024-12-06,2024-12-g022-2024-12-03-3338-renew-2024-12-05,,,slots_full,0,,泰碩,,,,,leader_entry,,0,buy,2024-12-05,,,,3338
,event,2024-12-06,2024-12-g019-2024-12-03-2880-renew-2024-12-05,,,slots_full,0,,華南金,,,,,leader_entry,,0,buy,2024-12-05,,,,2880
,event,2024-12-06,2024-12-g007-2024-12-04-2458-renew-2024-12-05,,,slots_full,0,,義隆,,,,,leader_entry,,0,buy,2024-12-05,,,,2458
,event,2024-12-09,2024-12-g014-2024-12-05-4977-renew-2024-12-06,,,slots_full,0,,眾達-KY,,,,,leader_entry,,0,buy,2024-12-06,,,,4977
,event,2024-12-09,2024-12-g023-2024-12-02-4979-renew-2024-12-06,,,overlapping_member,0,,華星光,,,,,leader_entry,,0,buy,2024-12-06,,,,4979
,event,2024-12-09,2024-12-g025-2024-12-02-3558-renew-2024-12-06,,,overlapping_member,0,,神準,,,,,leader_entry,,0,buy,2024-12-06,,,,3558
,event,2024-12-09,2024-12-g002-2024-12-06-2520,,,slots_full,0,,冠德,,,,,leader_entry,,0,buy,2024-12-06,,,,2520
,event,2024-12-09,2024-12-g020-2024-12-02-4968-renew-2024-12-06,,,slots_full,0,,立積,,,,,leader_entry,,0,buy,2024-12-06,,,,4968
,event,2024-12-09,2024-12-g011-2024-12-05-6669-renew-2024-12-06,,,slots_full,0,,緯穎,,,,,leader_entry,,0,buy,2024-12-06,,,,6669
,event,2024-12-09,2024-12-g022-2024-12-03-3338-renew-2024-12-06,,,slots_full,0,,泰碩,,,,,leader_entry,,0,buy,2024-12-06,,,,3338
,event,2024-12-09,2024-12-g019-2024-12-03-2880-renew-2024-12-06,,,slots_full,0,,華南金,,,,,leader_entry,,0,buy,2024-12-06,,,,2880
,event,2024-12-09,2024-12-g007-2024-12-04-2458-renew-2024-12-06,,,slots_full,0,,義隆,,,,,leader_entry,,0,buy,2024-12-06,,,,2458
,event,2024-12-10,2024-12-g014-2024-12-05-4977-renew-2024-12-09,,,slots_full,0,,眾達-KY,,,,,leader_entry,,0,buy,2024-12-09,,,,4977
,event,2024-12-10,2024-12-g011-2024-12-05-6669-renew-2024-12-09,,,slots_full,0,,緯穎,,,,,leader_entry,,0,buy,2024-12-09,,,,6669
,event,2024-12-10,2024-12-g002-2024-12-06-2520-renew-2024-12-09,,,slots_full,0,,冠德,,,,,leader_entry,,0,buy,2024-12-09,,,,2520
,event,2024-12-10,2024-12-g003-2024-12-09-1449,,,slots_full,0,,佳和,,,,,leader_entry,,0,buy,2024-12-09,,,,1449
,event,2024-12-10,2024-12-g019-2024-12-03-2880-renew-2024-12-09,,,slots_full,0,,華南金,,,,,leader_entry,,0,buy,2024-12-09,,,,2880
,event,2024-12-10,2024-12-g007-2024-12-04-2458-renew-2024-12-09,,,slots_full,0,,義隆,,,,,leader_entry,,0,buy,2024-12-09,,,,2458
,event,2024-12-11,2024-12-g014-2024-12-05-4977-renew-2024-12-10,,,slots_full,0,,眾達-KY,,,,,leader_entry,,0,buy,2024-12-10,,,,4977
,event,2024-12-11,2024-12-g011-2024-12-05-6669-renew-2024-12-10,,,slots_full,0,,緯穎,,,,,leader_entry,,0,buy,2024-12-10,,,,6669
,event,2024-12-11,2024-12-g007-2024-12-04-2458-renew-2024-12-10,,,slots_full,0,,義隆,,,,,leader_entry,,0,buy,2024-12-10,,,,2458
,event,2024-12-12,2024-12-g014-2024-12-05-4977-renew-2024-12-11,,,slots_full,0,,眾達-KY,,,,,leader_entry,,0,buy,2024-12-11,,,,4977
,event,2024-12-12,2024-12-g008-2024-12-11-2368,,,slots_full,0,,金像電,,,,,leader_entry,,0,buy,2024-12-11,,,,2368
,event,2024-12-12,2024-12-g011-2024-12-05-6669-renew-2024-12-11,,,slots_full,0,,緯穎,,,,,leader_entry,,0,buy,2024-12-11,,,,6669
,event,2024-12-13,2024-12-g008-2024-12-11-2368-renew-2024-12-12,,,slots_full,0,,金像電,,,,,leader_entry,,0,buy,2024-12-12,,,,2368
,event,2024-12-13,2024-12-g013-2024-12-12-3689,,,slots_full,0,,湧德,,,,,leader_entry,,0,buy,2024-12-12,,,,3689
,event,2024-12-13,2024-12-g005-2024-12-12-1524,,,slots_full,0,,耿鼎,,,,,leader_entry,,0,buy,2024-12-12,,,,1524
190000.0,board,2024-12-16,2024-11-g020-2024-11-28-4979-renew-2024-11-29,daily_high_low_midpoint_proxy,13:30:00,,3000,153.5,華星光,08:59:00,0.01,5318947646.625,28541977.3,loss12,169.0,3000,sell,2024-12-13,173.0,165.0,19075487.0,4979
1023.0,odd,2024-12-16,2024-11-g020-2024-11-28-4979-renew-2024-11-29,daily_high_low_midpoint_proxy,13:30:00,,301,153.5,華星光,09:00:00,0.01,5318947646.625,28541977.3,loss12,169.25,301,sell,2024-12-13,173.0,165.5,102343.0,4979
,event,2024-12-16,2024-12-g008-2024-12-11-2368-renew-2024-12-13,,,resource_slots_locked,0,,金像電,,,,,leader_entry,,602,buy,2024-12-13,,,,2368
,event,2024-12-16,2024-12-g013-2024-12-12-3689-renew-2024-12-13,,,resource_slots_locked,0,,湧德,,,,,leader_entry,,1342,buy,2024-12-13,,,,3689
,event,2024-12-16,2024-12-g005-2024-12-12-1524-renew-2024-12-13,,,resource_slots_locked,0,,耿鼎,,,,,leader_entry,,3531,buy,2024-12-13,,,,1524
112000.0,board,2024-12-17,2024-12-g008-2024-12-11-2368-renew-2024-12-16,daily_high_low_midpoint_proxy,13:30:00,,2000,264.5,金像電,08:59:00,0.01,2420601538.275,11258028.5,leader_entry,236.25,2000,buy,2024-12-16,242.0,230.5,25335092.0,2368
1732.0,odd,2024-12-17,2024-12-g008-2024-12-11-2368-renew-2024-12-16,daily_high_low_midpoint_proxy,13:30:00,,260,264.5,金像電,09:00:00,0.01,2420601538.275,11258028.5,leader_entry,235.0,260,buy,2024-12-16,240.0,230.0,173271.0,2368
,event,2024-12-17,2024-12-g013-2024-12-12-3689-renew-2024-12-16,,,slots_full,0,,湧德,,,,,leader_entry,,0,buy,2024-12-16,,,,3689
702000.0,board,2024-12-18,2024-11-g009-2024-11-14-3706-renew-2024-11-19,daily_high_low_midpoint_proxy,13:30:00,,8000,67.2,神達,08:59:00,0.01,12811526878.75,155298151.35,stagnant20,74.1,8000,sell,2024-12-17,75.6,72.6,70271897.0,3706
1282.0,odd,2024-12-18,2024-11-g009-2024-11-14-3706-renew-2024-11-19,daily_high_low_midpoint_proxy,13:30:00,,455,67.2,神達,09:00:00,0.01,12811526878.75,155298151.35,stagnant20,74.25,455,sell,2024-12-17,75.5,73.0,128279.0,3706
18000.0,board,2024-12-18,2024-12-g025-2024-12-02-3558-renew-2024-12-03,daily_high_low_midpoint_proxy,13:30:00,,2000,176.5,神準,08:59:00,0.01,664244931.675,3109757.85,loss12,199.25,2000,sell,2024-12-17,208.5,190.0,1821191.0,3558
249.0,odd,2024-12-18,2024-12-g025-2024-12-02-3558-renew-2024-12-03,daily_high_low_midpoint_proxy,13:30:00,partial_midpoint_daily_capacity,249,176.5,神準,09:00:00,0.01,664244931.675,3109757.85,loss12,199.5,385,sell,2024-12-17,208.0,191.0,24974.0,3558
,event,2024-12-18,2024-12-g008-2024-12-11-2368-renew-2024-12-17,,,overlapping_member,0,,金像電,,,,,leader_entry,,0,buy,2024-12-17,,,,2368
,event,2024-12-18,2024-12-g013-2024-12-12-3689-renew-2024-12-17,,,resource_slots_locked,0,,湧德,,,,,leader_entry,,1483,buy,2024-12-17,,,,3689
380.0,odd,2024-12-19,2024-12-g025-2024-12-02-3558-renew-2024-12-03,daily_high_low_midpoint_proxy,13:30:00,,136,186.0,神準,09:00:00,0.01,671655685.9,3140536.75,loss12,213.5,136,sell,2024-12-17,217.5,209.5,38097.0,3558
46000.0,board,2024-12-19,2024-12-g013-2024-12-12-3689-renew-2024-12-18,daily_high_low_midpoint_proxy,13:30:00,,5000,113.0,湧德,08:59:00,0.01,677204232.91,6904578.35,leader_entry,100.3,5000,buy,2024-12-18,102.0,98.6,4631739.0,3689
250.0,odd,2024-12-19,2024-12-g013-2024-12-12-3689-renew-2024-12-18,daily_high_low_midpoint_proxy,13:30:00,,150,113.0,湧德,09:00:00,0.01,677204232.91,6904578.35,leader_entry,100.5,150,buy,2024-12-18,102.0,99.0,25037.0,3689
53000.0,board,2024-12-19,2024-12-g021-2024-12-18-4958,daily_high_low_midpoint_proxy,13:30:00,,4000,135.5,臻鼎-KY,08:59:00,0.01,632001890.875,5343614.75,leader_entry,124.25,4000,buy,2024-12-18,126.5,122.0,20449609.0,4958
1106.0,odd,2024-12-19,2024-12-g021-2024-12-18-4958,daily_high_low_midpoint_proxy,13:30:00,,295,135.5,臻鼎-KY,09:00:00,0.01,632001890.875,5343614.75,leader_entry,125.0,295,buy,2024-12-18,126.5,123.5,110626.0,4958
,event,2024-12-20,2024-12-g021-2024-12-18-4958-renew-2024-12-19,,,overlapping_member,0,,臻鼎-KY,,,,,leader_entry,,0,buy,2024-12-19,,,,4958
,event,2024-12-23,2024-12-g021-2024-12-18-4958-renew-2024-12-20,,,overlapping_member,0,,臻鼎-KY,,,,,leader_entry,,0,buy,2024-12-20,,,,4958
,event,2024-12-24,2024-12-g021-2024-12-18-4958-renew-2024-12-23,,,overlapping_member,0,,臻鼎-KY,,,,,leader_entry,,0,buy,2024-12-23,,,,4958
