stock_id,name,event_id,entry_date,signal_date,exit_date,first_exit_date,exit_reason,trade_cash_difference,trade_cost,closed,entry_forward_20_status,entry_forward_20_return,entry_forward_60_status,entry_forward_60_return,entry_forward_120_status,entry_forward_120_return,holding_sessions,entry_to_exit_adjusted_return,post_exit_20_status,post_exit_20_return,post_exit_60_status,post_exit_60_return
6188,廣明,liquid_universe-2019-02-21-6188,2019-02-22,2019-02-21,2019-05-30,2019-05-29,time63,-14948.9,2522,True,4,-0.08189158016,4,-0.06343713956,4,0.04742216375,64,-0.05767012687,4,0.07833537332,4,0.08247269485
3049,精金,liquid_universe-2019-02-21-3049,2019-02-22,2019-02-21,2019-05-30,2019-05-29,time63,63095.7,3298,True,4,0.09230769231,4,0.3641025641,4,0.4481393078,64,0.3948717949,4,-0.03308823529,4,0.001241910728
3356,奇偶,liquid_universe-2019-02-21-3356,2019-02-22,2019-02-21,2019-05-13,2019-05-09,loss12,-29834.2,2063,True,4,-0.08493150685,4,-0.02465753425,4,-0.1465753425,51,-0.2260273973,4,0.189380531,4,0.0407079646
5305,敦南,liquid_universe-2019-02-21-5305,2019-02-22,2019-02-21,2019-05-28,2019-05-20,loss12,-25392.6,2575,True,4,-0.001408450704,4,-0.1492957746,4,0.2282401915,62,-0.1492957746,4,-0.02152317881,4,0.4473266533
6111,光聚晶電,liquid_universe-2019-02-21-6111,2019-02-22,2019-02-21,2019-04-09,2019-03-29,loss12,-17350,2209,True,4,-0.07213114754,4,-0.4131147541,4,-0.3481967213,28,-0.2262295082,4,-0.1313559322,4,-0.1686440678
3483,力致,liquid_universe-2019-03-29-3483,2019-04-01,2019-03-29,2019-05-07,2019-04-23,loss12,-28700,2526,True,4,-0.3530973451,4,-0.3681415929,4,-0.007286031458,23,-0.3292035398,4,-0.1635883905,4,0.1081794195
5340,建榮,liquid_universe-2019-04-23-5340,2019-04-24,2019-04-23,2019-05-08,2019-05-02,loss12,-65724.85,2343,True,4,-0.2917547569,4,-0.2589852008,4,0.355179704,9,-0.2579281184,4,-0.2165242165,4,0.1438746439
1201,味全,liquid_universe-2019-05-06-1201,2019-05-07,2019-05-06,2019-08-12,2019-08-05,time63,775.45,2695,True,4,0.0231316726,4,0.09440142587,4,-0.04445418075,67,0.04324409712,4,-0.08406304729,4,-0.1068301226
2732,六角,liquid_universe-2019-05-09-2732,2019-05-10,2019-05-09,2019-08-08,2019-08-08,time63,66072,2416,True,4,0.1875,5,0.5546283857,4,0.5500288935,63,0.7018121382,4,-0.02162162162,4,-0.09189189189
3691,碩禾,liquid_universe-2019-05-21-3691,2019-05-22,2019-05-21,2019-08-26,2019-08-21,time63,-6629,1886,True,4,0.01282051282,4,-0.02136752137,4,-0.05128205128,66,0,4,-0.02991452991,4,-0.008547008547
2520,冠德,liquid_universe-2019-05-30-2520,2019-05-31,2019-05-30,2019-09-11,2019-08-30,time63,4242.6,2297,True,4,-0.01592920354,4,0.06888655567,4,0.09276202857,71,0.04868423246,4,0.03152364273,4,0.1681260946
2841,台開,liquid_universe-2019-05-30-2841,2019-05-31,2019-05-30,2019-08-08,2019-08-06,loss12,-24907.45,2132,True,4,-0.059,4,-0.141,4,-0.13,48,-0.135,4,-0.008092485549,4,0.01156069364
2228,劍麟,liquid_universe-2019-08-05-2228,2019-08-06,2019-08-05,2019-11-13,2019-11-08,time63,4061.5,1953,True,4,0.1161825726,4,0.1078838174,4,-0.1659751037,66,-0.01244813278,4,-0.1176470588,4,-0.1630252101
8028,昇陽半導體,liquid_universe-2019-08-06-8028,2019-08-07,2019-08-06,2019-11-19,2019-11-11,time63,-1544.1,2403,True,4,0.03729281768,4,0.06491712707,4,-0.1256906077,69,0.02209944751,4,-0.02432432432,4,-0.08918918919
6230,尼得科超眾,liquid_universe-2019-08-08-6230,2019-08-12,2019-08-08,2019-09-23,2019-09-18,loss12,-781.5,149,True,4,-0.07037037037,4,-0.2037037037,4,-0.1240740741,29,-0.1240740741,4,-0.02325581395,4,0.06342494715
6411,晶焱,liquid_universe-2019-08-21-6411,2019-08-22,2019-08-21,2019-09-16,2019-09-12,loss12,-21372.1,1744,True,4,-0.1478632479,4,-0.2256410256,4,-0.1863247863,16,-0.1735042735,4,-0.06928645295,4,0.0113753878
6231,系微,liquid_universe-2019-08-30-6231,2019-09-02,2019-08-30,2019-09-05,2019-09-05,loss12,-24458.5,2101,True,4,-0.2214854111,4,-0.1671087533,4,-0.2108753316,3,-0.149867374,4,0.04992199688,4,-0.05616224649
2367,燿華,liquid_universe-2019-09-05-2367,2019-09-06,2019-09-05,2019-12-16,2019-12-10,time63,-10644.9,2252,True,4,0.02478134111,4,-0.04956268222,4,-0.2594752187,67,-0.05102040816,4,0.0291858679,4,-0.4807987711
5340,建榮,liquid_universe-2019-09-12-5340,2019-09-16,2019-09-12,2019-09-26,2019-09-26,loss12,-21188,1988,True,4,-0.1436100132,4,-0.3069828722,4,-0.7009222661,8,-0.1765480896,4,-0.048,4,-0.1584
3530,晶相光,liquid_universe-2019-09-18-3530,2019-09-19,2019-09-18,2019-12-20,2019-12-20,time63,-2724.1,1516,True,4,-0.03553299492,4,0.007106598985,4,-0.392893401,63,-0.01725888325,4,0.1415289256,4,-0.2458677686
6233,旺玖,liquid_universe-2019-09-26-6233,2019-09-27,2019-09-26,2019-10-24,2019-10-16,loss12,-25985.85,2107,True,4,-0.078125,4,-0.103125,4,-0.494375,16,-0.015625,4,0.01587301587,4,-0.1492063492
8463,潤泰材,liquid_universe-2019-10-16-8463,2019-10-17,2019-10-16,2020-01-15,2020-01-15,time63,-1758,1983,True,4,0.1459770115,4,-0.02643678161,4,-0.2298850575,63,0.009195402299,4,-0.08769931663,4,-0.2460136674
2362,藍天,liquid_universe-2019-11-08-2362,2019-11-11,2019-11-08,2019-12-17,2019-12-16,loss12,-13110.4,1828,True,4,-0.0989272944,4,-0.2288438617,4,-0.2872467223,26,-0.09058402861,4,-0.05242463958,4,-0.3027522936
3044,健鼎,liquid_universe-2019-11-11-3044,2019-11-12,2019-11-11,2020-02-04,2020-01-31,loss12,-27112,1952,True,4,-0.07462686567,4,-0.1194029851,4,-0.1753731343,52,-0.1604477612,4,0.01333333333,4,-0.07555555556
6667,信紘科,liquid_universe-2019-12-10-6667,2019-12-11,2019-12-10,2019-12-25,2019-12-25,loss12,-13359.8,1180,True,4,-0.2145454545,4,-0.3490909091,4,-0.1854545455,10,-0.1248484848,4,-0.1163434903,4,-0.2271468144
3438,類比科,liquid_universe-2019-12-16-3438,2019-12-17,2019-12-16,2020-02-06,2020-02-03,loss12,-25349.7,1734,True,4,-0.08778173191,4,-0.4946619217,4,-0.2360616845,29,-0.1126927639,4,-0.1163101604,4,-0.1711229947
3260,威剛,liquid_universe-2019-12-20-3260,2019-12-23,2019-12-20,2020-03-17,2020-03-16,loss12,-24624.2,1908,True,4,0.03293413174,4,-0.3181137725,4,-0.1482035928,52,-0.2732035928,4,0.08753861998,4,0.1946446962
3019,亞光,liquid_universe-2019-12-25-3019,2019-12-26,2019-12-25,2020-02-05,2020-01-31,loss12,-22307.8,1596,True,4,-0.1774647887,4,-0.4178403756,4,-0.3333333333,21,-0.185915493,4,-0.02422145329,4,-0.1787773933
3450,聯鈞,liquid_universe-2020-01-15-3450,2020-01-16,2020-01-15,2020-02-06,2020-02-04,loss12,-8740.5,1105,True,4,0.06142857143,4,0.002857142857,4,0.05340206186,8,-0.07571428571,4,0.200927357,4,0.04945904173
3178,公準,liquid_universe-2020-01-31-3178,2020-02-03,2020-01-31,2020-02-12,2020-02-12,loss12,-12439.35,1481,True,4,-0.2038461538,4,-0.2471153846,4,-0.06259578544,7,-0.1153846154,4,-0.1793478261,4,-0.09565217391
3218,大學光,liquid_universe-2020-01-31-3218,2020-02-03,2020-01-31,2020-03-18,2020-03-13,loss12,-28024.3,1231,True,4,-0.07861271676,4,0.02098195878,5,1.053835801,31,-0.3791907514,5,0.4151196393,5,2.05015652
9944,新麗,liquid_universe-2020-02-03-9944,2020-02-04,2020-02-03,2020-02-17,2020-02-07,loss12,-29277,1633,True,4,-0.2171532847,4,-0.1642335766,4,-0.2682481752,9,-0.2372262774,4,-0.2631578947,4,-0.05263157895
1325,恆大,liquid_universe-2020-02-04-1325,2020-02-05,2020-02-04,2020-02-21,2020-02-12,loss12,-22726.5,1949,True,4,0.2079365079,5,2.349206349,5,4.280160802,12,-0.07936507937,4,0.2655172414,5,4.655172414
3227,原相,liquid_universe-2020-02-07-3227,2020-02-10,2020-02-07,2020-03-18,2020-03-17,loss12,-2061,161,True,4,0.07714285714,4,-0.01142857143,4,0.2142890698,26,-0.2485714286,4,0.3003802281,4,0.2091254753
4707,磐亞,liquid_universe-2020-02-12-4707,2020-02-13,2020-02-12,2020-03-23,2020-03-20,loss12,-12750.95,1704,True,4,0.01185770751,4,-0.05138339921,4,-0.1699604743,26,-0.05138339921,4,0.03333333333,4,-0.0625
3374,精材,liquid_universe-2020-02-12-3374,2020-02-13,2020-02-12,2020-03-16,2020-03-13,loss12,-33349.3,1205,True,4,-0.2787418655,4,-0.04121475054,4,0.3720173536,21,-0.3503253796,4,0.2470784641,4,0.3622704508
3693,營邦,liquid_universe-2020-06-03-3693,2020-06-04,2020-06-03,2020-06-16,2020-06-16,loss12,-7795,1189,True,4,-0.117791411,4,-0.2478527607,4,-0.3779141104,8,-0.06993865031,4,-0.1385224274,4,-0.234828496
1309,台達化,liquid_universe-2020-06-03-1309,2020-06-04,2020-06-03,2020-09-03,2020-09-03,time63,56323.3,1889,True,4,0.03424657534,5,0.6108097551,5,1.340707925,63,0.7006986923,4,0.1437632135,4,0.3615221987
3556,禾瑞亞,liquid_universe-2020-06-03-3556,2020-06-04,2020-06-03,2020-06-15,2020-06-11,loss12,-11396.2,1105,True,4,-0.01289398281,4,-0.1709865456,4,-0.1543760757,7,-0.1504297994,4,0.07925801012,4,-0.01708696384
2348,海悅,liquid_universe-2020-06-03-2348,2020-06-04,2020-06-03,2020-09-08,2020-09-03,time63,13002.2,1434,True,4,0.006476683938,4,0.2870432925,4,0.2843019862,66,0.3021204769,4,-0.03684210526,4,-0.01052631579
6531,愛普*,liquid_universe-2020-06-03-6531,2020-06-04,2020-06-03,2020-09-08,2020-09-03,time63,756,218,True,5,0.9197207679,4,0.1054994861,4,0.4815792163,66,0.1089979022,4,0.06466876972,4,0.2870662461
2417,圓剛,liquid_universe-2020-06-11-2417,2020-06-12,2020-06-11,2020-09-11,2020-09-11,time63,159390,2710,True,5,0.6715592251,5,1.952136135,5,1.442541207,63,1.561153819,4,0.154373928,4,-0.1132075472
1799,易威,liquid_universe-2020-06-16-1799,2020-06-17,2020-06-16,2020-07-01,2020-06-22,loss12,-9681.45,1158,True,4,0.0315581854,4,-0.2859960552,4,-0.2958579882,8,-0.05325443787,4,0.06458333333,4,-0.25
4192,杏國,liquid_universe-2020-06-22-4192,2020-06-23,2020-06-22,2020-07-31,2020-07-29,loss12,-15951.5,1039,True,4,0.01941747573,2,-0.1373092926,2,-0.3786407767,26,0.001386962552,2,0.1024930748,2,-0.3019390582
4755,三福化,liquid_universe-2020-07-29-4755,2020-07-30,2020-07-29,2020-08-17,2020-08-13,loss12,-11401.4,1175,True,4,-0.1234413965,4,-0.1346633416,4,-0.2174190304,12,-0.0897755611,4,-0.07808219178,4,-0.0456444703
6244,茂迪,liquid_universe-2020-08-14-6244,2020-08-17,2020-08-14,2020-11-18,2020-11-17,time63,26990.9,2123,True,4,0.2595628415,2,0.1668256627,2,0.01065053553,64,0.1847768267,4,0.01515151515,4,-0.05151515152
3669,圓展,liquid_universe-2020-09-03-3669,2020-09-04,2020-09-03,2020-09-09,2020-09-09,loss12,-23454.5,2084,True,4,-0.2810457516,4,-0.4222222222,4,-0.5137254902,3,-0.1699346405,4,-0.1496062992,4,-0.3385826772
6220,岳豐,liquid_universe-2020-09-03-6220,2020-09-04,2020-09-03,2020-10-14,2020-09-23,loss12,-16199.95,1982,True,4,-0.144200627,4,-0.105015674,4,-0.1034482759,25,-0.1473354232,4,-0.02573529412,4,-0.01286764706
6538,倉和,liquid_universe-2020-09-03-6538,2020-09-04,2020-09-03,2020-09-28,2020-09-28,loss12,-790,85,True,4,-0.1690909091,4,-0.2545454545,4,-0.4527272727,16,-0.1527272727,4,-0.1094420601,4,-0.2081545064
6492,生華科,liquid_universe-2020-09-10-6492,2020-09-11,2020-09-10,2020-09-17,2020-09-16,loss12,-4340,237,True,4,-0.2414910859,4,-0.3160453809,4,-0.4197730956,4,-0.2317666126,4,-0.1097046414,4,-0.06962025316
3686,達能,liquid_universe-2020-09-11-3686,2020-09-14,2020-09-11,2020-09-30,2020-09-30,loss12,-10770.4,1659,True,5,0.3251533742,4,0.1288343558,4,0.09202453988,12,-0.03680981595,4,0.2834394904,4,0.1401273885
6233,旺玖,liquid_universe-2020-09-16-6233,2020-09-17,2020-09-16,2020-12-18,2020-12-18,time63,39825,2175,True,4,0.03219315895,4,0.2615694165,4,0.5613682093,63,0.3078470825,4,0.2661538462,4,0.1569230769
3228,金麗科,liquid_universe-2020-09-23-3228,2020-09-24,2020-09-23,2020-12-25,2020-12-25,time63,68155.6,2182,True,4,-0.03903903904,5,0.7917917918,5,3.714714715,63,0.7517517518,5,0.4857142857,5,2.234285714
6283,淳安,liquid_universe-2020-09-28-6283,2020-09-29,2020-09-28,2020-12-31,2020-12-30,time63,27448.2,2284,True,4,-0.00583090379,4,0.2201166181,4,0.9416909621,64,0.1413994169,4,-0.03959131545,5,0.6679438059
2303,聯電,liquid_universe-2020-09-30-2303,2020-10-05,2020-09-30,2021-01-04,2021-01-04,time63,73135.15,2701,True,4,0.03832752613,5,0.6515679443,4,0.7944250871,63,0.5871080139,4,0.1152579583,4,0.1767288694
3092,鴻碩,liquid_universe-2020-11-17-3092,2020-11-18,2020-11-17,2020-12-11,2020-12-08,loss12,-17515.1,1853,True,4,-0.08139534884,2,0.2358803987,2,0.02823920266,17,-0.122923588,2,0.1515151515,2,0.5056818182
4933,友輝,liquid_universe-2020-12-08-4933,2020-12-09,2020-12-08,2020-12-22,2020-12-21,loss12,-22511.78,1946,True,4,-0.110619469,4,-0.1194690265,4,-0.1238938053,9,-0.1404867257,4,-0.07207207207,4,0.1544401544
2009,第一銅,liquid_universe-2020-12-18-2009,2020-12-21,2020-12-18,2021-01-28,2021-01-28,loss12,-23478,2303,True,4,-0.0205338809,4,0.2258726899,5,1.599589322,27,-0.1498973306,5,0.4975845411,5,2.130434783
2028,威致,liquid_universe-2020-12-21-2028,2020-12-22,2020-12-21,2021-01-22,2021-01-20,loss12,-27143.75,1707,True,4,-0.1847133758,4,0.03821656051,5,1.479830149,22,-0.110403397,4,0.2076372315,5,0.7136038186
2038,海光,liquid_universe-2020-12-25-2038,2020-12-28,2020-12-25,2021-01-21,2021-01-18,loss12,-32118.77,1930,True,4,-0.2561797753,4,-0.08539325843,5,1.606741573,17,-0.2494382022,4,0.05089820359,5,1.146706587
3149,正達,liquid_universe-2020-12-30-3149,2020-12-31,2020-12-30,2021-04-14,2021-04-14,time63,114921.2,3438,True,4,0.03351955307,5,0.7877094972,4,0.5083798883,63,0.6536312849,4,-0.3130630631,4,-0.08896396396
6129,普誠,liquid_universe-2021-01-04-6129,2021-01-05,2021-01-04,2021-01-19,2021-01-14,loss12,-20053.85,2151,True,4,-0.1648351648,5,1.554945055,5,1.208791209,10,0.008241758242,4,0.1444141689,5,1.10626703
4976,佳凌,liquid_universe-2021-01-14-4976,2021-01-15,2021-01-14,2021-01-28,2021-01-27,loss12,-13293.9,1601,True,4,0.1907270811,4,-0.1159114858,4,0.051909433,9,-0.08219178082,4,0.2227324914,4,-0.08840413318
2328,廣宇,liquid_universe-2021-01-18-2328,2021-01-19,2021-01-18,2021-05-04,2021-05-03,time63,-16853.05,2107,True,4,-0.01052631579,4,-0.01988304094,4,-0.06198830409,64,-0.130994152,4,0.07806191117,4,0.1628532974
4968,立積,liquid_universe-2021-01-20-4968,2021-01-21,2021-01-20,2021-04-27,2021-04-23,loss12,-9913,2107,True,4,-0.05149501661,4,-0.09634551495,4,-0.2558139535,58,-0.07475083056,4,-0.078994614,4,-0.2387791741
3552,同致,liquid_universe-2021-01-27-3552,2021-01-28,2021-01-27,2021-03-16,2021-03-09,loss12,-25494,1792,True,4,-0.1394230769,4,-0.4006410256,4,-0.233974359,25,-0.03205128205,4,-0.2102649007,4,-0.3162251656
8024,佑華,liquid_universe-2021-01-28-8024,2021-01-29,2021-01-28,2021-05-18,2021-05-13,time63,-15762.7,1811,True,5,0.3290322581,4,0.1182795699,4,0.352688172,66,-0.01720430108,4,0.05470459519,4,0.1641137856
3169,亞信,liquid_universe-2021-03-12-3169,2021-03-15,2021-03-12,2021-05-10,2021-05-06,loss12,-4762.75,454,True,4,0.1095890411,4,0.02739726027,4,-0.03443003914,37,-0.1575342466,4,-0.00406504065,4,0.4837398374
5608,四維航,liquid_universe-2021-04-14-5608,2021-04-15,2021-04-14,2021-07-15,2021-07-15,time63,189633.52,3875,True,4,0.225877193,5,1.649122807,5,1.014351303,63,1.451754386,4,-0.1001788909,4,-0.1619722022
2609,陽明,liquid_universe-2021-04-26-2609,2021-04-27,2021-04-26,2021-07-27,2021-07-27,time63,131130.05,3655,True,5,0.3722222222,5,0.9513888889,4,0.2222222222,63,0.7013888889,4,0.09795918367,4,-0.3053061224
2014,中鴻,liquid_universe-2021-05-03-2014,2021-05-04,2021-05-03,2021-08-04,2021-08-02,time63,24475.2,2593,True,5,0.3562340967,4,0.1933842239,4,-0.1020338806,65,0.2366412214,4,-0.04597919838,4,-0.2707593438
2022,聚亨,liquid_universe-2021-05-06-2022,2021-05-07,2021-05-06,2021-05-18,2021-05-14,loss12,-20362.42,2311,True,4,-0.1011904762,4,0.2321428571,4,-0.1636904762,7,-0.2261904762,4,0.1538461538,4,0.4692307692
6547,高端疫苗,liquid_universe-2021-05-14-6547,2021-05-17,2021-05-14,2021-05-20,2021-05-20,loss12,-20477,1946,True,2,-0.3213429257,2,-0.3069544365,2,-0.4544364508,3,-0.1558752998,2,-0.2329545455,2,-0.1221590909
1732,毛寶,liquid_universe-2021-05-18-1732,2021-05-19,2021-05-18,2021-05-26,2021-05-24,loss12,-19410.8,1534,True,4,-0.2601626016,4,-0.4441056911,4,-0.4847006652,5,-0.1930894309,4,-0.1057934509,4,-0.355163728
1760,寶齡富錦,liquid_universe-2021-05-20-1760,2021-05-21,2021-05-20,2021-07-20,2021-07-14,loss12,-30919.2,1852,True,4,0.02450980392,4,-0.2052382066,4,-0.3358564533,41,-0.1346129361,4,-0.1059931965,4,-0.2267421674
2615,萬海,liquid_universe-2021-05-24-2615,2021-05-25,2021-05-24,2021-08-23,2021-08-23,time63,106986,2624,True,5,0.9399141631,5,0.9399141631,4,0.4895334276,63,1.128755365,4,-0.09526605722,4,-0.2846807989
6170,統振,liquid_universe-2021-07-14-6170,2021-07-15,2021-07-14,2021-08-06,2021-07-29,loss12,-11957.44,1527,True,4,-0.178154825,4,-0.1654294804,4,-0.06362672322,16,-0.1728525981,4,-0.01282051282,4,0.25
6104,創惟,liquid_universe-2021-07-15-6104,2021-07-16,2021-07-15,2021-10-19,2021-10-18,time63,51842.3,3968,True,4,-0.03743842365,4,0.1871921182,4,0.9113300493,64,0.2955665025,5,0.36121673,4,0.4562737643
6568,宏觀,liquid_universe-2021-07-27-6568,2021-07-28,2021-07-27,2021-10-29,2021-10-28,time63,240358,5282,True,5,0.3949721094,5,1.116303841,4,0.8838084897,64,1.020921133,4,-0.06932153392,4,-0.1179941003
8289,泰藝,liquid_universe-2021-07-29-8289,2021-07-30,2021-07-29,2021-11-08,2021-11-01,time63,12462.48,3524,True,4,0.1012006861,4,0.07449871104,4,0.3052404214,68,0.01595230692,5,0.3152542373,4,0.2644067797
3556,禾瑞亞,liquid_universe-2021-08-02-3556,2021-08-03,2021-08-02,2021-08-13,2021-08-12,loss12,-27003,1850,True,4,-0.188094762,4,-0.2756625016,4,-0.3108799621,8,-0.1964285714,4,-0.05714503352,4,-0.1021556977
8478,東哥遊艇,liquid_universe-2021-08-12-8478,2021-08-13,2021-08-12,2021-11-09,2021-10-07,loss12,-27901.2,2963,True,4,-0.0395480226,4,0.0111790082,4,0.4887120166,59,-0.0220307214,5,0.4637002342,5,0.6042154567
6469,大樹,liquid_universe-2021-08-25-6469,2021-08-26,2021-08-25,2021-10-08,2021-09-17,loss12,-13113.25,1161,True,4,-0.1505332805,4,-0.1445651302,4,0.06630951211,29,-0.2042466328,4,0.0325,4,0.0625
2915,潤泰全,liquid_universe-2021-09-17-2915,2021-09-22,2021-09-17,2021-11-22,2021-10-13,loss12,-27997,2539,True,4,-0.112200388,4,-0.07957523518,4,0.1418803473,42,0.05290265793,4,-0.1154929577,4,0.06103286385
6781,AES-KY,liquid_universe-2021-10-19-6781,2021-10-20,2021-10-19,2022-01-19,2022-01-18,time63,17762.5,710,True,5,0.376146789,5,0.5366972477,4,-0.06422018349,64,0.4816513761,4,-0.1919504644,4,-0.4334365325
3035,智原,liquid_universe-2021-10-19-3035,2021-10-20,2021-10-19,2022-01-18,2022-01-18,time63,92408,4220,True,5,0.342019544,4,0.3061889251,4,0.7915309446,63,0.3615635179,4,0.1866028708,4,0.1602870813
4743,合一,liquid_universe-2021-10-19-4743,2021-10-20,2021-10-19,2022-01-20,2022-01-18,time63,-1993.25,1841,True,4,0.007843137255,4,0,4,-0.1509803922,65,-0.03725490196,4,0.02443991853,4,-0.2016293279
6477,安集,liquid_universe-2021-10-28-6477,2021-10-29,2021-10-28,2022-02-11,2022-02-07,time63,-1032.37,3657,True,4,-0.0907079646,4,0.09955752212,4,0.3362831858,67,0.1017699115,4,0.1827309237,4,0.04417670683
1721,國慶科技,liquid_universe-2021-11-05-1721,2021-11-08,2021-11-05,2022-02-24,2022-02-15,time63,23288.91,4198,True,5,0.36643026,4,0.1063829787,4,-0.1300236407,70,0.009456264775,4,0.09601873536,4,-0.08196721311
3036,文曄,liquid_universe-2022-01-18-3036,2022-01-19,2022-01-18,2022-04-25,2022-04-21,loss12,-33097.35,2727,True,4,-0.02467685076,2,-0.1762632197,2,-0.1592673615,58,-0.1762632197,4,0.02853067047,4,-0.003777116571
4171,瑞基,liquid_universe-2022-01-18-4171,2022-01-19,2022-01-18,2022-02-08,2022-02-07,loss12,-48931.3,3275,True,4,-0.1913419913,5,0.5151515152,4,-0.2701298701,7,-0.1991341991,4,-0.03243243243,5,0.5297297297
8155,博智,liquid_universe-2022-01-18-8155,2022-01-19,2022-01-18,2022-03-10,2022-03-09,loss12,-16025.75,2885,True,4,-0.007915567282,4,-0.2453825858,4,-0.2981530343,28,0.01055408971,4,-0.04438642298,4,-0.2010443864
1529,樂事綠能,liquid_universe-2022-02-07-1529,2022-02-08,2022-02-07,2022-03-02,2022-03-02,loss12,-41393.23,3692,True,4,-0.2203389831,4,-0.3491525424,4,-0.4457627119,15,-0.1322033898,4,-0.005859375,4,-0.173828125
3324,雙鴻,liquid_universe-2022-02-07-3324,2022-02-08,2022-02-07,2022-03-18,2022-03-16,loss12,-27537.75,3728,True,4,-0.09282700422,4,-0.3185654008,4,-0.254027913,27,-0.07383966245,4,-0.1845102506,4,-0.2300683371
3219,倚強科,liquid_universe-2022-02-15-3219,2022-02-16,2022-02-15,2022-02-25,2022-02-23,loss12,-34425,3712,True,4,-0.1575091575,4,-0.3443223443,2,,7,-0.1978021978,4,0.01826484018,4,-0.1853881279
9955,佳龍,liquid_universe-2022-02-23-9955,2022-02-24,2022-02-23,2022-03-02,2022-03-02,loss12,-32099.83,3999,True,4,0.07917383821,4,-0.2134251291,4,-0.2598967298,3,-0.1359724613,4,0.2410358566,4,-0.08366533865
2906,高林,liquid_universe-2022-03-02-2906,2022-03-03,2022-03-02,2022-03-11,2022-03-10,loss12,-37457.6,3284,True,4,-0.03625954198,4,-0.2900763359,4,-0.2692051375,6,-0.04580152672,4,-0.15,4,-0.226
2613,中櫃,liquid_universe-2022-03-02-2613,2022-03-03,2022-03-02,2022-06-20,2022-06-06,time63,-12168.99,3623,True,4,-0.07926267725,4,-0.01986026934,4,-0.296621488,73,-0.2237185329,4,-0.04869565217,4,-0.01565217391
5603,陸海,liquid_universe-2022-03-30-5603,2022-03-31,2022-03-30,2022-06-20,2022-06-15,loss12,-28390.74,2934,True,4,0.03434343434,4,-0.2232323232,4,-0.2087705733,53,-0.2232323232,4,-0.006501950585,4,0.02046652878
3558,神準,liquid_universe-2022-03-30-3558,2022-03-31,2022-03-30,2022-07-05,2022-07-04,time63,26.25,2600,True,4,0.2974683544,4,0.1265822785,4,0.2567575037,64,0.03797468354,4,0.2987804878,4,0.01618915752
1516,川飛,liquid_universe-2022-03-30-1516,2022-03-31,2022-03-30,2022-04-28,2022-04-26,loss12,-37194.59,3018,True,4,-0.1430948419,4,-0.2129783694,4,-0.1613976705,18,-0.1613976705,4,-0.02579365079,4,-0.06349206349
2009,第一銅,liquid_universe-2022-11-15-2009,2022-11-16,2022-11-15,2023-03-01,2023-02-24,time63,13571.95,3227,True,4,-0.03458646617,4,0.1052631579,4,-0.03458646617,64,0.06165413534,4,-0.04390934844,4,-0.09348441926
6472,保瑞,liquid_universe-2022-11-15-6472,2022-11-16,2022-11-15,2023-03-06,2023-02-24,time63,47897.5,3660,True,4,-0.04513064133,4,0.1876484561,4,0.8479809976,67,0.2399049881,5,0.5478927203,4,0.4521072797
1605,華新,liquid_universe-2022-11-15-1605,2022-11-16,2022-11-15,2023-02-24,2023-02-24,time63,34750.9,3443,True,4,-0.003125,4,0.2041666667,4,-0.034375,63,0.1791666667,4,-0.1201413428,4,-0.1766784452
5347,世界,liquid_universe-2022-11-15-5347,2022-11-16,2022-11-15,2023-03-01,2023-02-24,time63,15197.15,3304,True,4,-0.04243119266,4,0.08944954128,4,0.03440366972,64,0.07110091743,4,0.0278372591,4,0.004282655246
2915,潤泰全,liquid_universe-2022-11-15-2915,2022-11-16,2022-11-15,2023-03-01,2023-02-24,time63,23.8,3129,True,4,0.06288343558,4,0.03834355828,4,-0.1211656442,64,0.01840490798,4,-0.140060241,4,-0.1536144578
6556,勝品,liquid_universe-2023-03-03-6556,2023-03-06,2023-03-03,2023-04-10,2023-03-29,loss12,-34102.75,2781,True,4,-0.1725067385,4,-0.3854447439,4,-0.492611012,22,-0.167115903,4,-0.1779935275,4,-0.2686084142
2722,夏都,liquid_universe-2023-03-03-2722,2023-03-06,2023-03-03,2023-06-07,2023-06-07,time63,104004.4,4006,True,4,-0.01587301587,4,0.4186507937,4,0.1931742925,63,0.5357142857,4,0.2163962233,4,-0.2519783134
6811,宏碁資訊,liquid_universe-2023-03-03-6811,2023-03-06,2023-03-03,2023-03-21,2023-03-17,loss12,-22876.25,3234,True,4,0.02830188679,4,0.2358490566,4,0.3666354154,11,-0.01650943396,4,0.2014388489,4,0.1990407674
3362,先進光,liquid_universe-2023-03-03-3362,2023-03-06,2023-03-03,2023-05-02,2023-04-26,loss12,-33693,3343,True,4,0.01913875598,4,0,4,0.5509753404,37,-0.0956937799,4,0.06878306878,5,0.5819397993
6799,來頡,liquid_universe-2023-03-03-6799,2023-03-06,2023-03-03,2023-03-22,2023-03-21,loss12,-22920.5,2430,True,4,-0.01857585139,4,0.01238390093,4,0.005100758416,12,-0.08359133127,5,0.3006756757,4,-0.01013513514
5269,祥碩,liquid_universe-2023-03-17-5269,2023-03-20,2023-03-17,2023-05-09,2023-05-05,loss12,-16943,2098,True,4,-0.02777777778,4,-0.03571428571,4,-0.1534015171,32,-0.119047619,4,0.05405405405,4,-0.1033697692
2453,凌群,liquid_universe-2023-03-21-2453,2023-03-22,2023-03-21,2023-06-27,2023-06-27,time63,-8405.6,3338,True,4,0.02142857143,4,0.05285714286,4,-0.2171912833,63,-0.02857142857,4,-0.06797108674,4,-0.2260967099
6122,擎邦,liquid_universe-2023-03-29-6122,2023-03-30,2023-03-29,2023-07-05,2023-07-05,time63,100631.33,3672,True,4,0.02,4,0.485,4,0.7162279581,63,0.6,4,-0.1520833333,4,0.02219098731
1905,華紙,liquid_universe-2023-04-26-1905,2023-04-27,2023-04-26,2023-07-28,2023-07-28,time63,54879.35,3528,True,4,0.00826446281,4,0.2097475695,4,-0.1099266587,63,0.284965035,4,-0.2731707317,4,-0.3105691057
8085,福華,liquid_universe-2023-05-08-8085,2023-05-09,2023-05-08,2023-08-25,2023-08-09,time63,54502.9,3447,True,4,0.06484149856,4,0.3167181146,4,-0.01823649349,75,0.2531922407,4,-0.09216589862,4,-0.07373271889
5706,鳳凰,liquid_universe-2023-06-07-5706,2023-06-08,2023-06-07,2023-07-12,2023-07-07,loss12,-39531.75,2554,True,4,-0.1891213389,4,-0.4063784078,4,-0.3761515658,22,-0.2334728033,4,-0.1401308575,4,-0.2847203184
2734,易飛網,liquid_universe-2023-06-27-2734,2023-06-28,2023-06-27,2023-07-04,2023-07-04,loss12,-40619.5,3268,True,4,-0.3263979194,4,-0.4824447334,4,-0.44473342,4,-0.1963589077,4,-0.145631068,4,-0.3462783172
8210,勤誠,liquid_universe-2023-07-04-8210,2023-07-05,2023-07-04,2023-10-04,2023-10-04,time63,52038,4151,True,4,-0.04255319149,4,0.1569148936,4,0.4414893617,63,0.2420212766,4,-0.1156316916,4,0.1627408994
3035,智原,liquid_universe-2023-07-05-3035,2023-07-06,2023-07-05,2023-10-05,2023-10-05,time63,48966.25,4196,True,4,0.1104536489,4,0.2327416174,4,0.4299802761,63,0.2662721893,4,0.03426791277,4,0.1214953271
4979,華星光,liquid_universe-2023-07-07-4979,2023-07-10,2023-07-07,2023-10-12,2023-10-11,time63,-6505,3565,True,4,0.09269093228,4,0.04470112782,4,0.07498356413,64,0.1296061665,4,0.1862745098,4,-0.05496408203
2329,華泰,liquid_universe-2023-07-28-2329,2023-07-31,2023-07-28,2023-11-03,2023-11-01,time63,-34125.1,3781,True,4,-0.01557285873,4,-0.05228031146,4,0.4327030033,65,-0.01779755284,5,0.449603624,4,0.3861834655
3044,健鼎,liquid_universe-2023-08-09-3044,2023-08-10,2023-08-09,2023-11-10,2023-11-10,time63,21836,3998,True,4,0.1531791908,4,0.04046242775,4,0.0838150289,63,0.1329479769,4,0.02551020408,4,0.03571428571
3276,宇環,liquid_universe-2023-10-11-3276,2023-10-12,2023-10-11,2024-01-11,2024-01-10,time63,-19129.22,3784,True,4,-0.03112033195,4,-0.05394190871,4,-0.1618257261,64,-0.06639004149,4,0.05333333333,4,-0.09111111111
5274,信驊,liquid_universe-2023-10-11-5274,2023-10-12,2023-10-11,2024-01-11,2024-01-10,time63,5742,3703,True,4,-0.01559792028,4,0.03986135182,4,0.09878682842,64,0.0849220104,4,-0.0303514377,4,0.02875399361
2454,聯發科,liquid_universe-2023-10-11-2454,2023-10-12,2023-10-11,2024-01-10,2024-01-10,time63,32627,4071,True,4,0.1104294479,4,0.1600048107,4,0.4862168042,63,0.163783328,4,0.04978354978,4,0.1363636364
3176,基亞,liquid_universe-2023-11-03-3176,2023-11-06,2023-11-03,2023-11-15,2023-11-14,loss12,-26149.25,3476,True,4,-0.1442622951,4,-0.3426229508,4,-0.3540983607,7,-0.09016393443,4,-0.1495495495,4,-0.227027027
3228,金麗科,liquid_universe-2023-11-10-3228,2023-11-13,2023-11-10,2024-02-20,2024-02-20,time63,516830.25,8546,True,5,0.6285714286,5,1.965714286,4,0.7914285714,63,1.885714286,4,-0.1108910891,4,-0.2485148515
1449,佳和,liquid_universe-2023-11-14-1449,2023-11-15,2023-11-14,2024-02-02,2024-01-29,loss12,-40015.07,3681,True,4,0.02093023256,4,0.004651162791,4,-0.1325581395,56,-0.1372093023,4,0.04582210243,4,-0.008086253369
8096,擎亞,liquid_universe-2024-01-11-8096,2024-01-12,2024-01-11,2024-04-25,2024-04-24,time63,50496.4,5308,True,4,0.1202672606,4,0.2293986637,4,0.7572383073,64,0.1826280624,5,0.3483992467,5,0.6214689266
6219,富旺,liquid_universe-2024-01-11-6219,2024-01-12,2024-01-11,2024-04-29,2024-04-24,time63,58099.05,5160,True,4,0.1177370031,4,0.24617737,4,0.4908256881,66,0.2691131498,4,-0.04337349398,4,0.1975903614
6695,芯鼎,liquid_universe-2024-01-11-6695,2024-01-12,2024-01-11,2024-03-11,2024-03-08,loss12,-33553.9,2552,True,4,0.03237410072,4,-0.3177458034,4,-0.08872901679,33,-0.1534772182,4,-0.09065155807,4,-0.0566572238
6113,亞矽,liquid_universe-2024-02-01-6113,2024-02-02,2024-02-01,2024-03-14,2024-03-11,loss12,-50324.44,3592,True,4,-0.1892857143,4,-0.2357142857,4,-0.3869047619,21,-0.2142857143,4,-0.01515151515,4,-0.05
6442,光聖,liquid_universe-2024-02-20-6442,2024-02-21,2024-02-20,2024-03-15,2024-03-15,loss12,-19441.5,4056,True,4,-0.1018181818,4,0.3163636364,5,1.923251991,16,-0.1345454545,4,0.09663865546,5,1.163865546
2404,漢唐,liquid_universe-2024-03-08-2404,2024-03-11,2024-03-08,2024-06-14,2024-06-12,time63,-19155,4532,True,4,0.04928664073,4,-0.08949416342,4,-0.04342058719,65,-0.07782101167,4,-0.008898318629,4,0.0179284938
5225,東科-KY,liquid_universe-2024-03-11-5225,2024-03-12,2024-03-11,2024-06-14,2024-06-13,time63,-11481,5176,True,4,0.05194582089,4,0.03822478844,4,0.3995453095,64,0.001635368583,4,0.1461187215,4,0.3059360731
2611,志信,liquid_universe-2024-03-15-2611,2024-03-18,2024-03-15,2024-06-21,2024-06-19,time63,124487.97,6179,True,4,0.01026694045,4,0.4024640657,4,0.0197379422,65,0.4188911704,4,-0.170865997,4,-0.2673131043
5251,天鉞電,liquid_universe-2024-04-24-5251,2024-04-25,2024-04-24,2024-08-09,2024-07-29,time63,-66673.52,5087,True,4,0.076,4,-0.08666666667,4,-0.2333333333,72,-0.1653333333,4,-0.06869009585,4,-0.1102236422
6449,鈺邦,liquid_universe-2024-04-24-6449,2024-04-25,2024-04-24,2024-07-29,2024-07-29,time63,110110.75,6202,True,4,-0.03813559322,4,0.4061935074,4,0.3889923636,63,0.2427826411,4,0.1003460208,4,0.0830449827
4967,十銓,liquid_universe-2024-06-13-4967,2024-06-14,2024-06-13,2024-06-19,2024-06-19,loss12,-66505.25,4977,True,4,-0.2011173184,4,-0.4162011173,3,-0.541421845,3,-0.2150837989,4,0.0462633452,4,-0.2633451957
8028,昇陽半導體,liquid_universe-2024-06-13-8028,2024-06-14,2024-06-13,2024-09-13,2024-09-13,time63,177767.4,6424,True,5,0.5483870968,4,0.4709677419,4,0.6774193548,63,0.6193548387,4,0.1155378486,4,0.01195219124
4545,銘鈺,liquid_universe-2024-06-19-4545,2024-06-20,2024-06-19,2024-07-17,2024-07-15,loss12,-53649,4275,True,4,-0.06721918492,4,-0.09387006535,4,-0.2129661873,19,-0.09387006535,4,0.04779411765,4,0.1139705882
3048,益登,liquid_universe-2024-06-19-3048,2024-06-20,2024-06-19,2024-09-23,2024-09-20,time63,-8198.03,5555,True,4,0.1507177033,4,-0.03502710566,4,-0.2725965746,64,-0.1011546898,4,0.08446866485,4,-0.1607629428
3535,晶彩科,liquid_universe-2024-07-15-3535,2024-07-16,2024-07-15,2024-07-26,2024-07-22,loss12,-52955.2,5822,True,4,-0.1830985915,4,-0.3444302177,4,-0.4078104994,6,-0.08578745198,4,0.0756302521,4,-0.1120448179
3073,天方能源,liquid_universe-2024-07-22-3073,2024-07-23,2024-07-22,2024-08-05,2024-07-30,loss12,-89749.6,4461,True,4,-0.1336633663,4,-0.2485148515,4,-0.4908288189,7,-0.2128712871,4,0.1358490566,4,-0.1320754717
2524,京城,liquid_universe-2024-07-29-2524,2024-07-30,2024-07-29,2024-10-16,2024-10-09,loss12,-32638.75,4568,True,4,0.1707317073,4,-0.2263414634,4,-0.4048780488,52,-0.1697560976,4,-0.09165687427,4,-0.2761457109
9906,欣巴巴,liquid_universe-2024-07-30-9906,2024-07-31,2024-07-30,2024-11-01,2024-09-23,loss12,-68133.5,3441,True,4,0.02313624679,4,-0.3422519446,4,-0.4123398521,62,-0.3125993683,4,0.003921568627,4,-0.168627451
2348,海悅,liquid_universe-2024-07-30-2348,2024-07-31,2024-07-30,2024-08-07,2024-08-07,loss12,-74112,4601,True,4,-0.1599326599,4,-0.5117845118,4,-0.4141414141,5,-0.1262626263,4,-0.1714836224,4,-0.4219653179
1540,喬福,liquid_universe-2024-08-07-1540,2024-08-08,2024-08-07,2024-08-23,2024-08-23,loss12,-59218.9,4729,True,4,0.04572098476,4,-0.02813599062,4,-0.184056272,11,-0.1348182884,4,0.243902439,4,0.0162601626
2364,倫飛,liquid_universe-2024-08-23-2364,2024-08-26,2024-08-23,2024-11-25,2024-11-05,loss12,-44101.8,4027,True,4,0.04718264533,4,-0.1197595155,4,-0.09244170738,60,-0.1197595155,4,-0.1045977011,4,0.03103448276
8249,菱光,liquid_universe-2024-09-13-8249,2024-09-16,2024-09-13,2024-10-08,2024-10-08,loss12,-33829.85,4761,True,2,,2,-0.0994077886,2,-0.0860903437,13,-0.1132246377,2,0.3140604468,2,0.09442462925
2425,承啟,liquid_universe-2024-09-20-2425,2024-09-23,2024-09-20,2024-12-18,2024-11-26,loss12,-60060.16,4416,True,4,-0.06607929515,4,-0.2588105727,4,-0.2026431718,58,-0.2257709251,4,-0.001422475107,4,0.03129445235
1721,國慶科技,liquid_universe-2024-09-23-1721,2024-09-24,2024-09-23,2024-10-15,2024-10-14,loss12,-55669.3,4242,True,4,-0.1220472441,4,-0.344488189,4,-0.4566929134,12,-0.1850393701,4,-0.08695652174,4,-0.2729468599
2399,映泰,liquid_universe-2024-10-08-2399,2024-10-09,2024-10-08,2024-11-19,2024-11-13,loss12,-51638.68,4225,True,4,-0.08344198175,4,-0.3220338983,4,-0.5306388527,27,-0.1303780965,4,-0.1754122939,4,-0.2143928036
3234,光環,liquid_universe-2024-10-09-3234,2024-10-11,2024-10-09,2024-10-30,2024-10-29,loss12,-64005.32,3889,True,4,0.003649635036,4,-0.1751824818,4,-0.348540146,13,-0.2153284672,4,0.1627906977,4,0.01860465116
1595,川寶,liquid_universe-2024-10-14-1595,2024-10-15,2024-10-14,2024-12-03,2024-11-28,loss12,-48484.05,3382,True,4,0.04293381038,4,-0.1699463327,4,-0.4096601073,34,-0.08765652952,4,0.03529411765,4,-0.1176470588
6821,聯寶,liquid_universe-2024-10-29-6821,2024-10-30,2024-10-29,2024-11-19,2024-11-15,loss12,-42922.8,3290,True,4,-0.1009090909,4,-0.2054545455,4,-0.2545040381,13,0.01272727273,4,-0.236983842,4,-0.2181328546
4991,環宇-KY,liquid_universe-2024-11-05-4991,2024-11-06,2024-11-05,2025-02-13,2025-02-13,time63,182308.6,5598,True,4,0.2765957447,5,0.719858156,4,0.0756501182,63,0.6666666667,4,-0.2092198582,4,-0.3177304965
3211,順達,liquid_universe-2024-11-13-3211,2024-11-14,2024-11-13,2025-02-24,2025-02-21,time63,47914.25,4167,True,4,0.2790697674,4,0.1893687708,4,0.3787375415,64,0.1926910299,4,0.07799442897,4,0.1225626741
6859,伯特光,liquid_universe-2024-11-15-6859,2024-11-18,2024-11-15,2025-02-27,2025-02-25,time63,-4660.25,3066,True,4,-0.06988251653,4,0.01515679625,4,-0.09506627785,65,0.007184360674,4,-0.04485488127,4,-0.1741527869
5314,世紀*,liquid_universe-2024-11-26-5314,2024-11-27,2024-11-26,2025-03-07,2025-03-07,time63,38994,702,True,5,0.6454293629,5,1.260387812,2,1.991689751,63,1.745152355,2,0.1705348133,2,0.06559031282
4979,華星光,liquid_universe-2024-11-28-4979,2024-11-29,2024-11-28,2025-03-11,2025-03-11,time63,-13265,3931,True,4,-0.02432432432,4,-0.008108108108,4,-0.1378378378,63,-0.07297297297,4,-0.2128279883,4,-0.09620991254
4971,IET-KY,liquid_universe-2025-02-13-4971,2025-02-14,2025-02-13,2025-03-12,2025-03-12,loss12,-51598.5,2609,True,4,-0.2522522523,4,-0.3423423423,4,-0.05105105105,17,-0.2672672673,4,-0.1393442623,4,-0.1680327869
6206,飛捷,liquid_universe-2025-02-21-6206,2025-02-24,2025-02-21,2025-03-07,2025-03-06,loss12,-53316.5,3982,True,4,-0.2179104478,4,-0.3313432836,4,-0.318986463,8,-0.1701492537,4,-0.2769784173,4,-0.1834532374
3213,茂訊,liquid_universe-2025-02-25-3213,2025-02-26,2025-02-25,2025-03-14,2025-03-13,loss12,-38217.25,4175,True,4,-0.08487084871,4,-0.1808118081,4,-0.2131230449,11,-0.1328413284,4,-0.1591489362,2,-0.1234042553
2429,銘旺科,liquid_universe-2025-06-10-2429,2025-06-11,2025-06-10,2025-07-11,2025-07-07,loss12,-51072,3437,True,2,-0.1257062147,2,0.4901129944,2,0.1059322034,22,-0.09039548023,4,0.2888198758,5,0.7934782609
6838,台新藥,liquid_universe-2025-06-10-6838,2025-06-11,2025-06-10,2025-09-17,2025-09-08,time63,-28378.11,3626,True,2,-0.04063860668,2,-0.06386066763,2,-0.1886792453,70,-0.1103047896,4,-0.03915171289,4,-0.1174551387
4722,國精化,liquid_universe-2025-06-10-4722,2025-06-11,2025-06-10,2025-07-14,2025-07-02,loss12,-33544.75,3633,True,2,-0.1847968545,2,0.749672346,2,1.169069463,23,-0.1677588467,4,0.2299212598,5,2.25984252
6584,南俊國際,liquid_universe-2025-06-10-6584,2025-06-11,2025-06-10,2025-09-10,2025-09-08,time63,83962.5,3721,True,2,0.02849002849,2,0.4444444444,2,1.166847237,65,0.4846916255,4,-0.08687258687,4,0.3378378378
6274,台燿,liquid_universe-2025-06-10-6274,2025-06-11,2025-06-10,2025-09-08,2025-09-08,time63,121202,5098,True,2,0.1494252874,2,0.4735632184,2,0.8942528736,63,0.4137931034,4,0.08943089431,4,0.3658536585
8021,尖點,liquid_universe-2025-07-02-8021,2025-07-03,2025-07-02,2025-10-01,2025-10-01,time63,334507.25,6945,True,5,0.3475479744,5,1.102345416,5,2.624733475,63,1.36673774,4,0.1126126126,5,0.6801801802
3297,杭特,liquid_universe-2025-07-07-3297,2025-07-08,2025-07-07,2025-07-28,2025-07-24,loss12,-30258.25,3195,True,4,-0.2445095168,4,-0.2093704246,4,-0.3850658858,14,-0.1815519766,4,0.1198568873,4,-0.1279069767
8358,金居,liquid_universe-2025-07-24-8358,2025-07-25,2025-07-24,2025-10-28,2025-10-28,time63,326012.45,6862,True,5,0.8512820513,5,1.215384615,5,1.846153846,63,1.312820513,4,0.0155210643,4,0.3059866962
2231,為升,liquid_universe-2025-09-08-2231,2025-09-09,2025-09-08,2025-10-02,2025-09-26,loss12,-53476.75,4483,True,4,-0.1003717472,4,-0.2862453532,4,-0.3992565056,16,-0.09665427509,4,-0.1111111111,4,-0.2353909465
6753,龍德造船,liquid_universe-2025-09-08-6753,2025-09-09,2025-09-08,2025-09-19,2025-09-19,loss12,-57186.25,5060,True,4,-0.2324324324,4,-0.3378378378,4,-0.2648648649,8,-0.1513513514,4,-0.1910828025,4,-0.1910828025
6535,順藥,liquid_universe-2025-09-10-6535,2025-09-11,2025-09-10,2025-10-30,2025-10-30,loss12,-74817.5,3741,True,4,0.02888086643,4,-0.3176895307,4,-0.4566787004,31,-0.2599277978,4,-0.03414634146,4,-0.1219512195
2344,華邦電,liquid_universe-2025-09-19-2344,2025-09-22,2025-09-19,2025-12-24,2025-12-24,time63,372033.2,8182,True,5,0.3518248175,5,1.081751825,5,1.71193488,63,1.245255474,4,0.3394018205,4,0.2170017497
6515,穎崴,liquid_universe-2025-09-26-6515,2025-09-30,2025-09-26,2026-01-02,2026-01-02,time63,70018.5,4444,True,4,0.1611479029,4,0.2251655629,5,2.134657837,63,0.2781456954,5,0.3488773748,5,1.739205527
6770,力積電,liquid_universe-2025-10-01-6770,2025-10-02,2025-10-01,2026-01-06,2026-01-06,time63,225620.87,8046,True,4,0.04873646209,4,0.4277978339,4,0.9494584838,63,0.7238267148,4,0.2502617801,4,0.1434554974
2408,南亞科,liquid_universe-2025-10-28-2408,2025-10-29,2025-10-28,2026-01-28,2026-01-28,time63,507065,10870,True,4,0.02631578947,5,1.041353383,4,0.7819548872,63,1.233082707,4,-0.2929292929,4,-0.03367003367
8299,群聯,liquid_universe-2025-10-30-8299,2025-10-31,2025-10-30,2026-01-30,2026-01-30,time63,496463.5,10449,True,4,0.05164319249,5,1.001695272,5,1.195255428,63,1.247186202,4,-0.2058823529,4,0.1218487395
6706,惠特,liquid_universe-2025-12-24-6706,2025-12-26,2025-12-24,2026-01-16,2026-01-14,loss12,-86385.5,6957,True,4,-0.1679104478,4,-0.1082089552,4,0.1044776119,14,-0.09701492537,4,0.03719008264,4,0.03305785124
6265,方土昶,liquid_universe-2026-01-02-6265,2026-01-05,2026-01-02,2026-04-17,2026-04-16,time63,101144.98,8998,True,4,0.2280701754,4,0.1915204678,4,0.4912280702,64,0.1374269006,4,0.176092545,4,0.383033419
8110,華東,liquid_universe-2026-01-06-8110,2026-01-07,2026-01-06,2026-02-06,2026-02-06,loss12,-136030.5,7803,True,4,-0.1171770972,4,-0.344207723,4,-0.3306274365,22,-0.2157123835,4,0.03904923599,4,-0.1604414261
6443,元晶,liquid_universe-2026-01-14-6443,2026-01-15,2026-01-14,2026-04-28,2026-04-28,time63,-41768.49,7711,True,4,0.02202072539,4,-0.02849740933,4,-0.2642487047,63,-0.08419689119,4,0.1612446959,4,-0.189533239
4533,協易機,liquid_universe-2026-01-28-4533,2026-01-29,2026-01-28,2026-02-09,2026-02-06,loss12,-126022,9197,True,4,-0.1718346253,4,-0.2118863049,4,-0.3708010336,7,-0.165374677,4,-0.009287925697,4,-0.01857585139
2337,旺宏,liquid_universe-2026-01-30-2337,2026-02-02,2026-01-30,2026-05-15,2026-05-15,time63,569115,14768,True,4,0.1674528302,5,0.804245283,4,0.5212264151,63,0.9162735849,4,-0.09846153846,4,-0.1846153846
3576,聯合再生,liquid_universe-2026-02-06-3576,2026-02-09,2026-02-06,2026-05-22,2026-05-22,time63,66679.5,9969,True,5,0.600660066,4,0.2706270627,4,0.1815181518,63,0.204620462,4,-0.01095890411,4,-0.06575342466
6152,百一,liquid_universe-2026-02-06-6152,2026-02-09,2026-02-06,2026-05-05,2026-04-28,loss12,-94342.77,8092,True,5,0.3129032258,4,-0.02258064516,4,-0.009677419355,50,-0.09677419355,4,0.09285714286,4,-0.2142857143
3339,泰谷,liquid_universe-2026-04-16-3339,2026-04-17,2026-04-16,2026-04-30,2026-04-27,loss12,-173654.9,9884,True,4,-0.3311688312,4,-0.4848484848,1,,9,-0.2092352092,4,-0.1852189781,4,-0.378649635
6735,美達科技,liquid_universe-2026-04-27-6735,2026-04-28,2026-04-27,2026-05-07,2026-05-04,loss12,-90632.25,8810,True,4,-0.2379310345,4,-0.5365225103,1,,6,-0.06896551724,4,-0.2148148148,4,-0.5261455707
7750,新代,liquid_universe-2026-04-28-7750,2026-04-29,2026-04-28,2026-06-15,2026-06-12,loss12,-61509,8764,True,4,-0.01041666667,4,-0.1416666667,1,,32,-0.09583333333,4,-0.08294930876,4,0.04608294931
2486,一詮,liquid_universe-2026-05-04-2486,2026-05-05,2026-05-04,2026-05-14,2026-05-14,loss12,-105259,8980,True,4,-0.1727407925,4,-0.4419671618,1,,7,-0.1563517915,4,-0.05230554029,4,-0.09872322811
4958,臻鼎-KY,liquid_universe-2026-05-04-4958,2026-05-05,2026-05-04,2026-08-04,2026-08-04,time63,-3061.75,5325,True,4,0.2192262603,4,-0.1123647764,1,,63,0.04816499812,4,0.204954955,1,
3024,憶聲,liquid_universe-2026-05-14-3024,2026-05-15,2026-05-14,2026-06-01,2026-06-01,loss12,-113266.05,8759,True,4,-0.2640949555,4,-0.2025252881,1,,11,-0.1691394659,4,-0.1214285714,4,0.06525230697
3498,陽程,liquid_universe-2026-05-15-3498,2026-05-18,2026-05-15,2026-06-11,2026-06-11,loss12,-135269,8229,True,4,-0.1314878893,4,-0.09342560554,1,,18,-0.2006920415,4,0.1341991342,5,0.6406926407
6834,天二科技,liquid_universe-2026-05-22-6834,2026-05-25,2026-05-22,2026-06-10,2026-06-09,loss12,-16808.7,9900,True,5,0.4469781238,4,0.2717834631,1,,12,-0.09677419355,5,0.867816092,4,0.3505747126
5228,鈺鎧,liquid_universe-2026-06-01-5228,2026-06-02,2026-06-01,2026-07-14,2026-07-09,loss12,-64810.6,8035,True,4,0.09642301711,4,-0.3444790047,1,,28,-0.2223950233,4,-0.163,1,
8454,富邦媒,liquid_universe-2026-06-10-8454,2026-06-11,2026-06-10,2026-06-16,2026-06-16,loss12,-145188.5,7321,True,4,-0.3383838384,4,-0.3888888889,1,,3,-0.1893939394,4,-0.1666666667,1,
2478,大毅,liquid_universe-2026-06-11-2478,2026-06-12,2026-06-11,2026-07-20,2026-07-20,loss12,-163133.5,7848,True,4,-0.07137156539,4,-0.2865775201,1,,24,-0.2276169845,4,-0.04580152672,1,
2327,國巨*,liquid_universe-2026-06-12-2327,2026-06-15,2026-06-12,2026-07-14,2026-07-14,loss12,-118849,8295,True,4,-0.1510638298,4,-0.3989361702,1,,19,-0.1723404255,4,-0.206940874,1,
2243,宏旭-KY,liquid_universe-2026-06-16-2243,2026-06-17,2026-06-16,2026-08-06,2026-07-31,loss12,-47144.45,8616,True,4,0.1063829787,1,,1,,34,-0.08723404255,4,0.02331002331,1,
2434,統懋,liquid_universe-2026-07-13-2434,2026-07-14,2026-07-13,2026-08-03,2026-07-28,loss12,-161789.1,7702,True,4,-0.3475366178,1,,1,,14,-0.3375499334,4,0.2462311558,1,
1303,南亞,liquid_universe-2026-07-14-1303,2026-07-15,2026-07-14,2026-07-20,2026-07-20,loss12,-100356,7976,True,4,-0.1692307692,1,,1,,3,-0.1802197802,4,0.07506702413,1,
2527,宏璟,liquid_universe-2026-07-20-2527,2026-07-21,2026-07-20,2026-07-29,2026-07-29,loss12,-92767,6812,True,4,-0.1188118812,1,,1,,6,-0.1752475248,4,0.06105659047,1,
1736,喬山,liquid_universe-2026-07-20-1736,2026-07-21,2026-07-20,2026-08-06,2026-08-03,loss12,-44497.75,6304,True,4,-0.05565019076,1,,1,,12,0.04317711486,4,-0.1438596491,1,
2207,和泰車,liquid_universe-2026-07-30-2207,2026-07-31,2026-07-30,,,,-347987.5,2050,False,4,-0.06810035842,1,,1,,,,,,,
5490,同亨,liquid_universe-2026-08-03-5490,2026-08-04,2026-08-03,2026-08-27,2026-08-24,loss12,-57013.42,5211,True,4,-0.1659192825,1,,1,,17,-0.1509715994,1,,1,
2006,東和鋼鐵,liquid_universe-2026-08-03-2006,2026-08-04,2026-08-03,,,,-414277.5,2449,False,4,-0.01575757576,1,,1,,,,,,,
3231,緯創,liquid_universe-2026-08-04-3231,2026-08-05,2026-08-04,,,,-418652.75,2467,False,4,-0.03886010363,1,,1,,,,,,,
3653,健策,liquid_universe-2026-08-05-3653,2026-08-06,2026-08-05,,,,-412093,2428,False,4,0.2617977528,1,,1,,,,,,,
6213,聯茂,liquid_universe-2026-08-26-6213,2026-08-27,2026-08-26,,,,-418463,2465,False,1,,1,,1,,,,,,,
