scope,year,horizon,total,ineligible_at_anchor,immature,missing_path_or_identity,price_review,not_surge,surge,known,surge_rate,negative_price_return,median_price_return
all_anchors,2019,20,502392,89298,0,42238,1274,364533,5049,369582,0.01366137961,162901,0.005479452055
quality_anchors,2019,20,79516,0,0,321,346,77616,1233,78849,0.01563748431,34684,0.00944386149
all_anchors,2020,20,508620,86591,0,32337,935,374030,14727,388757,0.03788227607,173447,0.008219178082
quality_anchors,2020,20,107881,0,0,590,249,102346,4696,107042,0.04387063022,48462,0.009451795841
all_anchors,2021,20,506544,82454,0,26767,660,382437,14226,396663,0.03586419706,179908,0.006230529595
quality_anchors,2021,20,142834,0,0,470,234,135898,6232,142130,0.04384718216,69109,0.002247191011
all_anchors,2022,20,510696,77153,0,35476,740,391716,5611,397327,0.01412186939,206204,-0.004016064257
quality_anchors,2022,20,115544,0,0,218,233,113387,1706,115093,0.01482279548,64533,-0.01518987342
all_anchors,2023,20,496164,68983,0,27649,850,388937,9745,398682,0.02444303982,174498,0.007220216606
quality_anchors,2023,20,131840,0,0,222,374,127349,3895,131244,0.02967754716,61179,0.005361930295
all_anchors,2024,20,502392,61588,0,20865,1562,406876,11501,418377,0.02748956085,216327,-0.003533568905
quality_anchors,2024,20,155351,0,0,443,695,149214,4999,154213,0.03241620356,81871,-0.007751937984
all_anchors,2025,20,504468,48349,0,50854,127,394314,10824,405138,0.02671682242,205137,-0.00217628114
quality_anchors,2025,20,135195,0,0,5848,35,124103,5209,129312,0.04028241772,64134,0
all_anchors,2026,20,344616,23895,38841,16246,18,252662,12954,265616,0.04876965243,137703,-0.004149377593
quality_anchors,2026,20,113457,0,12475,350,0,92136,8496,100632,0.08442642499,48333,0.004780970419
formal_signals,2019,20,3294,0,0,26,25,3162,81,3243,0.02497687327,1704,-0.005117707267
formal_signals,2020,20,4419,0,0,21,6,4126,266,4392,0.06056466302,2271,-0.005221967714
formal_signals,2021,20,6402,0,0,13,21,5900,468,6368,0.07349246231,3725,-0.029357897
formal_signals,2022,20,1109,0,0,4,2,1092,11,1103,0.009972801451,715,-0.03652173913
formal_signals,2023,20,6889,0,0,18,19,6510,342,6852,0.04991243433,3544,-0.005940617354
formal_signals,2024,20,6619,0,0,18,36,6099,466,6565,0.07098248286,3606,-0.01765530897
formal_signals,2025,20,4172,0,0,31,0,3752,389,4141,0.09393866216,2038,0
formal_signals,2026,20,5089,0,313,21,0,4071,684,4755,0.1438485804,2423,-0.00510052027
all_anchors,2019,60,502392,89298,0,62864,3694,340343,6193,346536,0.01787115913,170460,0.0001157766006
quality_anchors,2019,60,79516,0,0,896,1032,76165,1423,77588,0.01834046502,37572,0.00424328996
all_anchors,2020,60,508620,86591,0,49879,2641,346224,23285,369509,0.06301605644,132126,0.046
quality_anchors,2020,60,107881,0,0,1559,654,98202,7466,105668,0.07065525987,39457,0.04857960518
all_anchors,2021,60,506544,82454,0,44245,2009,361776,16060,377836,0.0425052139,169821,0.01259219325
quality_anchors,2021,60,142834,0,0,1391,716,133388,7339,140727,0.05215061786,69507,0.00146627566
all_anchors,2022,60,510696,77153,0,54510,2046,369910,7077,376987,0.01877253062,192012,-0.003592814371
quality_anchors,2022,60,115544,0,0,560,637,112330,2017,114347,0.01763929093,67051,-0.03472222222
all_anchors,2023,60,496164,68983,0,43684,2483,365736,15278,381014,0.04009826411,150733,0.02579346022
quality_anchors,2023,60,131840,0,0,691,958,124274,5917,130191,0.04544861012,57008,0.01993355482
all_anchors,2024,60,502392,61588,0,35950,4533,385830,14491,400321,0.03619845074,209203,-0.007260936522
quality_anchors,2024,60,155351,0,0,1225,1991,146622,5513,152135,0.03623755217,84146,-0.02074688797
all_anchors,2025,60,504468,48349,0,70161,346,370001,15611,385612,0.04048369864,212642,-0.01610017889
quality_anchors,2025,60,135195,0,0,7358,117,119270,8450,127720,0.06616035077,65676,-0.007064019037
all_anchors,2026,60,344616,23895,116474,18131,18,171053,15045,186098,0.08084450128,89240,0.006081290554
quality_anchors,2026,60,113457,0,42384,658,0,60684,9731,70415,0.1381949869,29040,0.0499615842
formal_signals,2019,60,3294,0,0,46,41,3116,91,3207,0.02837542875,1810,-0.02465166131
formal_signals,2020,60,4419,0,0,99,18,3923,379,4302,0.08809855881,1763,0.04211641504
formal_signals,2021,60,6402,0,0,45,47,5881,429,6310,0.06798732171,3500,-0.0286966333
formal_signals,2022,60,1109,0,0,13,2,1061,33,1094,0.03016453382,604,-0.03138008206
formal_signals,2023,60,6889,0,0,44,58,6298,489,6787,0.07204950641,3054,0.0233369578
formal_signals,2024,60,6619,0,0,60,88,6070,401,6471,0.0619687838,3483,-0.02535211268
formal_signals,2025,60,4172,0,0,41,1,3661,469,4130,0.113559322,2094,-0.004906118962
formal_signals,2026,60,5089,0,1080,41,0,3336,632,3968,0.1592741935,1852,0.029276445
all_anchors,2019,120,502392,89298,0,81131,6932,321383,3648,325031,0.01122354483,166596,-0.005424474421
quality_anchors,2019,120,79516,0,0,1939,1724,75077,776,75853,0.0102303139,37581,0.001609087688
all_anchors,2020,120,508620,86591,0,63968,4908,335719,17434,353153,0.04936670508,95560,0.1155172414
quality_anchors,2020,120,107881,0,0,2702,1136,98737,5306,104043,0.050998145,31028,0.1193582537
all_anchors,2021,120,506544,82454,0,62971,3921,349542,7656,357198,0.02143349067,163926,0.01522966472
quality_anchors,2021,120,142834,0,0,2803,1214,135575,3242,138817,0.02335448828,73026,-0.01390916919
all_anchors,2022,120,510696,77153,0,70069,3334,354529,5611,360140,0.0155800522,159715,0.0227225473
quality_anchors,2022,120,115544,0,0,1474,1042,111512,1516,113028,0.01341260573,60919,-0.02079339827
all_anchors,2023,120,496164,68983,0,56799,4600,354937,10845,365782,0.02964880721,130090,0.05874125874
quality_anchors,2023,120,131840,0,0,1584,1823,124555,3878,128433,0.03019473188,52195,0.04525862069
all_anchors,2024,120,502392,61588,0,60602,8633,364157,7412,371569,0.0199478428,217933,-0.03846153846
quality_anchors,2024,120,155351,0,0,5439,3817,143643,2452,146095,0.01678359971,91945,-0.0701754386
all_anchors,2025,120,504468,48349,0,77770,423,358856,19070,377926,0.05045961379,191866,-0.00408997955
quality_anchors,2025,120,135195,0,0,6149,74,117336,11636,128972,0.09022113327,57311,0.03717143139
all_anchors,2026,120,344616,23895,232414,10579,15,73676,4037,77713,0.0519475506,35056,0.02337733043
quality_anchors,2026,120,113457,0,84703,499,0,25665,2590,28255,0.091665192,9534,0.1271753681
formal_signals,2019,120,3294,0,0,84,67,3096,47,3143,0.01495386573,1679,-0.01995710184
formal_signals,2020,120,4419,0,0,120,22,3900,377,4277,0.08814589666,1340,0.1225071225
formal_signals,2021,120,6402,0,0,100,85,6062,155,6217,0.02493163905,3617,-0.05308880309
formal_signals,2022,120,1109,0,0,20,12,1045,32,1077,0.02971216342,642,-0.06484641638
formal_signals,2023,120,6889,0,0,86,98,6437,268,6705,0.03997017151,2799,0.05104408353
formal_signals,2024,120,6619,0,0,210,195,6019,195,6214,0.03138075314,3846,-0.07926342807
formal_signals,2025,120,4172,0,0,68,0,3567,537,4104,0.1308479532,1725,0.07699718393
formal_signals,2026,120,5089,0,3616,33,0,1258,182,1440,0.1263888889,487,0.1795702117
