stock_id,name,net_profit
1309,台達化,144308.4
1325,恆大,-153739.37
1453,大將,-186561.72
1476,儒鴻,-560905.5
1540,喬福,-118311.9
1595,川寶,-163875.05
1597,直得,-1030045.5
1605,華新,66531
1618,合機,-215072.2
1721,國慶科技,-120506.39
1732,毛寶,-44393.8
1760,寶齡富錦,-54079.5
1799,易威,-25562.45
2009,第一銅,-25509.45
2206,三陽工業,-46208.53
2207,和泰車,-131158
2344,華邦電,1349982.32
2356,英業達,-1039757.95
2364,倫飛,-158407.8
2367,燿華,-17829.9
2382,廣達,-89459.5
2392,正崴,-84233
2408,南亞科,2003315.5
2417,圓剛,399488.81
2429,銘旺科,-228489.25
2478,大毅,-1050456
2492,華新科,-38347.5
2520,冠德,20489.6
2527,宏璟,-163074.4
2540,愛山林,-119683.87
2543,皇昌,-47835.4
2615,萬海,211589
2722,夏都,206777.4
2841,台開,-47745.45
2906,高林,-74255.9
3024,憶聲,-164605.93
3027,盛達,-1546.77
3036,文曄,-75920.35
3049,精金,104987.7
3149,正達,-1315066.05
3178,公準,-31022.35
3219,倚強科,-51481
3221,台嘉碩,-40130.05
3227,原相,-20744.68
3228,金麗科,1142827.5
3230,錦明,638727.6
3260,威剛,-48120.8
3276,宇環,-28776.87
3293,鈊象,2547.5
3297,杭特,-136250.25
3356,奇偶,-63172.2
3379,彬台,-82903.6
3552,同致,-29728
3556,禾瑞亞,-32419.2
3558,神準,150.25
3669,圓展,-46867
3672,康聯訊,22296.86
3680,家登,131517.77
3686,達能,-15360.4
3693,營邦,-23177
3706,神達,-160036.8
4192,杏國,-31824.5
4533,協易機,-529904
4562,穎漢,1144640.9
4571,鈞興-KY,-156950
4707,磐亞,-27019.9
4722,國精化,-160136.4
4741,泓瀚,-295408.31
4755,三福化,-22710.4
4976,佳凌,-35807.9
4979,華星光,-40898.94
4991,環宇-KY,-31574.25
5210,寶碩,-107447.82
5269,祥碩,-16943
5289,宜鼎,29463
5314,世紀*,1601115
5386,青雲,8083749
5603,陸海,-57500.74
5608,四維航,400750.52
5706,鳳凰,-89298.75
5905,南仁湖,-47266.25
6104,創惟,94048.3
6112,邁達特,-96310
6113,亞矽,6192.88
6117,迎廣,-49470.52
6129,普誠,-49811.85
6170,統振,34027.41
6185,幃翔,-38104.2
6188,廣明,-22376.9
6206,飛捷,-224071
6207,雷科,-33594.55
6219,富旺,84227.8
6231,系微,-36637.5
6233,旺玖,103548
6283,淳安,50471
6443,元晶,599648.43
6472,保瑞,52343.25
6485,點序,-43768.8
6492,生華科,-39674
6510,精測,8708
6547,高端疫苗,-37127.75
6556,勝品,-65146.75
6568,宏觀,90670
6584,南俊國際,150662
6588,東典光電,1452084.2
6667,信紘科,-29158
6781,AES-KY,17762.5
6811,宏碁資訊,-22876.25
6838,台新藥,-86353.11
7751,竑騰,-794525
8024,佑華,-37570.7
8039,台虹,-1070583
8046,南電,-13650
8085,福華,118797.7
8289,泰藝,26599.96
8299,群聯,968630.34
8358,金居,1270288.8
8930,青鋼,43842.43
9906,欣巴巴,-200530.14
9921,巨大,-277198.79
9955,佳龍,-58115.49
