known,median_return,mode,negative,reached20,trigger,year
12256,-0.010944912073344137,stall5,6332,5291,False,all
23943,0.0009370516753519631,stall5,11871,8286,True,all
16624,-0.007490636704119813,stall10,8505,6605,False,all
19575,0.0,stall10,9766,5979,True,all
33399,-0.0030911901081916993,stall5weak,16839,12650,False,all
2800,0.004484665661136256,stall5weak,1364,927,True,all
826,-0.04043983105120308,stall5,484,206,False,2019
2368,-0.019705077258007686,stall5,1323,475,True,2019
1207,-0.03600000000000003,stall10,703,273,False,2019
1987,-0.016949152542372947,stall10,1104,329,True,2019
2962,-0.02504480286738353,stall5weak,1692,635,False,2019
232,0.002105263157894832,stall5weak,115,46,True,2019
1461,0.02957283680175249,stall5,642,635,False,2020
2824,0.03363714936748652,stall5,1143,1034,True,2020
1980,0.03835761538121152,stall10,814,785,False,2020
2305,0.027397260273972712,stall10,975,738,True,2020
3986,0.03433397114472925,stall5weak,1646,1572,False,2020
299,0.008746355685131046,stall5weak,139,97,True,2020
2286,-0.03750030110324237,stall5,1320,870,False,2021
4019,-0.017392001131248502,stall5,2160,1269,True,2021
3012,-0.03622951695957133,stall10,1732,1064,False,2021
3293,-0.0073710073710075985,stall10,1701,984,True,2021
5719,-0.02826379542395685,stall5weak,3222,1918,False,2021
586,0.020091087282370523,stall5weak,258,221,True,2021
263,-0.04477611940298509,stall5,148,82,False,2022
864,-0.015114457356040722,stall5,460,233,True,2022
355,-0.023584905660377187,stall10,200,104,False,2022
772,-0.006700812535232026,stall10,395,208,True,2022
983,-0.01193317422434359,stall5weak,516,289,False,2022
144,-0.0818827284489757,stall5weak,92,26,True,2022
1942,0.026225780125260334,stall5,870,841,False,2023
4821,0.02472527472527486,stall5,2129,1651,True,2023
2806,0.023985876559514452,stall10,1274,1090,False,2023
3957,0.01995798319327724,stall10,1776,1184,True,2023
6326,0.02523007071674388,stall5weak,2808,2340,False,2023
437,0.02314814814814814,stall5weak,191,152,True,2023
2324,-0.02998917230239445,stall5,1297,912,False,2024
4156,-0.019867549668874274,stall5,2243,1372,True,2024
3038,-0.020655504091450227,stall10,1640,1125,False,2024
3442,-0.014636700288121418,stall10,1854,1016,True,2024
5917,-0.024528301886792447,stall5weak,3242,2113,False,2024
563,-0.008571428571428563,stall5weak,298,171,True,2024
1418,-0.010543340433302184,stall5,728,679,False,2025
2668,-0.013722167302170185,stall5,1399,1038,True,2025
1948,-0.00885910428244524,stall10,988,848,False,2025
2138,-0.02123462832658979,stall10,1182,706,True,2025
3811,-0.013605442176870763,stall5weak,1982,1624,False,2025
275,-0.011834319526627168,stall5weak,145,93,True,2025
1736,0.009402103243236537,stall5,843,1066,False,2026
2223,0.029649595687331498,stall5,1014,1214,True,2026
2278,-0.006308420508333024,stall10,1154,1316,False,2026
1681,0.0171526586620927,stall10,779,814,True,2026
3695,0.021533559461403895,stall5weak,1731,2159,False,2026
264,0.010054519564509201,stall5weak,126,121,True,2026
