arm,end_nav,max_drawdown,partial_year,profit,start_nav,total_return,year
control3,933865.5900000001,-0.24007035549181244,False,-66134.40999999992,1000000.0,-0.06613440999999987,2019
control3,1226672.25,-0.2742034099304992,False,292806.6599999999,933865.5900000001,0.3135426159132815,2020
control3,1857847.74,-0.3216525069286924,False,631175.49,1226672.25,0.5145428944039454,2021
control3,1277149.88,-0.3270964282573555,False,-580697.8600000001,1857847.74,-0.31256482837501,2022
control3,1902115.9000000001,-0.16219871010053166,False,624966.0200000003,1277149.88,0.4893443046794166,2023
control3,4755396.78,-0.24043500744627333,False,2853280.88,1902115.9000000001,1.5000562689161052,2024
control3,7323021.96,-0.33891276837609896,False,2567625.1799999997,4755396.78,0.5399392098675728,2025
control3,10497628.59,-0.4156887711371884,True,3174606.63,7323021.96,0.43351046157452733,2026
stall53,1416622.78,-0.1858996919414797,False,416622.78,1000000.0,0.41662277999999997,2019
stall53,1817399.38,-0.3476156954073416,False,400776.59999999986,1416622.78,0.2829098936274339,2020
stall53,3618745.3600000003,-0.3686139520508652,False,1801345.9800000004,1817399.38,0.9911668287242403,2021
stall53,2966364.32,-0.3383153620270164,False,-652381.0400000005,3618745.3600000003,-0.1802782387539974,2022
stall53,3775898.1399999997,-0.27262531076012086,False,809533.8199999998,2966364.32,0.27290438148204266,2023
stall53,4801441.470000001,-0.28476738800452717,False,1025543.330000001,3775898.1399999997,0.27160248819635835,2024
stall53,4948106.9399999995,-0.2656216740253168,False,146665.4699999988,4801441.470000001,0.030546133055329827,2025
stall53,6761297.09,-0.41349947875382354,True,1813190.1500000004,4948106.9399999995,0.3664411808367263,2026
stall103,1148908.55,-0.2327991919279503,False,148908.55000000005,1000000.0,0.14890855000000003,2019
stall103,2092082.39,-0.4020173703078973,False,943173.8399999999,1148908.55,0.8209302994568191,2020
stall103,5728784.800000001,-0.3597144792537954,False,3636702.410000001,2092082.39,1.738317012457622,2021
stall103,4752974.579999999,-0.35018215332747527,False,-975810.2200000016,5728784.800000001,-0.17033459172702758,2022
stall103,5550976.64,-0.4546486467479611,False,798002.0600000005,4752974.579999999,0.1678952930566695,2023
stall103,3862002.8899999997,-0.632260458130075,False,-1688973.75,5550976.64,-0.3042660525409814,2024
stall103,5847408.56,-0.3189838982640584,False,1985405.67,3862002.8899999997,0.5140870492719907,2025
stall103,3340621.97,-0.5520115663453438,True,-2506786.5899999994,5847408.56,-0.4287004344365497,2026
stall5weak3,1425524.2399999998,-0.1894926032104941,False,425524.23999999976,1000000.0,0.42552423999999966,2019
stall5weak3,2342309.36,-0.39885493736379585,False,916785.1200000001,1425524.2399999998,0.643121382488733,2020
stall5weak3,2739389.7,-0.41971107156605303,False,397080.3400000003,2342309.36,0.1695251476090247,2021
stall5weak3,1737162.24,-0.39353139861772857,False,-1002227.4600000002,2739389.7,-0.36585793543722533,2022
stall5weak3,3747696.4,-0.1629314539965604,False,2010534.16,1737162.24,1.157366948063527,2023
stall5weak3,4016248.45,-0.4227755026511688,False,268552.0500000003,3747696.4,0.07165789896961772,2024
stall5weak3,3539442.86,-0.41260321432554814,False,-476805.5900000003,4016248.45,-0.11871914696910757,2025
stall5weak3,3666461.81,-0.5365096603089232,True,127018.95000000019,3539442.86,0.035886707322067224,2026
benchmark,1340096.4000000001,-0.08357377375385533,False,340096.40000000014,1000000.0,0.3400964000000002,2019
benchmark,1757705.05,-0.2815996329011602,False,417608.6499999999,1340096.4000000001,0.31162582781358106,2020
benchmark,2145343.46,-0.10442347734053392,False,387638.4099999999,1757705.05,0.22053666512478864,2021
benchmark,1688046.5000000002,-0.3390680994372489,False,-457296.95999999973,2145343.46,-0.2131579248387574,2022
benchmark,2151319.87,-0.0700997273921774,False,463273.3699999999,1688046.5000000002,0.2744434883754683,2023
benchmark,3191689.82,-0.2120740658824264,False,1040369.9499999997,2151319.87,0.48359612371357863,2024
benchmark,4366132.84,-0.2749849340752484,False,1174443.02,3191689.82,0.367969034033514,2025
benchmark,7433139.8100000005,-0.15339509427828035,True,3067006.9700000007,4366132.84,0.7024538836523355,2026
