bought_qty,due_date,due_index,entry_date,event_id,exit_date,group_cutoff_date,group_id,group_members,leader_evidence,members,name,priority,selection_reason,signal_date,stock_id
6012,2019-05-29,340,2019-02-22,liquid_universe-2019-02-21-6188,2019-05-30,2019-01-30,liquid_universe-2019-02,['6188'],"{'benchmark_return20': 0.05075865410824054, 'leader_return20': 0.6055555555555556, 'leader_volume_ratio': 2.037124606183273}",['6188'],廣明,0.554796901447,causal breakout and volume expansion; liquid_universe,2019-02-21,6188
30090,2019-05-29,340,2019-02-22,liquid_universe-2019-02-21-3049,2019-05-30,2019-01-30,liquid_universe-2019-02,['3049'],"{'benchmark_return20': 0.05075865410824054, 'leader_return20': 0.40140845070422526, 'leader_volume_ratio': 14.661239172516611}",['3049'],精金,0.350649796596,causal breakout and volume expansion; liquid_universe,2019-02-21,3049
8024,2019-05-29,340,2019-02-22,liquid_universe-2019-02-21-3356,2019-03-06,2019-01-30,liquid_universe-2019-02,['3356'],"{'benchmark_return20': 0.05075865410824054, 'leader_return20': 0.28350515463917536, 'leader_volume_ratio': 2.4317484105522857}",['3356'],奇偶,0.232746500531,causal breakout and volume expansion; liquid_universe,2019-02-21,3356
13,2019-06-06,346,2019-03-06,liquid_universe-2019-03-05-3406,2019-03-13,2019-02-27,liquid_universe-2019-03,['3406'],"{'benchmark_return20': 0.04138398914518304, 'leader_return20': 0.4851258581235698, 'leader_volume_ratio': 2.338587711186904}",['3406'],玉晶光,0.443741868978,causal breakout and volume expansion; liquid_universe,2019-03-05,3406
7065,2019-06-17,352,2019-03-14,liquid_universe-2019-03-13-2392,2019-03-22,2019-02-27,liquid_universe-2019-03,['2392'],"{'benchmark_return20': 0.02594810379241519, 'leader_return20': 0.6756756756756754, 'leader_volume_ratio': 2.7897868345322303}",['2392'],正崴,0.649727571883,causal breakout and volume expansion; liquid_universe,2019-03-13,2392
7024,2019-06-25,358,2019-03-22,liquid_universe-2019-03-21-3511,2019-04-03,2019-02-27,liquid_universe-2019-03,['3511'],"{'benchmark_return20': 0.048344370860927244, 'leader_return20': 0.8100436681222707, 'leader_volume_ratio': 2.8304841881220666}",['3511'],矽瑪,0.761699297261,causal breakout and volume expansion; liquid_universe,2019-03-21,3511
5060,2019-07-04,365,2019-04-02,liquid_universe-2019-04-01-3483,2019-04-12,2019-03-29,liquid_universe-2019-04,['3483'],"{'benchmark_return20': 0.037686809616634065, 'leader_return20': 0.8524590163934427, 'leader_volume_ratio': 3.671816939540362}",['3483'],力致,0.814772206777,causal breakout and volume expansion; liquid_universe,2019-04-01,3483
17067,2019-07-12,371,2019-04-12,liquid_universe-2019-04-11-3704,2019-07-16,2019-03-29,liquid_universe-2019-04,['3704'],"{'benchmark_return20': 0.05048543689320395, 'leader_return20': 0.34642857142857153, 'leader_volume_ratio': 6.1124139556422294}",['3704'],合勤控,0.295943134535,causal breakout and volume expansion; liquid_universe,2019-04-11,3704
11023,2019-08-30,405,2019-05-31,liquid_universe-2019-05-30-2520,2019-06-11,2019-04-30,liquid_universe-2019-05,['2520'],"{'benchmark_return20': -0.06746987951807215, 'leader_return20': 0.33651551312649164, 'leader_volume_ratio': 2.1762717325804726}",['2520'],冠德,0.403985392645,causal breakout and volume expansion; liquid_universe,2019-05-30,2520
31038,2019-08-30,405,2019-05-31,liquid_universe-2019-05-30-2841,2019-06-10,2019-04-30,liquid_universe-2019-05,['2841'],"{'benchmark_return20': -0.06746987951807215, 'leader_return20': 0.1707035755478663, 'leader_volume_ratio': 2.097512283230799}",['2841'],台開,0.238173455066,causal breakout and volume expansion; liquid_universe,2019-05-30,2841
4064,2019-09-09,411,2019-06-11,liquid_universe-2019-06-10-1736,2019-06-24,2019-05-31,liquid_universe-2019-06,['1736'],"{'benchmark_return20': -0.030061349693251693, 'leader_return20': 0.7364705882352942, 'leader_volume_ratio': 2.01601845558856}",['1736'],喬山,0.766531937929,causal breakout and volume expansion; liquid_universe,2019-06-10,1736
4007,2019-09-10,412,2019-06-12,liquid_universe-2019-06-11-9802,2019-06-20,2019-05-31,liquid_universe-2019-06,['9802'],"{'benchmark_return20': -0.009357454772302098, 'leader_return20': 0.11792452830188682, 'leader_volume_ratio': 1.6546817844512078}",['9802'],鈺齊-KY,0.127281983074,causal breakout and volume expansion; liquid_universe,2019-06-11,9802
1031,2019-09-18,417,2019-06-19,liquid_universe-2019-06-18-2707,2019-06-27,2019-05-31,liquid_universe-2019-06,['2707'],"{'benchmark_return20': 0.008951406649616356, 'leader_return20': 0.19426751592356695, 'leader_volume_ratio': 2.7572982303340554}",['2707'],晶華,0.185316109274,causal breakout and volume expansion; liquid_universe,2019-06-18,2707
3081,2019-09-20,419,2019-06-21,liquid_universe-2019-06-20-4968,2019-09-20,2019-05-31,liquid_universe-2019-06,['4968'],"{'benchmark_return20': 0.031249999999999778, 'leader_return20': 0.3881789137380194, 'leader_volume_ratio': 1.7821439242866233}",['4968'],立積,0.356928913738,causal breakout and volume expansion; liquid_universe,2019-06-20,4968
5056,2019-09-26,423,2019-06-27,liquid_universe-2019-06-26-8086,2019-07-08,2019-05-31,liquid_universe-2019-06,['8086'],"{'benchmark_return20': 0.042153047989623715, 'leader_return20': 0.47530750872039684, 'leader_volume_ratio': 4.91773896563701}",['8086'],宏捷科,0.433154460731,causal breakout and volume expansion; liquid_universe,2019-06-26,8086
9021,2019-10-07,429,2019-07-05,liquid_universe-2019-07-04-1762,2019-08-20,2019-06-28,liquid_universe-2019-07,['1762'],"{'benchmark_return20': 0.04725415070242667, 'leader_return20': 0.3384030418250952, 'leader_volume_ratio': 2.265057825232655}",['1762'],中化生,0.291148891123,causal breakout and volume expansion; liquid_universe,2019-07-04,1762
5008,2019-10-17,435,2019-07-15,liquid_universe-2019-07-12-4935,2019-10-22,2019-06-28,liquid_universe-2019-07,['4935'],"{'benchmark_return20': 0.048795944233206434, 'leader_return20': 0.5, 'leader_volume_ratio': 3.0919151752136105}",['4935'],茂林-KY,0.451204055767,causal breakout and volume expansion; liquid_universe,2019-07-12,4935
24015,2019-11-21,460,2019-08-20,liquid_universe-2019-08-19-8105,2019-08-30,2019-07-31,liquid_universe-2019-08,['8105'],"{'benchmark_return20': -0.026506024096385583, 'leader_return20': 0.3620689655172413, 'leader_volume_ratio': 5.23326904495512}",['8105'],凌巨,0.388574989614,causal breakout and volume expansion; liquid_universe,2019-08-19,8105
5015,2019-12-02,467,2019-08-29,liquid_universe-2019-08-28-6231,2019-09-09,2019-07-31,liquid_universe-2019-08,['6231'],"{'benchmark_return20': -0.033653846153846034, 'leader_return20': 0.7354368932038835, 'leader_volume_ratio': 10.191656232889123}",['6231'],系微,0.769090739358,causal breakout and volume expansion; liquid_universe,2019-08-28,6231
10352,2019-12-10,473,2019-09-06,liquid_universe-2019-09-05-2367,2019-09-17,2019-08-30,liquid_universe-2019-09,['2367'],"{'benchmark_return20': 0.04140526976160608, 'leader_return20': 0.6027088036117385, 'leader_volume_ratio': 3.397258940020239}",['2367'],燿華,0.56130353385,causal breakout and volume expansion; liquid_universe,2019-09-05,2367
4029,2019-12-18,479,2019-09-17,liquid_universe-2019-09-16-5340,2019-10-31,2019-08-30,liquid_universe-2019-09,['5340'],"{'benchmark_return20': 0.050404480398257734, 'leader_return20': 0.8467153284671536, 'leader_volume_ratio': 3.2825638939761848}",['5340'],建榮,0.796310848069,causal breakout and volume expansion; liquid_universe,2019-09-16,5340
2015,2019-12-24,483,2019-09-23,liquid_universe-2019-09-20-3661,2019-10-04,2019-08-30,liquid_universe-2019-09,['3661'],"{'benchmark_return20': 0.046971569839307836, 'leader_return20': 0.28125, 'leader_volume_ratio': 3.1749381626843767}",['3661'],世芯-KY,0.234278430161,causal breakout and volume expansion; liquid_universe,2019-09-20,3661
12003,2020-01-02,489,2019-10-02,liquid_universe-2019-10-01-6155,2019-10-14,2019-09-27,liquid_universe-2019-10,['6155'],"{'benchmark_return20': 0.05009163103237646, 'leader_return20': 0.3233256351039262, 'leader_volume_ratio': 1.5080364425642514}",['6155'],鈞寶,0.273234004072,causal breakout and volume expansion; liquid_universe,2019-10-01,6155
33214,2020-01-13,496,2019-10-15,liquid_universe-2019-10-14-2504,2020-01-16,2019-09-27,liquid_universe-2019-10,['2504'],"{'benchmark_return20': 0.049760191846522694, 'leader_return20': 0.38625592417061627, 'leader_volume_ratio': 7.695816748793214}",['2504'],國產,0.336495732324,causal breakout and volume expansion; liquid_universe,2019-10-14,2504
14003,2020-01-16,499,2019-10-18,liquid_universe-2019-10-17-6155,2019-10-28,2019-09-27,liquid_universe-2019-10,['6155'],"{'benchmark_return20': 0.04443127962085325, 'leader_return20': 0.3058035714285716, 'leader_volume_ratio': 2.4092547003030886}",['6155'],鈞寶,0.261372291808,causal breakout and volume expansion; liquid_universe,2019-10-17,6155
2066,2020-02-05,506,2019-10-29,liquid_universe-2019-10-28-3413,2019-11-06,2019-09-27,liquid_universe-2019-10,['3413'],"{'benchmark_return20': 0.06064209274673016, 'leader_return20': 0.30379746835443044, 'leader_volume_ratio': 2.114522849193937}",['3413'],京鼎,0.243155375608,causal breakout and volume expansion; liquid_universe,2019-10-28,3413
7022,2020-02-07,508,2019-10-31,liquid_universe-2019-10-30-6667,2019-11-12,2019-09-27,liquid_universe-2019-10,['6667'],"{'benchmark_return20': 0.06205673758865271, 'leader_return20': 0.6124260355029587, 'leader_volume_ratio': 4.803961965447151}",['6667'],信紘科,0.550369297914,causal breakout and volume expansion; liquid_universe,2019-10-30,6667
8011,2020-02-13,512,2019-11-06,liquid_universe-2019-11-05-8463,2019-11-18,2019-10-31,liquid_universe-2019-11,['8463'],"{'benchmark_return20': 0.09101585437463289, 'leader_return20': 0.5730897009966778, 'leader_volume_ratio': 1.7791169520179126}",['8463'],潤泰材,0.482073846622,causal breakout and volume expansion; liquid_universe,2019-11-05,8463
2029,2020-02-17,514,2019-11-08,liquid_universe-2019-11-07-3653,2019-11-18,2019-10-31,liquid_universe-2019-11,['3653'],"{'benchmark_return20': 0.07341040462427739, 'leader_return20': 0.3879003558718861, 'leader_volume_ratio': 1.723638774743073}",['3653'],健策,0.314489951248,causal breakout and volume expansion; liquid_universe,2019-11-07,3653
5000,2020-02-21,518,2019-11-14,liquid_universe-2019-11-13-6667,2020-01-09,2019-10-31,liquid_universe-2019-11,['6667'],"{'benchmark_return20': 0.038024971623155546, 'leader_return20': 1.0058823529411764, 'leader_volume_ratio': 2.9104461531569594}",['6667'],信紘科,0.967857381318,causal breakout and volume expansion; liquid_universe,2019-11-13,6667
2007,2020-02-25,520,2019-11-18,liquid_universe-2019-11-15-6538,2020-02-25,2019-10-31,liquid_universe-2019-11,['6538'],"{'benchmark_return20': 0.049459920409323344, 'leader_return20': 0.665137614678899, 'leader_volume_ratio': 2.7185332884464075}",['6538'],倉和,0.61567769427,causal breakout and volume expansion; liquid_universe,2019-11-15,6538
5129,2020-04-22,558,2020-01-10,liquid_universe-2020-01-09-8996,2020-04-08,2019-12-31,liquid_universe-2020-01,['8996'],"{'benchmark_return20': 0.03413333333333335, 'leader_return20': 0.5964125560538116, 'leader_volume_ratio': 3.710035355999593}",['8996'],高力,0.56227922272,causal breakout and volume expansion; liquid_universe,2020-01-09,8996
2026,2020-04-24,560,2020-01-14,liquid_universe-2020-01-13-2360,2020-01-31,2019-12-31,liquid_universe-2020-01,['2360'],"{'benchmark_return20': 0.011351909184726283, 'leader_return20': 0.24354243542435428, 'leader_volume_ratio': 3.4878545481352514}",['2360'],致茂,0.23219052624,causal breakout and volume expansion; liquid_universe,2020-01-13,2360
16,2020-05-05,566,2020-01-31,liquid_universe-2020-01-30-3293,2020-02-10,2019-12-31,liquid_universe-2020-01,['3293'],"{'benchmark_return20': -0.05146680391147718, 'leader_return20': 0.30201342281879207, 'leader_volume_ratio': 2.653792999277649}",['3293'],鈊象,0.35348022673,causal breakout and volume expansion; liquid_universe,2020-01-30,3293
2055,2020-05-13,572,2020-02-10,liquid_universe-2020-02-07-3227,2020-03-18,2020-01-31,liquid_universe-2020-02,['3227'],"{'benchmark_return20': -0.02874304956639706, 'leader_return20': 0.19256756756756754, 'leader_volume_ratio': 2.9021869164582457}",['3227'],原相,0.221310617134,causal breakout and volume expansion; liquid_universe,2020-02-07,3227
8125,2020-05-29,584,2020-02-26,liquid_universe-2020-02-25-6547,2020-03-10,2020-01-31,liquid_universe-2020-02,['6547'],"{'benchmark_return20': -0.04125650260104041, 'leader_return20': 0.7639123102866778, 'leader_volume_ratio': 6.492147252776838}",['6547'],高端疫苗,0.805168812888,causal breakout and volume expansion; liquid_universe,2020-02-25,6547
19048,2020-06-08,590,2020-03-06,liquid_universe-2020-03-05-4121,2020-03-20,2020-02-27,liquid_universe-2020-03,['4121'],"{'benchmark_return20': -0.007154650522839701, 'leader_return20': 0.688212927756654, 'leader_volume_ratio': 4.538271271207208}",['4121'],優盛,0.695367578279,causal breakout and volume expansion; liquid_universe,2020-03-05,4121
4008,2020-09-03,651,2020-06-04,liquid_universe-2020-06-03-3693,2020-06-15,2020-05-29,liquid_universe-2020-06,['3693'],"{'benchmark_return20': 0.03952095808383227, 'leader_return20': 1.2686567164179108, 'leader_volume_ratio': 2.5032945375932196}",['3693'],營邦,1.22913575833,causal breakout and volume expansion; liquid_universe,2020-06-03,3693
23077,2020-09-03,651,2020-06-04,liquid_universe-2020-06-03-1309,2020-06-12,2020-05-29,liquid_universe-2020-06,['1309'],"{'benchmark_return20': 0.03952095808383227, 'leader_return20': 0.5237134207870835, 'leader_volume_ratio': 2.1741440055066654}",['1309'],台達化,0.484192462703,causal breakout and volume expansion; liquid_universe,2020-06-03,1309
4082,2020-09-03,651,2020-06-04,liquid_universe-2020-06-03-3556,2020-06-15,2020-05-29,liquid_universe-2020-06,['3556'],"{'benchmark_return20': 0.03952095808383227, 'leader_return20': 0.42885375494071143, 'leader_volume_ratio': 2.7070155331095096}",['3556'],禾瑞亞,0.389332796857,causal breakout and volume expansion; liquid_universe,2020-06-03,3556
16000,2020-09-11,657,2020-06-12,liquid_universe-2020-06-11-2417,2020-09-11,2020-05-29,liquid_universe-2020-06,['2417'],"{'benchmark_return20': 0.06902761104441768, 'leader_return20': 0.625, 'leader_volume_ratio': 5.4477482806196145}",['2417'],圓剛,0.555972388956,causal breakout and volume expansion; liquid_universe,2020-06-11,2417
10034,2020-09-11,657,2020-06-12,liquid_universe-2020-06-11-3540,2020-09-15,2020-05-29,liquid_universe-2020-06,['3540'],"{'benchmark_return20': 0.06902761104441768, 'leader_return20': 0.6129032258064517, 'leader_volume_ratio': 6.766426566815629}",['3540'],曜越,0.543875614762,causal breakout and volume expansion; liquid_universe,2020-06-11,3540
10,2020-09-11,657,2020-06-12,liquid_universe-2020-06-11-3529,2020-09-14,2020-05-29,liquid_universe-2020-06,['3529'],"{'benchmark_return20': 0.06902761104441768, 'leader_return20': 0.5999999999999999, 'leader_volume_ratio': 1.7660806348632347}",['3529'],力旺,0.530972388956,causal breakout and volume expansion; liquid_universe,2020-06-11,3529
10019,2020-12-15,721,2020-09-14,liquid_universe-2020-09-11-3686,2020-09-21,2020-08-31,liquid_universe-2020-09,['3686'],"{'benchmark_return20': -0.011961722488038395, 'leader_return20': 0.7572815533980584, 'leader_volume_ratio': 2.650354368019253}",['3686'],達能,0.769243275886,causal breakout and volume expansion; liquid_universe,2020-09-11,3686
55831,2020-12-15,721,2020-09-14,liquid_universe-2020-09-11-3682,2020-09-23,2020-08-31,liquid_universe-2020-09,['3682'],"{'benchmark_return20': -0.011961722488038395, 'leader_return20': 0.5533980582524272, 'leader_volume_ratio': 8.890481477667347}",['3682'],亞太電,0.56535978074,causal breakout and volume expansion; liquid_universe,2020-09-11,3682
13037,2020-12-15,721,2020-09-14,liquid_universe-2020-09-11-1519,2020-09-21,2020-08-31,liquid_universe-2020-09,['1519'],"{'benchmark_return20': -0.011961722488038395, 'leader_return20': 0.3385939741750357, 'leader_volume_ratio': 4.368220674020175}",['1519'],華城,0.350555696663,causal breakout and volume expansion; liquid_universe,2020-09-11,1519
17282,2020-12-23,727,2020-09-22,liquid_universe-2020-09-21-4934,2020-10-05,2020-08-31,liquid_universe-2020-09,['4934'],"{'benchmark_return20': 0.013094083414161073, 'leader_return20': 0.9100817438692095, 'leader_volume_ratio': 1.7895276747285833}",['4934'],太極,0.896987660455,causal breakout and volume expansion; liquid_universe,2020-09-21,4934
13033,2020-12-23,727,2020-09-22,liquid_universe-2020-09-21-4976,2020-10-06,2020-08-31,liquid_universe-2020-09,['4976'],"{'benchmark_return20': 0.013094083414161073, 'leader_return20': 0.6762589928057554, 'leader_volume_ratio': 2.9141775995206065}",['4976'],佳凌,0.663164909392,causal breakout and volume expansion; liquid_universe,2020-09-21,4976
21012,2020-12-23,727,2020-09-22,liquid_universe-2020-09-21-3202,2020-10-21,2020-08-31,liquid_universe-2020-09,['3202'],"{'benchmark_return20': 0.013094083414161073, 'leader_return20': 0.508108108108108, 'leader_volume_ratio': 2.824788352908835}",['3202'],樺晟電子股份有限公司,0.495014024694,causal breakout and volume expansion; liquid_universe,2020-09-21,3202
16084,2020-12-31,733,2020-09-30,liquid_universe-2020-09-29-6283,2021-01-06,2020-08-31,liquid_universe-2020-09,['6283'],"{'benchmark_return20': -0.007740686985969969, 'leader_return20': 0.43815513626834357, 'leader_volume_ratio': 8.696159532795205}",['6283'],淳安,0.445895823254,causal breakout and volume expansion; liquid_universe,2020-09-29,6283
1004,2020-12-31,733,2020-09-30,liquid_universe-2020-09-29-3533,2020-12-31,2020-08-31,liquid_universe-2020-09,['3533'],"{'benchmark_return20': -0.007740686985969969, 'leader_return20': 0.1220657276995305, 'leader_volume_ratio': 4.543616867762044}",['3533'],嘉澤,0.129806414686,causal breakout and volume expansion; liquid_universe,2020-09-29,3533
14022,2021-01-18,744,2020-10-20,liquid_universe-2020-10-19-3580,2020-10-30,2020-09-30,liquid_universe-2020-10,['3580'],"{'benchmark_return20': 0.000469263256686947, 'leader_return20': 0.5097276264591437, 'leader_volume_ratio': 2.876330415834091}",['3580'],友威科,0.509258363202,causal breakout and volume expansion; liquid_universe,2020-10-19,3580
7097,2021-01-27,751,2020-10-29,liquid_universe-2020-10-28-2108,2020-11-13,2020-09-30,liquid_universe-2020-10,['2108'],"{'benchmark_return20': 0.0432190760059612, 'leader_return20': 0.5605095541401275, 'leader_volume_ratio': 1.71380893197073}",['2108'],南帝,0.517290478134,causal breakout and volume expansion; liquid_universe,2020-10-28,2108
9393,2021-02-22,762,2020-11-13,liquid_universe-2020-11-12-3092,2021-02-26,2020-10-30,liquid_universe-2020-11,['3092'],"{'benchmark_return20': 0.029328287606433356, 'leader_return20': 0.4183266932270915, 'leader_volume_ratio': 3.513947907016154}",['3092'],鴻碩,0.388998405621,causal breakout and volume expansion; liquid_universe,2020-11-12,3092
31162,2021-04-15,797,2021-01-04,liquid_universe-2020-12-31-6129,2021-01-19,2020-11-30,liquid_universe-2020-12,['6129'],"{'benchmark_return20': 0.05935875216637787, 'leader_return20': 1.0046620046620043, 'leader_volume_ratio': 1.9778483367283006}",['6129'],普誠,0.945303252496,causal breakout and volume expansion; liquid_universe,2020-12-31,6129
20189,2021-04-15,797,2021-01-04,liquid_universe-2020-12-31-3149,2021-01-14,2020-11-30,liquid_universe-2020-12,['3149'],"{'benchmark_return20': 0.05935875216637787, 'leader_return20': 0.6728971962616821, 'leader_volume_ratio': 2.7929791424187473}",['3149'],正達,0.613538444095,causal breakout and volume expansion; liquid_universe,2020-12-31,3149
5034,2021-04-22,802,2021-01-11,liquid_universe-2021-01-08-1593,2021-04-29,2020-12-31,liquid_universe-2021-01,['1593'],"{'benchmark_return20': 0.10623946037099485, 'leader_return20': 0.7023026315789478, 'leader_volume_ratio': 2.9932535126432795}",['1593'],祺驊,0.596063171208,causal breakout and volume expansion; liquid_universe,2021-01-08,1593
4047,2021-04-23,803,2021-01-12,liquid_universe-2021-01-11-6457,2021-01-18,2020-12-31,liquid_universe-2021-01,['6457'],"{'benchmark_return20': 0.11410526315789493, 'leader_return20': 0.7083333333333335, 'leader_volume_ratio': 2.2277264443781846}",['6457'],紘康科技股份有限公司,0.594228070175,causal breakout and volume expansion; liquid_universe,2021-01-11,6457
16128,2021-05-03,808,2021-01-19,liquid_universe-2021-01-18-3149,2021-01-28,2020-12-31,liquid_universe-2021-01,['3149'],"{'benchmark_return20': 0.13705583756345185, 'leader_return20': 1.0152905198776758, 'leader_volume_ratio': 1.6567829887245393}",['3149'],正達,0.878234682314,causal breakout and volume expansion; liquid_universe,2021-01-18,3149
1447,2021-05-11,814,2021-01-27,liquid_universe-2021-01-26-3552,2021-02-18,2020-12-31,liquid_universe-2021-01,['3552'],"{'benchmark_return20': 0.13121055138740023, 'leader_return20': 0.6994535519125682, 'leader_volume_ratio': 2.1114019280736396}",['3552'],同致,0.568243000525,causal breakout and volume expansion; liquid_universe,2021-01-26,3552
17046,2021-05-17,818,2021-02-02,liquid_universe-2021-02-01-8033,2021-02-05,2021-01-29,liquid_universe-2021-02,['8033'],"{'benchmark_return20': 0.07438278907410378, 'leader_return20': 0.4999999999999998, 'leader_volume_ratio': 2.4644747549923145}",['8033'],雷虎,0.425617210926,causal breakout and volume expansion; liquid_universe,2021-02-01,8033
662,2021-05-24,823,2021-02-18,liquid_universe-2021-02-17-3034,2021-02-25,2021-01-29,liquid_universe-2021-02,['3034'],"{'benchmark_return20': 0.085510779278962, 'leader_return20': 0.3574193548387099, 'leader_volume_ratio': 2.324196090539259}",['3034'],聯詠,0.27190857556,causal breakout and volume expansion; liquid_universe,2021-02-17,3034
1279,2021-05-27,826,2021-02-23,liquid_universe-2021-02-22-3228,2021-03-08,2021-01-29,liquid_universe-2021-02,['3228'],"{'benchmark_return20': 0.05800027957978826, 'leader_return20': 0.5043103448275861, 'leader_volume_ratio': 1.8726535497079058}",['3228'],金麗科,0.446310065248,causal breakout and volume expansion; liquid_universe,2021-02-22,3228
20026,2021-06-01,829,2021-02-26,liquid_universe-2021-02-25-6215,2021-05-27,2021-01-29,liquid_universe-2021-02,['6215'],"{'benchmark_return20': 0.018830703918618852, 'leader_return20': 0.41744548286604366, 'leader_volume_ratio': 3.441379643327837}",['6215'],和椿,0.398614778947,causal breakout and volume expansion; liquid_universe,2021-02-25,6215
2037,2021-06-04,832,2021-03-04,liquid_universe-2021-03-03-4571,2021-03-15,2021-02-26,liquid_universe-2021-03,['4571'],"{'benchmark_return20': -0.014914514368861376, 'leader_return20': 1.0775462962962963, 'leader_volume_ratio': 4.414485928285699}",['4571'],鈞興-KY,1.09246081067,causal breakout and volume expansion; liquid_universe,2021-03-03,4571
3192,2021-06-15,838,2021-03-12,liquid_universe-2021-03-11-3169,2021-05-10,2021-02-26,liquid_universe-2021-03,['3169'],"{'benchmark_return20': 0.030210325047800968, 'leader_return20': 1.146551724137931, 'leader_volume_ratio': 4.58796839089272}",['3169'],亞信,1.11634139909,causal breakout and volume expansion; liquid_universe,2021-03-11,3169
7584,2021-07-27,868,2021-04-27,liquid_universe-2021-04-26-2609,2021-07-27,2021-03-31,liquid_universe-2021-04,['2609'],"{'benchmark_return20': 0.07010231148162194, 'leader_return20': 1.0430769230769235, 'leader_volume_ratio': 2.084282625604725}",['2609'],陽明,0.972974611595,causal breakout and volume expansion; liquid_universe,2021-04-26,2609
32552,2021-08-05,875,2021-05-07,liquid_universe-2021-05-06-2022,2021-05-18,2021-04-29,liquid_universe-2021-05,['2022'],"{'benchmark_return20': -0.00616835994194509, 'leader_return20': 1.1448467966573816, 'leader_volume_ratio': 1.9462663818903754}",['2022'],聚亨,1.1510151566,causal breakout and volume expansion; liquid_universe,2021-05-06,2022
8280,2021-08-17,883,2021-05-19,liquid_universe-2021-05-18-1732,2021-05-26,2021-04-29,liquid_universe-2021-05,['1732'],"{'benchmark_return20': -0.05161290322580636, 'leader_return20': 0.9860557768924301, 'leader_volume_ratio': 5.049452668218333}",['1732'],毛寶,1.03766868012,causal breakout and volume expansion; liquid_universe,2021-05-18,1732
4132,2021-08-18,884,2021-05-20,liquid_universe-2021-05-19-1760,2021-05-27,2021-04-29,liquid_universe-2021-05,['1760'],"{'benchmark_return20': -0.05637342908438048, 'leader_return20': 0.4012738853503184, 'leader_volume_ratio': 7.830918941709722}",['1760'],寶齡富錦,0.457647314435,causal breakout and volume expansion; liquid_universe,2021-05-19,1760
2586,2021-08-23,887,2021-05-25,liquid_universe-2021-05-24-2615,2021-08-23,2021-04-29,liquid_universe-2021-05,['2615'],"{'benchmark_return20': -0.05030542579949693, 'leader_return20': 0.524390243902439, 'leader_volume_ratio': 2.0374498020231475}",['2615'],萬海,0.574695669702,causal breakout and volume expansion; liquid_universe,2021-05-24,2615
6000,2021-08-26,890,2021-05-28,liquid_universe-2021-05-27-2642,2021-08-26,2021-04-29,liquid_universe-2021-05,['2642'],"{'benchmark_return20': -0.0487891737891738, 'leader_return20': 1.0085106382978721, 'leader_volume_ratio': 2.5107755329125396}",['2642'],宅配通,1.05729981209,causal breakout and volume expansion; liquid_universe,2021-05-27,2642
3014,2021-10-28,932,2021-07-28,liquid_universe-2021-07-27-6568,2021-11-08,2021-06-30,liquid_universe-2021-07,['6568'],"{'benchmark_return20': -0.0061856896449175025, 'leader_return20': 0.5313653136531364, 'leader_volume_ratio': 6.013733237977166}",['6568'],宏觀,0.537551003298,causal breakout and volume expansion; liquid_universe,2021-07-27,6568
2269,2021-11-26,953,2021-08-26,liquid_universe-2021-08-25-6469,2021-10-14,2021-07-30,liquid_universe-2021-08,['6469'],"{'benchmark_return20': 0.013407821229050487, 'leader_return20': 0.30519480519480524, 'leader_volume_ratio': 2.065175588139047}",['6469'],大樹,0.291786983966,causal breakout and volume expansion; liquid_universe,2021-08-25,6469
6001,2021-11-29,954,2021-08-27,liquid_universe-2021-08-26-3504,2021-09-03,2021-07-30,liquid_universe-2021-08,['3504'],"{'benchmark_return20': 0.00366300366300365, 'leader_return20': 0.3935406698564594, 'leader_volume_ratio': 5.521083678083737}",['3504'],揚明光,0.389877666193,causal breakout and volume expansion; liquid_universe,2021-08-26,3504
30027,2021-12-07,960,2021-09-06,liquid_universe-2021-09-03-1727,2021-12-07,2021-08-31,liquid_universe-2021-09,['1727'],"{'benchmark_return20': 0.022334293948126804, 'leader_return20': 0.5612244897959182, 'leader_volume_ratio': 6.510694444334035}",['1727'],中華化,0.538890195848,causal breakout and volume expansion; liquid_universe,2021-09-03,1727
5042,2021-12-22,971,2021-09-23,liquid_universe-2021-09-22-5321,2021-12-22,2021-08-31,liquid_universe-2021-09,['5321'],"{'benchmark_return20': 0.021213248976553745, 'leader_return20': 0.8258064516129036, 'leader_volume_ratio': 4.115782417075519}",['5321'],美而快,0.804593202636,causal breakout and volume expansion; liquid_universe,2021-09-22,5321
21025,2022-02-07,996,2021-10-29,liquid_universe-2021-10-28-6477,2022-02-07,2021-09-30,liquid_universe-2021-10,['6477'],"{'benchmark_return20': 0.008455882352941257, 'leader_return20': 0.49382716049382713, 'leader_volume_ratio': 1.762613209064432}",['6477'],安集,0.485371278141,causal breakout and volume expansion; liquid_universe,2021-10-28,6477
3279,2022-03-18,1024,2021-12-08,liquid_universe-2021-12-07-6446,2022-01-10,2021-11-30,liquid_universe-2021-12,['6446'],"{'benchmark_return20': 0.007818052594172231, 'leader_return20': 1.9263370332996974, 'leader_volume_ratio': 2.1115404460507854}",['6446'],藥華藥,1.91851898071,causal breakout and volume expansion; liquid_universe,2021-12-07,6446
10311,2022-04-06,1035,2021-12-23,liquid_universe-2021-12-22-6111,2022-01-04,2021-11-30,liquid_universe-2021-12,['6111'],"{'benchmark_return20': 0.009608540925266862, 'leader_return20': 0.6307692307692307, 'leader_volume_ratio': 5.850567715068223}",['6111'],光聚晶電,0.621160689844,causal breakout and volume expansion; liquid_universe,2021-12-22,6111
13234,2022-04-14,1041,2022-01-03,liquid_universe-2021-12-30-3624,2022-01-10,2021-11-30,liquid_universe-2021-12,['3624'],"{'benchmark_return20': 0.026093088857545688, 'leader_return20': 0.6367265469061878, 'leader_volume_ratio': 2.683983982591089}",['3624'],光頡,0.610633458049,causal breakout and volume expansion; liquid_universe,2021-12-30,3624
29173,2022-04-21,1046,2022-01-10,liquid_universe-2022-01-07-6266,2022-01-13,2021-12-30,liquid_universe-2022-01,['6266'],"{'benchmark_return20': 0.032394366197183055, 'leader_return20': 0.7857142857142854, 'leader_volume_ratio': 2.728688706154972}",['6266'],泰詠,0.753319919517,causal breakout and volume expansion; liquid_universe,2022-01-07,6266
21237,2022-04-22,1047,2022-01-11,liquid_universe-2022-01-10-1732,2022-02-11,2021-12-30,liquid_universe-2022-01,['1732'],"{'benchmark_return20': 0.03945051074321948, 'leader_return20': 0.565830721003135, 'leader_volume_ratio': 3.53432327685039}",['1732'],毛寶,0.52638021026,causal breakout and volume expansion; liquid_universe,2022-01-10,1732
10491,2022-04-27,1050,2022-01-14,liquid_universe-2022-01-13-2642,2022-01-25,2021-12-30,liquid_universe-2022-01,['2642'],"{'benchmark_return20': 0.07127583749109045, 'leader_return20': 0.3510489510489512, 'leader_volume_ratio': 13.415811526714657}",['2642'],宅配通,0.279773113558,causal breakout and volume expansion; liquid_universe,2022-01-13,2642
10025,2022-05-06,1056,2022-01-24,liquid_universe-2022-01-21-3017,2022-05-06,2021-12-30,liquid_universe-2022-01,['3017'],"{'benchmark_return20': 0.021932830705962747, 'leader_return20': 0.14022988505747125, 'leader_volume_ratio': 6.1365640721009305}",['3017'],奇鋐,0.118297054352,causal breakout and volume expansion; liquid_universe,2022-01-21,3017
30152,2022-05-12,1060,2022-02-08,liquid_universe-2022-02-07-1529,2022-03-03,2022-01-26,liquid_universe-2022-02,['1529'],"{'benchmark_return20': -0.0036242424840114973, 'leader_return20': 0.2984409799554566, 'leader_volume_ratio': 4.05168984217581}",['1529'],樂事綠能,0.302065222439,causal breakout and volume expansion; liquid_universe,2022-02-07,1529
26077,2022-05-13,1061,2022-02-09,liquid_universe-2022-02-08-8440,2022-05-16,2022-01-26,liquid_universe-2022-02,['8440'],"{'benchmark_return20': 0.003671488026681047, 'leader_return20': 0.20976491862567825, 'leader_volume_ratio': 1.7065768611769492}",['8440'],綠電,0.206093430599,causal breakout and volume expansion; liquid_universe,2022-02-08,8440
32135,2022-06-06,1076,2022-03-03,liquid_universe-2022-03-02-2906,2022-03-11,2022-02-25,liquid_universe-2022-03,['2906'],"{'benchmark_return20': -0.02103049421661407, 'leader_return20': 0.6447368421052633, 'leader_volume_ratio': 1.680589452737883}",['2906'],高林,0.665767336322,causal breakout and volume expansion; liquid_universe,2022-03-02,2906
13192,2022-07-04,1096,2022-03-31,liquid_universe-2022-03-30-5603,2022-06-20,2022-02-25,liquid_universe-2022-03,['5603'],"{'benchmark_return20': -0.007876834944504085, 'leader_return20': 0.48664688427299696, 'leader_volume_ratio': 2.8173612321871144}",['5603'],陸海,0.494523719218,causal breakout and volume expansion; liquid_universe,2022-03-30,5603
29156,2023-02-24,1254,2022-11-16,liquid_universe-2022-11-15-2009,2022-11-28,2022-10-31,liquid_universe-2022-11,['2009'],"{'benchmark_return20': 0.13452027695351143, 'leader_return20': 0.6208530805687205, 'leader_volume_ratio': 2.9838446983164415}",['2009'],第一銅,0.486332803615,causal breakout and volume expansion; liquid_universe,2022-11-15,2009
2534,2023-02-24,1254,2022-11-16,liquid_universe-2022-11-15-6472,2023-03-06,2022-10-31,liquid_universe-2022-11,['6472'],"{'benchmark_return20': 0.13452027695351143, 'leader_return20': 0.3844827586206898, 'leader_volume_ratio': 2.5542234493862392}",['6472'],保瑞,0.249962481667,causal breakout and volume expansion; liquid_universe,2022-11-15,6472
21072,2023-02-24,1254,2022-11-16,liquid_universe-2022-11-15-1605,2022-11-23,2022-10-31,liquid_universe-2022-11,['1605'],"{'benchmark_return20': 0.13452027695351143, 'leader_return20': 0.3600562587904361, 'leader_volume_ratio': 3.4341638775762813}",['1605'],華新,0.225535981837,causal breakout and volume expansion; liquid_universe,2022-11-15,1605
8067,2023-03-08,1260,2022-11-24,liquid_universe-2022-11-23-3217,2022-12-02,2022-10-31,liquid_universe-2022-11,['3217'],"{'benchmark_return20': 0.18442622950819687, 'leader_return20': 0.5349233390119248, 'leader_volume_ratio': 4.44547902196855}",['3217'],優群,0.350497109504,causal breakout and volume expansion; liquid_universe,2022-11-23,3217
4245,2023-03-08,1260,2022-11-24,liquid_universe-2022-11-23-1795,2022-12-01,2022-10-31,liquid_universe-2022-11,['1795'],"{'benchmark_return20': 0.18442622950819687, 'leader_return20': 0.5209790209790208, 'leader_volume_ratio': 3.055206642051551}",['1795'],美時,0.336552791471,causal breakout and volume expansion; liquid_universe,2022-11-23,1795
19236,2023-03-16,1266,2022-12-02,liquid_universe-2022-12-01-4979,2022-12-14,2022-11-30,liquid_universe-2022-12,['4979'],"{'benchmark_return20': 0.19908814589665624, 'leader_return20': 0.5956454121306376, 'leader_volume_ratio': 7.541391240171032}",['4979'],華星光,0.396557266234,causal breakout and volume expansion; liquid_universe,2022-12-01,4979
19083,2023-03-17,1267,2022-12-05,liquid_universe-2022-12-02-3128,2022-12-12,2022-11-30,liquid_universe-2022-12,['3128'],"{'benchmark_return20': 0.1866464339908953, 'leader_return20': 0.6455696202531647, 'leader_volume_ratio': 1.9772523849394583}",['3128'],昇銳,0.458923186262,causal breakout and volume expansion; liquid_universe,2022-12-02,3128
4145,2023-03-24,1272,2022-12-12,liquid_universe-2022-12-09-4763,2022-12-20,2022-11-30,liquid_universe-2022-12,['4763'],"{'benchmark_return20': 0.05504587155963292, 'leader_return20': 0.46825396825396814, 'leader_volume_ratio': 1.998233796547582}",['4763'],材料*-KY,0.413208096694,causal breakout and volume expansion; liquid_universe,2022-12-09,4763
8101,2023-03-27,1273,2022-12-13,liquid_universe-2022-12-12-3693,2023-03-29,2022-11-30,liquid_universe-2022-12,['3693'],"{'benchmark_return20': 0.03545454545454563, 'leader_return20': 0.48706896551724155, 'leader_volume_ratio': 4.946826606188582}",['3693'],營邦,0.451614420063,causal breakout and volume expansion; liquid_universe,2022-12-12,3693
23221,2023-04-06,1278,2022-12-20,liquid_universe-2022-12-19-4130,2023-01-03,2022-11-30,liquid_universe-2022-12,['4130'],"{'benchmark_return20': -0.013175230566534912, 'leader_return20': 0.62993762993763, 'leader_volume_ratio': 7.219000183654939}",['4130'],健亞生物科技股份有限公司,0.643112860504,causal breakout and volume expansion; liquid_universe,2022-12-19,4130
4004,2023-04-25,1291,2023-01-09,liquid_universe-2023-01-06-4763,2023-04-25,2022-12-30,liquid_universe-2023-01,['4763'],"{'benchmark_return20': -0.012803532008829999, 'leader_return20': 0.2742023715832993, 'leader_volume_ratio': 1.7220369749069901}",['4763'],材料*-KY,0.287005903592,causal breakout and volume expansion; liquid_universe,2023-01-06,4763
13031,2023-06-05,1319,2023-03-02,liquid_universe-2023-03-01-2230,2023-03-09,2023-02-24,liquid_universe-2023-03,['2230'],"{'benchmark_return20': -0.01118475559237786, 'leader_return20': 0.6582138919514884, 'leader_volume_ratio': 1.5495492602114846}",['2230'],泰茂,0.669398647544,causal breakout and volume expansion; liquid_universe,2023-03-01,2230
9286,2023-06-13,1325,2023-03-10,liquid_universe-2023-03-09-3362,2023-03-21,2023-02-24,liquid_universe-2023-03,['3362'],"{'benchmark_return20': 0.010084033613445342, 'leader_return20': 0.47395171537484115, 'leader_volume_ratio': 2.45435402063978}",['3362'],先進光,0.463867681761,causal breakout and volume expansion; liquid_universe,2023-03-09,3362
120,2023-06-21,1331,2023-03-20,liquid_universe-2023-03-17-5269,2023-03-28,2023-02-24,liquid_universe-2023-03,['5269'],"{'benchmark_return20': 0.0008413967185527671, 'leader_return20': 0.4181614349775786, 'leader_volume_ratio': 2.218347374069602}",['5269'],祥碩,0.417320038259,causal breakout and volume expansion; liquid_universe,2023-03-17,5269
21264,2023-07-03,1337,2023-03-28,liquid_universe-2023-03-27-5211,2023-04-17,2023-02-24,liquid_universe-2023-03,['5211'],"{'benchmark_return20': 0.017169179229480802, 'leader_return20': 0.5904522613065326, 'leader_volume_ratio': 1.65269360727882}",['5211'],蒙恬,0.573283082077,causal breakout and volume expansion; liquid_universe,2023-03-27,5211
1329,2023-07-03,1337,2023-03-28,liquid_universe-2023-03-27-6472,2023-07-03,2023-02-24,liquid_universe-2023-03,['6472'],"{'benchmark_return20': 0.017169179229480802, 'leader_return20': 0.3901960784313725, 'leader_volume_ratio': 2.3307416791138427}",['6472'],保瑞,0.373026899202,causal breakout and volume expansion; liquid_universe,2023-03-27,6472
4306,2023-07-12,1344,2023-04-11,liquid_universe-2023-04-10-3324,2023-04-18,2023-03-31,liquid_universe-2023-04,['3324'],"{'benchmark_return20': 0.005818786367414841, 'leader_return20': 0.4626865671641791, 'leader_volume_ratio': 2.139577325884991}",['3324'],雙鴻,0.456867780797,causal breakout and volume expansion; liquid_universe,2023-04-10,3324
6174,2023-07-20,1350,2023-04-19,liquid_universe-2023-04-18-6751,2023-05-02,2023-03-31,liquid_universe-2023-04,['6751'],"{'benchmark_return20': 0.024775736864587783, 'leader_return20': 0.8276374442793464, 'leader_volume_ratio': 2.5325120099459095}",['6751'],智聯服務,0.802861707415,causal breakout and volume expansion; liquid_universe,2023-04-18,6751
8102,2023-07-27,1355,2023-04-26,liquid_universe-2023-04-25-6829,2023-05-04,2023-03-31,liquid_universe-2023-04,['6829'],"{'benchmark_return20': -0.04308576118178098, 'leader_return20': 0.784037558685446, 'leader_volume_ratio': 2.3320785492406166}",['6829'],千附精密,0.827123319867,causal breakout and volume expansion; liquid_universe,2023-04-25,6829
15000,2023-08-01,1358,2023-05-02,liquid_universe-2023-04-28-6625,2023-05-09,2023-03-31,liquid_universe-2023-04,['6625'],"{'benchmark_return20': -0.02491694352159468, 'leader_return20': 0.6770833333333333, 'leader_volume_ratio': 1.8989139656460559}",['6625'],必應,0.702000276855,causal breakout and volume expansion; liquid_universe,2023-04-28,6625
30093,2023-08-07,1361,2023-05-05,liquid_universe-2023-05-04-6148,2023-05-15,2023-04-28,liquid_universe-2023-05,['6148'],"{'benchmark_return20': -0.033717105263157854, 'leader_return20': 1.1453766676576045, 'leader_volume_ratio': 5.25907978596416}",['6148'],驊宏資,1.17909377292,causal breakout and volume expansion; liquid_universe,2023-05-04,6148
8159,2023-08-10,1364,2023-05-10,liquid_universe-2023-05-09-4175,2023-05-16,2023-04-28,liquid_universe-2023-05,['4175'],"{'benchmark_return20': -0.017355371900826366, 'leader_return20': 0.6017316017316017, 'leader_volume_ratio': 6.86612796919959}",['4175'],杏一,0.619086973632,causal breakout and volume expansion; liquid_universe,2023-05-09,4175
39105,2023-08-16,1368,2023-05-16,liquid_universe-2023-05-15-6218,2023-08-23,2023-04-28,liquid_universe-2023-05,['6218'],"{'benchmark_return20': -0.02859510982179858, 'leader_return20': 0.4217171717171717, 'leader_volume_ratio': 2.4215616782729157}",['6218'],豪勉,0.450312281539,causal breakout and volume expansion; liquid_universe,2023-05-15,6218
13165,2023-08-16,1368,2023-05-16,liquid_universe-2023-05-15-2743,2023-08-24,2023-04-28,liquid_universe-2023-05,['2743'],"{'benchmark_return20': -0.02859510982179858, 'leader_return20': 0.27962085308056883, 'leader_volume_ratio': 8.066539921664717}",['2743'],山富,0.308215962902,causal breakout and volume expansion; liquid_universe,2023-05-15,2743
10074,2023-10-03,1401,2023-07-04,liquid_universe-2023-07-03-4563,2023-08-21,2023-06-30,liquid_universe-2023-07,['4563'],"{'benchmark_return20': 0.044346783859368744, 'leader_return20': 0.4819427148194273, 'leader_volume_ratio': 2.2764145333185484}",['4563'],百德,0.43759593096,causal breakout and volume expansion; liquid_universe,2023-07-03,4563
16479,2023-11-17,1432,2023-08-17,liquid_universe-2023-08-16-3689,2023-08-29,2023-07-31,liquid_universe-2023-08,['3689'],"{'benchmark_return20': -0.044666923373122835, 'leader_return20': 0.4273027647751737, 'leader_volume_ratio': 2.2523641759455404}",['3689'],湧德,0.471969688148,causal breakout and volume expansion; liquid_universe,2023-08-16,3689
17194,2023-11-24,1437,2023-08-24,liquid_universe-2023-08-23-6170,2023-09-04,2023-07-31,liquid_universe-2023-08,['6170'],"{'benchmark_return20': -0.031043849437330184, 'leader_return20': 0.4958579881656806, 'leader_volume_ratio': 4.753107082506198}",['6170'],統振,0.526901837603,causal breakout and volume expansion; liquid_universe,2023-08-23,6170
23151,2023-11-24,1437,2023-08-24,liquid_universe-2023-08-23-3715,2023-11-24,2023-07-31,liquid_universe-2023-08,['3715'],"{'benchmark_return20': -0.031043849437330184, 'leader_return20': 0.4215116279069768, 'leader_volume_ratio': 2.657582848285472}",['3715'],定穎投控,0.452555477344,causal breakout and volume expansion; liquid_universe,2023-08-23,3715
20285,2023-11-27,1438,2023-08-25,liquid_universe-2023-08-24-3308,2023-10-02,2023-07-31,liquid_universe-2023-08,['3308'],"{'benchmark_return20': -0.011673151750972721, 'leader_return20': 0.42819499341238476, 'leader_volume_ratio': 4.469270131519696}",['3308'],聯德,0.439868145163,causal breakout and volume expansion; liquid_universe,2023-08-24,3308
41759,2023-12-04,1443,2023-09-01,liquid_universe-2023-08-31-2485,2023-09-12,2023-07-31,liquid_universe-2023-08,['2485'],"{'benchmark_return20': -0.016816581931951347, 'leader_return20': 0.4486215538847118, 'leader_volume_ratio': 5.113610548806327}",['2485'],兆赫,0.465438135817,causal breakout and volume expansion; liquid_universe,2023-08-31,2485
56297,2023-12-12,1449,2023-09-11,liquid_universe-2023-09-08-1471,2023-09-15,2023-08-31,liquid_universe-2023-09,['1471'],"{'benchmark_return20': -0.015835312747426666, 'leader_return20': 0.6731517509727627, 'leader_volume_ratio': 1.7360974720542965}",['1471'],首利,0.68898706372,causal breakout and volume expansion; liquid_universe,2023-09-08,1471
16116,2023-12-18,1453,2023-09-15,liquid_universe-2023-09-14-8068,2023-10-12,2023-08-31,liquid_universe-2023-09,['8068'],"{'benchmark_return20': 0.018860353130015994, 'leader_return20': 0.607843137254902, 'leader_volume_ratio': 2.9838805024395403}",['8068'],全達,0.588982784125,causal breakout and volume expansion; liquid_universe,2023-09-14,8068
19291,2024-01-03,1464,2023-10-03,liquid_universe-2023-10-02-3450,2023-10-13,2023-09-28,liquid_universe-2023-10,['3450'],"{'benchmark_return20': -0.013105639396346458, 'leader_return20': 0.45667447306791575, 'leader_volume_ratio': 2.039360701975987}",['3450'],聯鈞,0.469780112464,causal breakout and volume expansion; liquid_universe,2023-10-02,3450
34136,2024-01-10,1469,2023-10-12,liquid_universe-2023-10-11-3276,2024-01-18,2023-09-28,liquid_universe-2023-10,['3276'],"{'benchmark_return20': 0.015687851971037725, 'leader_return20': 0.5862068965517242, 'leader_volume_ratio': 1.6601948639476432}",['3276'],宇環,0.570519044581,causal breakout and volume expansion; liquid_universe,2023-10-11,3276
16107,2024-01-11,1470,2023-10-13,liquid_universe-2023-10-12-6684,2023-10-23,2023-09-28,liquid_universe-2023-10,['6684'],"{'benchmark_return20': 0.028271405492730217, 'leader_return20': 0.47291666666666665, 'leader_volume_ratio': 1.7507434737911693}",['6684'],安格,0.444645261174,causal breakout and volume expansion; liquid_universe,2023-10-12,6684
18095,2024-01-19,1476,2023-10-23,liquid_universe-2023-10-20-6530,2023-11-14,2023-09-28,liquid_universe-2023-10,['6530'],"{'benchmark_return20': -0.0003985651654044853, 'leader_return20': 0.636623748211731, 'leader_volume_ratio': 2.992457249913438}",['6530'],創威,0.637022313377,causal breakout and volume expansion; liquid_universe,2023-10-20,6530
5330,2024-02-21,1492,2023-11-14,liquid_universe-2023-11-13-6593,2024-02-22,2023-10-31,liquid_universe-2023-11,['6593'],"{'benchmark_return20': 0.0194059405940592, 'leader_return20': 1.111729786940316, 'leader_volume_ratio': 2.487600117201389}",['6593'],台灣銘板,1.09232384635,causal breakout and volume expansion; liquid_universe,2023-11-13,6593
10155,2024-03-06,1501,2023-11-27,liquid_universe-2023-11-24-3147,2024-01-16,2023-10-31,liquid_universe-2023-11,['3147'],"{'benchmark_return20': 0.07277187244480787, 'leader_return20': 0.6025641025641024, 'leader_volume_ratio': 1.745055801279161}",['3147'],大綜,0.529792230119,causal breakout and volume expansion; liquid_universe,2023-11-24,3147
8229,2024-04-29,1537,2024-01-17,liquid_universe-2024-01-16-6535,2024-05-03,2023-12-29,liquid_universe-2024-01,['6535'],"{'benchmark_return20': -0.016803584764749746, 'leader_return20': 0.42073170731707354, 'leader_volume_ratio': 5.555463557722773}",['6535'],順藥,0.437535292082,causal breakout and volume expansion; liquid_universe,2024-01-16,6535
313,2024-04-29,1537,2024-01-17,liquid_universe-2024-01-16-6643,2024-01-26,2023-12-29,liquid_universe-2024-01,['6643'],"{'benchmark_return20': -0.016803584764749746, 'leader_return20': 0.3894523326572008, 'leader_volume_ratio': 3.7978832490145686}",['6643'],M31,0.406255917422,causal breakout and volume expansion; liquid_universe,2024-01-16,6643
28188,2024-05-09,1544,2024-01-26,liquid_universe-2024-01-25-3354,2024-05-28,2023-12-29,liquid_universe-2024-01,['3354'],"{'benchmark_return20': 0.02256525657074926, 'leader_return20': 0.6405228758169932, 'leader_volume_ratio': 8.27050352933275}",['3354'],律勝,0.617957619246,causal breakout and volume expansion; liquid_universe,2024-01-25,3354
9000,2024-05-27,1556,2024-02-22,liquid_universe-2024-02-21-6442,2024-03-01,2024-01-31,liquid_universe-2024-02,['6442'],"{'benchmark_return20': 0.08641093600694294, 'leader_return20': 0.9755747126436785, 'leader_volume_ratio': 2.1020516247897683}",['6442'],光聖,0.889163776637,causal breakout and volume expansion; liquid_universe,2024-02-21,6442
29214,2024-06-04,1562,2024-03-04,liquid_universe-2024-03-01-2543,2024-07-08,2024-02-29,liquid_universe-2024-03,['2543'],"{'benchmark_return20': 0.06527415143603132, 'leader_return20': 0.8094302554027504, 'leader_volume_ratio': 1.5593921898418988}",['2543'],皇昌,0.744156103967,causal breakout and volume expansion; liquid_universe,2024-03-01,2543
6165,2024-08-05,1603,2024-05-03,liquid_universe-2024-05-02-5508,2024-05-10,2024-04-30,liquid_universe-2024-05,['5508'],"{'benchmark_return20': -0.00794155019059739, 'leader_return20': 0.7083333333333333, 'leader_volume_ratio': 4.380069570854033}",['5508'],永信建,0.716274883524,causal breakout and volume expansion; liquid_universe,2024-05-02,5508
25226,2024-08-13,1609,2024-05-13,liquid_universe-2024-05-10-4562,2024-08-13,2024-04-30,liquid_universe-2024-05,['4562'],"{'benchmark_return20': -0.00523076923076915, 'leader_return20': 0.6207865168539326, 'leader_volume_ratio': 15.114501698733937}",['4562'],穎漢,0.626017286085,causal breakout and volume expansion; liquid_universe,2024-05-10,4562
16238,2024-08-29,1621,2024-05-29,liquid_universe-2024-05-28-3466,2024-06-14,2024-04-30,liquid_universe-2024-05,['3466'],"{'benchmark_return20': 0.09068010075566746, 'leader_return20': 1.2279792746113989, 'leader_volume_ratio': 2.63988479962444}",['3466'],德晉,1.13729917386,causal breakout and volume expansion; liquid_universe,2024-05-28,3466
8813,2024-09-13,1632,2024-06-14,liquid_universe-2024-06-13-4967,2024-06-19,2024-05-31,liquid_universe-2024-06,['4967'],"{'benchmark_return20': 0.07380738073807391, 'leader_return20': 0.5627906976744188, 'leader_volume_ratio': 3.3750907116154796}",['4967'],十銓,0.488983316936,causal breakout and volume expansion; liquid_universe,2024-06-13,4967
22124,2024-09-20,1636,2024-06-20,liquid_universe-2024-06-19-4545,2024-06-28,2024-05-31,liquid_universe-2024-06,['4545'],"{'benchmark_return20': 0.125449101796407, 'leader_return20': 0.6285714285714288, 'leader_volume_ratio': 3.3513357345238943}",['4545'],銘鈺,0.503122326775,causal breakout and volume expansion; liquid_universe,2024-06-19,4545
5066,2024-10-01,1643,2024-07-01,liquid_universe-2024-06-28-6895,2024-07-12,2024-05-31,liquid_universe-2024-06,['6895'],"{'benchmark_return20': 0.1104824300178675, 'leader_return20': 1.1935483870967745, 'leader_volume_ratio': 1.816563830608524}",['6895'],宏碩系統,1.08306595708,causal breakout and volume expansion; liquid_universe,2024-06-28,6895
26476,2024-10-14,1649,2024-07-09,liquid_universe-2024-07-08-3535,2024-10-18,2024-06-28,liquid_universe-2024-07,['3535'],"{'benchmark_return20': 0.14463407578825582, 'leader_return20': 1.0549828178694156, 'leader_volume_ratio': 2.3864414697391836}",['3535'],晶彩科,0.910348742081,causal breakout and volume expansion; liquid_universe,2024-07-08,3535
32243,2024-10-18,1653,2024-07-15,liquid_universe-2024-07-12-3379,2024-08-12,2024-06-28,liquid_universe-2024-07,['3379'],"{'benchmark_return20': 0.09083333333333332, 'leader_return20': 0.8731501057082454, 'leader_volume_ratio': 5.936515835991271}",['3379'],彬台,0.782316772375,causal breakout and volume expansion; liquid_universe,2024-07-12,3379
37208,2024-11-13,1670,2024-08-09,liquid_universe-2024-08-08-4510,2024-11-14,2024-07-31,liquid_universe-2024-08,['4510'],"{'benchmark_return20': -0.1327018114351034, 'leader_return20': 0.6365384615384615, 'leader_volume_ratio': 5.0757294026819215}",['4510'],高鋒,0.769240272974,causal breakout and volume expansion; liquid_universe,2024-08-08,4510
37249,2024-11-18,1673,2024-08-14,liquid_universe-2024-08-13-8043,2024-11-22,2024-07-31,liquid_universe-2024-08,['8043'],"{'benchmark_return20': -0.0862637617875226, 'leader_return20': 0.6837944664031619, 'leader_volume_ratio': 2.312732271452398}",['8043'],蜜望實,0.770058228191,causal breakout and volume expansion; liquid_universe,2024-08-13,8043
22198,2025-01-14,1713,2024-10-15,liquid_universe-2024-10-14-1595,2024-12-03,2024-09-30,liquid_universe-2024-10,['1595'],"{'benchmark_return20': 0.11575282854656233, 'leader_return20': 0.6816326530612247, 'leader_volume_ratio': 6.934187166130659}",['1595'],川寶,0.565879824515,causal breakout and volume expansion; liquid_universe,2024-10-14,1595
9176,2025-02-21,1734,2024-11-14,liquid_universe-2024-11-13-3211,2025-02-21,2024-10-30,liquid_universe-2024-11,['3211'],"{'benchmark_return20': -0.01858452138492883, 'leader_return20': 0.529126213592233, 'leader_volume_ratio': 8.407342640515928}",['3211'],順達,0.547710734977,causal breakout and volume expansion; liquid_universe,2024-11-13,3211
25377,2025-03-03,1739,2024-11-21,liquid_universe-2024-11-20-1569,2025-01-08,2024-10-30,liquid_universe-2024-11,['1569'],"{'benchmark_return20': -0.029650278763304727, 'leader_return20': 0.2959427207637231, 'leader_volume_ratio': 5.832797404846661}",['1569'],濱川,0.325592999527,causal breakout and volume expansion; liquid_universe,2024-11-20,1569
1523,2025-03-13,1747,2024-12-03,liquid_universe-2024-12-02-6781,2024-12-17,2024-11-29,liquid_universe-2024-12,['6781'],"{'benchmark_return20': -0.006478362270018079, 'leader_return20': 0.9244532803180914, 'leader_volume_ratio': 2.2741052850522028}",['6781'],AES-KY,0.930931642588,causal breakout and volume expansion; liquid_universe,2024-12-02,6781
26148,2025-03-25,1755,2024-12-13,liquid_universe-2024-12-12-2468,2024-12-24,2024-11-29,liquid_universe-2024-12,['2468'],"{'benchmark_return20': 0.021727748691099613, 'leader_return20': 0.26984126984126977, 'leader_volume_ratio': 21.417178196261734}",['2468'],華經,0.24811352115,causal breakout and volume expansion; liquid_universe,2024-12-12,2468
25509,2025-04-02,1761,2024-12-23,liquid_universe-2024-12-20-8111,2024-12-31,2024-11-29,liquid_universe-2024-12,['8111'],"{'benchmark_return20': -0.002331002331002363, 'leader_return20': 0.43243243243243246, 'leader_volume_ratio': 6.049901070361444}",['8111'],立碁,0.434763434763,causal breakout and volume expansion; liquid_universe,2024-12-20,8111
1126,2025-04-14,1767,2024-12-31,liquid_universe-2024-12-30-5314,2025-01-20,2024-11-29,liquid_universe-2024-12,['5314'],"{'benchmark_return20': 0.03182055294731345, 'leader_return20': 0.6575342465753424, 'leader_volume_ratio': 2.5899683119294887}",['5314'],世紀*,0.625713693628,causal breakout and volume expansion; liquid_universe,2024-12-30,5314
7234,2025-04-17,1770,2025-01-06,liquid_universe-2025-01-03-6928,2025-01-22,2024-12-31,liquid_universe-2025-01,['6928'],"{'benchmark_return20': -0.0025445292620865922, 'leader_return20': 0.3509369676320271, 'leader_volume_ratio': 5.804241859574742}",['6928'],攸泰科技,0.353481496894,causal breakout and volume expansion; liquid_universe,2025-01-03,6928
19104,2025-04-25,1776,2025-01-14,liquid_universe-2025-01-13-3373,2025-02-04,2024-12-31,liquid_universe-2025-01,['3373'],"{'benchmark_return20': -0.004608294930875556, 'leader_return20': 0.5135135135135134, 'leader_volume_ratio': 7.147016360124018}",['3373'],熱映,0.518121808444,causal breakout and volume expansion; liquid_universe,2025-01-13,3373
22287,2025-05-05,1781,2025-01-21,liquid_universe-2025-01-20-3379,2025-02-10,2024-12-31,liquid_universe-2025-01,['3379'],"{'benchmark_return20': 0.04382540483691311, 'leader_return20': 0.5902306648575304, 'leader_volume_ratio': 4.0789614226802415}",['3379'],彬台,0.546405260021,causal breakout and volume expansion; liquid_universe,2025-01-20,3379
22719,2025-05-06,1782,2025-01-22,liquid_universe-2025-01-21-6558,2025-02-12,2024-12-31,liquid_universe-2025-01,['6558'],"{'benchmark_return20': 0.021274025399797614, 'leader_return20': 0.5678670360110802, 'leader_volume_ratio': 1.9493179625196537}",['6558'],興能高,0.546593010611,causal breakout and volume expansion; liquid_universe,2025-01-21,6558
34146,2025-05-14,1788,2025-02-10,liquid_universe-2025-02-07-2516,2025-02-18,2025-01-22,liquid_universe-2025-02,['2516'],"{'benchmark_return20': 0.028323005405695323, 'leader_return20': 0.7315175097276265, 'leader_volume_ratio': 1.712837017431742}",['2516'],新建,0.703194504322,causal breakout and volume expansion; liquid_universe,2025-02-07,2516
25415,2025-05-14,1788,2025-02-10,liquid_universe-2025-02-07-6148,2025-02-20,2025-01-22,liquid_universe-2025-02,['6148'],"{'benchmark_return20': 0.028323005405695323, 'leader_return20': 0.6012024048096196, 'leader_volume_ratio': 12.290750831364429}",['6148'],驊宏資,0.572879399404,causal breakout and volume expansion; liquid_universe,2025-02-07,6148
8293,2025-05-23,1795,2025-02-19,liquid_universe-2025-02-18-6206,2025-02-26,2025-01-22,liquid_universe-2025-02,['6206'],"{'benchmark_return20': 0.00694366380147482, 'leader_return20': 0.675884955752212, 'leader_volume_ratio': 2.2535940094081983}",['6206'],飛捷,0.668941291951,causal breakout and volume expansion; liquid_universe,2025-02-18,6206
16378,2025-05-26,1796,2025-02-20,liquid_universe-2025-02-19-3379,2025-04-16,2025-01-22,liquid_universe-2025-02,['3379'],"{'benchmark_return20': 0.028945224409917536, 'leader_return20': 0.616541353383459, 'leader_volume_ratio': 2.1949906422581895}",['3379'],彬台,0.587596128974,causal breakout and volume expansion; liquid_universe,2025-02-19,3379
25600,2025-05-28,1798,2025-02-24,liquid_universe-2025-02-21-4916,2025-03-05,2025-01-22,liquid_universe-2025-02,['4916'],"{'benchmark_return20': 0.03393063111995853, 'leader_return20': 0.7161936560934892, 'leader_volume_ratio': 4.897103011887402}",['4916'],事欣科,0.682263024974,causal breakout and volume expansion; liquid_universe,2025-02-21,4916
43178,2025-06-03,1801,2025-02-27,liquid_universe-2025-02-26-2032,2025-03-12,2025-01-22,liquid_universe-2025-02,['2032'],"{'benchmark_return20': -0.01815431164901682, 'leader_return20': 0.5955882352941175, 'leader_volume_ratio': 5.992789991681569}",['2032'],新鋼,0.613742546943,causal breakout and volume expansion; liquid_universe,2025-02-26,2032
14454,2025-09-08,1870,2025-06-11,liquid_universe-2025-06-10-2429,2025-07-11,2025-05-29,liquid_universe-2025-06,['2429'],"{'benchmark_return20': 0.06762874929258667, 'leader_return20': 0.4555555555555555, 'leader_volume_ratio': 8.0631195229943}",['2429'],銘旺科,0.387926806263,causal breakout and volume expansion; liquid_universe,2025-06-10,2429
20123,2025-09-08,1870,2025-06-11,liquid_universe-2025-06-10-6838,2025-09-18,2025-05-29,liquid_universe-2025-06,['6838'],"{'benchmark_return20': 0.06762874929258667, 'leader_return20': 0.41922290388548067, 'leader_volume_ratio': 8.801507914830024}",['6838'],台新藥,0.351594154593,causal breakout and volume expansion; liquid_universe,2025-06-10,6838
15354,2025-09-08,1870,2025-06-11,liquid_universe-2025-06-10-4722,2025-06-20,2025-05-29,liquid_universe-2025-06,['4722'],"{'benchmark_return20': 0.06762874929258667, 'leader_return20': 0.4003379020735889, 'leader_volume_ratio': 3.5449342812418343}",['4722'],國精化,0.332709152781,causal breakout and volume expansion; liquid_universe,2025-06-10,4722
41258,2025-09-16,1876,2025-06-19,liquid_universe-2025-06-18-5475,2025-09-17,2025-05-29,liquid_universe-2025-06,['5475'],"{'benchmark_return20': 0.052433628318584, 'leader_return20': 1.3675213675213675, 'leader_volume_ratio': 3.815201142266222}",['5475'],德宏,1.3150877392,causal breakout and volume expansion; liquid_universe,2025-06-18,5475
16216,2025-10-07,1889,2025-07-08,liquid_universe-2025-07-07-3297,2025-07-15,2025-06-30,liquid_universe-2025-07,['3297'],"{'benchmark_return20': 0.05759390310288515, 'leader_return20': 0.7435897435897436, 'leader_volume_ratio': 1.804071592357556}",['3297'],杭特,0.685995840487,causal breakout and volume expansion; liquid_universe,2025-07-07,3297
3278,2025-10-17,1896,2025-07-17,liquid_universe-2025-07-16-8499,2025-08-01,2025-06-30,liquid_universe-2025-07,['8499'],"{'benchmark_return20': 0.059491276014294714, 'leader_return20': 0.8634496641165439, 'leader_volume_ratio': 1.5460910168623372}",['8499'],鼎炫-KY,0.803958388102,causal breakout and volume expansion; liquid_universe,2025-07-16,8499
30215,2025-10-29,1903,2025-07-28,liquid_universe-2025-07-25-3543,2025-08-29,2025-06-30,liquid_universe-2025-07,['3543'],"{'benchmark_return20': 0.06147569240302575, 'leader_return20': 0.801980198019802, 'leader_volume_ratio': 5.553379190564903}",['3543'],州巧,0.740504505617,causal breakout and volume expansion; liquid_universe,2025-07-25,3543
6669,2025-12-01,1926,2025-08-28,liquid_universe-2025-08-27-8033,2025-09-04,2025-07-31,liquid_universe-2025-08,['8033'],"{'benchmark_return20': 0.03921568627450989, 'leader_return20': 0.8572927597061912, 'leader_volume_ratio': 2.328996456957791}",['8033'],雷虎,0.818077073432,causal breakout and volume expansion; liquid_universe,2025-08-27,8033
21495,2025-12-09,1932,2025-09-05,liquid_universe-2025-09-04-4976,2025-09-11,2025-08-29,liquid_universe-2025-09,['4976'],"{'benchmark_return20': -0.0028598665395614953, 'leader_return20': 0.8699186991869918, 'leader_volume_ratio': 9.956347353139856}",['4976'],佳凌,0.872778565727,causal breakout and volume expansion; liquid_universe,2025-09-04,4976
8496,2025-12-15,1936,2025-09-11,liquid_universe-2025-09-10-2231,2025-09-19,2025-08-29,liquid_universe-2025-09,['2231'],"{'benchmark_return20': 0.029990627928772273, 'leader_return20': 0.9825268817204298, 'leader_volume_ratio': 1.7196364531473018}",['2231'],為升,0.952536253792,causal breakout and volume expansion; liquid_universe,2025-09-10,2231
16793,2025-12-22,1941,2025-09-18,liquid_universe-2025-09-17-3707,2025-09-25,2025-08-29,liquid_universe-2025-09,['3707'],"{'benchmark_return20': 0.08994197292069628, 'leader_return20': 0.6843373493975904, 'leader_volume_ratio': 2.136834260045754}",['3707'],漢磊,0.594395376477,causal breakout and volume expansion; liquid_universe,2025-09-17,3707
35855,2025-12-23,1942,2025-09-19,liquid_universe-2025-09-18-2344,2025-12-23,2025-08-29,liquid_universe-2025-09,['2344'],"{'benchmark_return20': 0.0951923076923078, 'leader_return20': 0.7554347826086956, 'leader_volume_ratio': 2.2416287407414544}",['2344'],華邦電,0.660242474916,causal breakout and volume expansion; liquid_universe,2025-09-18,2344
14464,2025-12-23,1942,2025-09-19,liquid_universe-2025-09-18-2408,2025-09-26,2025-08-29,liquid_universe-2025-09,['2408'],"{'benchmark_return20': 0.0951923076923078, 'leader_return20': 0.7222820236813778, 'leader_volume_ratio': 2.6571738743452835}",['2408'],南亞科,0.627089715989,causal breakout and volume expansion; liquid_universe,2025-09-18,2408
223,2025-12-31,1947,2025-09-26,liquid_universe-2025-09-25-6510,2025-11-13,2025-08-29,liquid_universe-2025-09,['6510'],"{'benchmark_return20': 0.10857142857142876, 'leader_return20': 0.590308370044053, 'leader_volume_ratio': 1.928228368591098}",['6510'],精測,0.481736941473,causal breakout and volume expansion; liquid_universe,2025-09-25,6510
410,2026-01-02,1948,2025-09-30,liquid_universe-2025-09-26-6515,2025-10-08,2025-08-29,liquid_universe-2025-09,['6515'],"{'benchmark_return20': 0.0904761904761906, 'leader_return20': 0.5309090909090908, 'leader_volume_ratio': 1.9783199654240673}",['6515'],穎崴,0.440432900433,causal breakout and volume expansion; liquid_universe,2025-09-26,6515
37282,2026-01-12,1954,2025-10-09,liquid_universe-2025-10-08-6770,2025-10-17,2025-09-30,liquid_universe-2025-10,['6770'],"{'benchmark_return20': 0.14620431115276467, 'leader_return20': 0.8731117824773413, 'leader_volume_ratio': 1.9757054169138015}",['6770'],力積電,0.726907471325,causal breakout and volume expansion; liquid_universe,2025-10-08,6770
10307,2026-01-20,1960,2025-10-20,liquid_universe-2025-10-17-8271,2025-11-06,2025-09-30,liquid_universe-2025-10,['8271'],"{'benchmark_return20': 0.09339207048458142, 'leader_return20': 0.6965620328849027, 'leader_volume_ratio': 2.972422957745652}",['8271'],宇瞻,0.6031699624,causal breakout and volume expansion; liquid_universe,2025-10-17,8271
8672,2026-02-06,1973,2025-11-07,liquid_universe-2025-11-06-2408,2026-02-06,2025-10-31,liquid_universe-2025-11,['2408'],"{'benchmark_return20': 0.025931928687196182, 'leader_return20': 0.6228070175438594, 'leader_volume_ratio': 1.68056461214356}",['2408'],南亞科,0.596875088857,causal breakout and volume expansion; liquid_universe,2025-11-06,2408
8586,2026-02-23,1977,2025-11-13,liquid_universe-2025-11-12-8112,2025-11-20,2025-10-31,liquid_universe-2025-11,['8112'],"{'benchmark_return20': 0.041186161449752845, 'leader_return20': 0.6701030927835052, 'leader_volume_ratio': 2.4867441641156898}",['8112'],至上,0.628916931334,causal breakout and volume expansion; liquid_universe,2025-11-12,8112
19249,2026-03-04,1983,2025-11-21,liquid_universe-2025-11-20-6163,2025-11-28,2025-10-31,liquid_universe-2025-11,['6163'],"{'benchmark_return20': -0.012759170653907526, 'leader_return20': 0.40086206896551735, 'leader_volume_ratio': 1.9471808921705822}",['6163'],華電網,0.413621239619,causal breakout and volume expansion; liquid_universe,2025-11-20,6163
27083,2026-03-12,1989,2025-12-01,liquid_universe-2025-11-28-2485,2025-12-08,2025-10-31,liquid_universe-2025-11,['2485'],"{'benchmark_return20': -0.037065637065636925, 'leader_return20': 0.6713780918727914, 'leader_volume_ratio': 5.38739437119332}",['2485'],兆赫,0.708443728938,causal breakout and volume expansion; liquid_universe,2025-11-28,2485
25014,2026-03-20,1995,2025-12-09,liquid_universe-2025-12-08-2485,2025-12-16,2025-11-28,liquid_universe-2025-12,['2485'],"{'benchmark_return20': 0.005524861878453136, 'leader_return20': 0.6480263157894739, 'leader_volume_ratio': 1.6156493873949058}",['2485'],兆赫,0.642501453911,causal breakout and volume expansion; liquid_universe,2025-12-08,2485
41707,2026-03-30,2001,2025-12-17,liquid_universe-2025-12-16-2349,2025-12-26,2025-11-28,liquid_universe-2025-12,['2349'],"{'benchmark_return20': 0.029776674937965097, 'leader_return20': 0.8141097424412094, 'leader_volume_ratio': 7.117462322221129}",['2349'],錸德,0.784333067503,causal breakout and volume expansion; liquid_universe,2025-12-16,2349
18108,2026-04-08,2006,2025-12-24,liquid_universe-2025-12-23-6588,2026-01-05,2025-11-28,liquid_universe-2025-12,['6588'],"{'benchmark_return20': 0.05550952775476392, 'leader_return20': 0.8535714285714284, 'leader_volume_ratio': 1.6938452122347978}",['6588'],東典光電,0.798061900817,causal breakout and volume expansion; liquid_universe,2025-12-23,6588
10754,2026-04-09,2007,2025-12-26,liquid_universe-2025-12-24-6706,2026-01-06,2025-11-28,liquid_universe-2025-12,['6706'],"{'benchmark_return20': 0.0407497962510186, 'leader_return20': 0.7503136762860727, 'leader_volume_ratio': 3.0183899869438098}",['6706'],惠特,0.709563880035,causal breakout and volume expansion; liquid_universe,2025-12-24,6706
45672,2026-04-16,2012,2026-01-05,liquid_universe-2026-01-02-6265,2026-04-20,2025-12-31,liquid_universe-2026-01,['6265'],"{'benchmark_return20': 0.0746388443017656, 'leader_return20': 0.7983870967741935, 'leader_volume_ratio': 4.318692965937177}",['6265'],方土昶,0.723748252472,causal breakout and volume expansion; liquid_universe,2026-01-02,6265
11068,2026-04-17,2013,2026-01-06,liquid_universe-2026-01-05-3006,2026-01-13,2025-12-31,liquid_universe-2026-01,['3006'],"{'benchmark_return20': 0.117363344051447, 'leader_return20': 0.7617237008871987, 'leader_volume_ratio': 3.328867355111382}",['3006'],晶豪科,0.644360356836,causal breakout and volume expansion; liquid_universe,2026-01-05,3006
43396,2026-04-27,2019,2026-01-14,liquid_universe-2026-01-13-6443,2026-01-22,2025-12-31,liquid_universe-2026-01,['6443'],"{'benchmark_return20': 0.1142631993695824, 'leader_return20': 0.948051948051948, 'leader_volume_ratio': 3.882298284192266}",['6443'],元晶,0.833788748682,causal breakout and volume expansion; liquid_universe,2026-01-13,6443
27810,2026-05-07,2026,2026-01-23,liquid_universe-2026-01-22-3149,2026-02-02,2025-12-31,liquid_universe-2026-01,['3149'],"{'benchmark_return20': 0.14306763908538267, 'leader_return20': 0.7731343283582088, 'leader_volume_ratio': 2.3291612398914823}",['3149'],正達,0.630066689273,causal breakout and volume expansion; liquid_universe,2026-01-22,3149
15697,2026-05-15,2032,2026-02-02,liquid_universe-2026-01-30-2337,2026-05-15,2025-12-31,liquid_universe-2026-01,['2337'],"{'benchmark_return20': 0.09969678970233953, 'leader_return20': 1.1407151095732408, 'leader_volume_ratio': 1.938641569538984}",['2337'],旺宏,1.04101831987,causal breakout and volume expansion; liquid_universe,2026-01-30,2337
106665,2026-05-22,2037,2026-02-09,liquid_universe-2026-02-06-3576,2026-05-22,2026-01-30,liquid_universe-2026-02,['3576'],"{'benchmark_return20': 0.04387716596052971, 'leader_return20': 0.75303197353914, 'leader_volume_ratio': 5.438662516426705}",['3576'],聯合再生,0.709154807579,causal breakout and volume expansion; liquid_universe,2026-02-06,3576
28393,2026-07-21,2077,2026-04-20,liquid_universe-2026-04-17-3339,2026-04-29,2026-03-31,liquid_universe-2026-04,['3339'],"{'benchmark_return20': 0.08161953727506432, 'leader_return20': 1.1588785046728969, 'leader_volume_ratio': 1.6458988661252028}",['3339'],泰谷,1.0772589674,causal breakout and volume expansion; liquid_universe,2026-04-17,3339
8406,2026-07-30,2084,2026-04-29,liquid_universe-2026-04-28-6735,2026-05-12,2026-03-31,liquid_universe-2026-04,['6735'],"{'benchmark_return20': 0.22666666666666657, 'leader_return20': 1.4914089347079034, 'leader_volume_ratio': 2.927685808507642}",['6735'],美達科技,1.26474226804,causal breakout and volume expansion; liquid_universe,2026-04-28,6735
8509,2026-08-11,2092,2026-05-12,liquid_universe-2026-05-11-6278,2026-06-11,2026-04-30,liquid_universe-2026-05,['6278'],"{'benchmark_return20': 0.20000000000000018, 'leader_return20': 1.072115384615385, 'leader_volume_ratio': 2.64247237932118}",['6278'],台表科,0.872115384615,causal breakout and volume expansion; liquid_universe,2026-05-11,6278
13070,2026-08-17,2096,2026-05-18,liquid_universe-2026-05-15-3498,2026-06-11,2026-04-30,liquid_universe-2026-05,['3498'],"{'benchmark_return20': 0.12235294117647055, 'leader_return20': 0.8304668304668303, 'leader_volume_ratio': 1.9638164240652514}",['3498'],陽程,0.70811388929,causal breakout and volume expansion; liquid_universe,2026-05-15,3498
29272,2026-08-24,2101,2026-05-25,liquid_universe-2026-05-22-6834,2026-06-11,2026-04-30,liquid_universe-2026-05,['6834'],"{'benchmark_return20': 0.12680949623624782, 'leader_return20': 0.9915254237288136, 'leader_volume_ratio': 3.5992538352165497}",['6834'],天二科技,0.864715927493,causal breakout and volume expansion; liquid_universe,2026-05-22,6834
9946,,2115,2026-06-12,liquid_universe-2026-06-11-2478,2026-07-22,2026-05-29,liquid_universe-2026-06,['2478'],"{'benchmark_return20': 0.03956272774596559, 'leader_return20': 1.1619975639464069, 'leader_volume_ratio': 3.9938347370547667}",['2478'],大毅,1.1224348362,causal breakout and volume expansion; liquid_universe,2026-06-11,2478
24631,,2115,2026-06-12,liquid_universe-2026-06-11-3441,,2026-05-29,liquid_universe-2026-06,['3441'],"{'benchmark_return20': 0.03956272774596559, 'leader_return20': 0.6930232558139535, 'leader_volume_ratio': 4.976000620338212}",['3441'],聯一光電,0.653460528068,causal breakout and volume expansion; liquid_universe,2026-06-11,3441
2000,,2116,2026-06-15,liquid_universe-2026-06-12-2327,2026-07-14,2026-05-29,liquid_universe-2026-06,['2327'],"{'benchmark_return20': 0.06865828092243187, 'leader_return20': 0.8905298872368028, 'leader_volume_ratio': 1.669866223562932}",['2327'],國巨*,0.821871606314,causal breakout and volume expansion; liquid_universe,2026-06-12,2327
7168,,2136,2026-07-15,liquid_universe-2026-07-14-2434,2026-07-28,2026-06-30,liquid_universe-2026-07,['2434'],"{'benchmark_return20': 0.024031387935262494, 'leader_return20': 1.3107692307692305, 'leader_volume_ratio': 2.663812389527663}",['2434'],統懋,1.28673784283,causal breakout and volume expansion; liquid_universe,2026-07-14,2434
17167,,2140,2026-07-21,liquid_universe-2026-07-20-2527,2026-07-29,2026-06-30,liquid_universe-2026-07,['2527'],"{'benchmark_return20': -0.07548928238583408, 'leader_return20': 0.26633165829145744, 'leader_volume_ratio': 2.007552240830838}",['2527'],宏璟,0.341820940677,causal breakout and volume expansion; liquid_universe,2026-07-20,2527
60401,,2146,2026-07-29,liquid_universe-2026-07-28-1101,2026-08-05,2026-06-30,liquid_universe-2026-07,['1101'],"{'benchmark_return20': -0.06423000028158687, 'leader_return20': 0.062249827467218743, 'leader_volume_ratio': 1.7691205634512326}",['1101'],台泥,0.126479827749,causal breakout and volume expansion; liquid_universe,2026-07-28,1101
2544,,2148,2026-07-31,liquid_universe-2026-07-30-2207,2026-08-13,2026-06-30,liquid_universe-2026-07,['2207'],"{'benchmark_return20': -0.13974425681535074, 'leader_return20': 0.1849462365591399, 'leader_volume_ratio': 4.015537526534648}",['2207'],和泰車,0.324690493374,causal breakout and volume expansion; liquid_universe,2026-07-30,2207
326,,2152,2026-08-06,liquid_universe-2026-08-05-3653,2026-08-13,2026-07-31,liquid_universe-2026-08,['3653'],"{'benchmark_return20': -0.01665119583777408, 'leader_return20': 0.3668101800356469, 'leader_volume_ratio': 2.0845888250187454}",['3653'],健策,0.383461375873,causal breakout and volume expansion; liquid_universe,2026-08-05,3653
4192,,2154,2026-08-10,liquid_universe-2026-08-07-6533,2026-08-17,2026-07-31,liquid_universe-2026-08,['6533'],"{'benchmark_return20': -0.02196727723094971, 'leader_return20': 0.3368146214099217, 'leader_volume_ratio': 3.0736927940118783}",['6533'],晶心科,0.358781898641,causal breakout and volume expansion; liquid_universe,2026-08-07,6533
3038,,2158,2026-08-14,liquid_universe-2026-08-13-7711,2026-08-21,2026-07-31,liquid_universe-2026-08,['7711'],"{'benchmark_return20': 0.008921899068157213, 'leader_return20': 0.5652866242038217, 'leader_volume_ratio': 3.7328526633103736}",['7711'],永擎,0.556364725136,causal breakout and volume expansion; liquid_universe,2026-08-13,7711
8101,,2160,2026-08-18,liquid_universe-2026-08-17-3234,,2026-07-31,liquid_universe-2026-08,['3234'],"{'benchmark_return20': 0.07961460446247481, 'leader_return20': 0.5576323987538943, 'leader_volume_ratio': 2.791219881243141}",['3234'],光環,0.478017794291,causal breakout and volume expansion; liquid_universe,2026-08-17,3234
2736,,2164,2026-08-24,liquid_universe-2026-08-21-6213,,2026-07-31,liquid_universe-2026-08,['6213'],"{'benchmark_return20': 0.029006882989183858, 'leader_return20': 0.6575121163166397, 'leader_volume_ratio': 2.659964637931744}",['6213'],聯茂,0.628505233327,causal breakout and volume expansion; liquid_universe,2026-08-21,6213
