date,event_id,keep,reason,requested_qty,signal_date,stock_id
2025-01-14,2025-01-g011-2025-01-02-3594,2564,reduce_half15,2563,2025-01-13,3594
2025-01-15,2025-01-g011-2025-01-02-3594,2564,reduce_half15,472,2025-01-13,3594
2025-01-16,2025-01-g011-2025-01-02-3594,2564,reduce_half15,391,2025-01-13,3594
2025-01-17,2025-01-g011-2025-01-02-3594,2564,reduce_half15,322,2025-01-13,3594
2025-01-20,2025-01-g011-2025-01-02-3594,2564,reduce_half15,225,2025-01-13,3594
2025-01-21,2025-01-g011-2025-01-02-3594,2564,reduce_half15,172,2025-01-13,3594
2025-01-22,2025-01-g011-2025-01-02-3594,2564,reduce_half15,122,2025-01-13,3594
2025-03-03,2025-01-g015-2025-01-02-6689,1196,reduce_half15,1196,2025-02-27,6689
2025-04-01,2025-01-g021-2025-01-22-6139,548,reduce_half15,547,2025-03-31,6139
2025-04-02,2025-01-g021-2025-01-22-6139,548,reduce_half15,272,2025-03-31,6139
2025-04-07,2025-01-g021-2025-01-22-6139,0,core_ma60_two,605,2025-04-02,6139
2025-07-30,2025-06-g020-2025-06-25-6739,129,reduce_half15,128,2025-07-29,6739
2025-09-16,2025-09-g005-2025-09-08-5309,2626,reduce_half15,2625,2025-09-15,5309
2025-11-19,2025-10-g010-2025-10-01-6290,1193,reduce_half15,1193,2025-11-18,6290
2025-11-24,2025-10-g014-2025-10-15-4967,1231,reduce_half15,1231,2025-11-21,4967
2026-02-03,2026-01-g010-2026-01-08-3105,911,reduce_half15,911,2026-02-02,3105
2026-02-04,2026-01-g004-2026-01-26-2408,700,reduce_half15,699,2026-02-03,2408
2026-02-11,2026-01-g017-2026-01-08-6443,5765,reduce_half15,5764,2026-02-10,6443
2026-03-18,2026-03-g024-2026-03-06-3081,140,reduce_half15,140,2026-03-17,3081
2026-04-08,2026-01-g017-2026-01-08-6443,0,core_ma60_two,5765,2026-04-07,6443
2026-04-27,2026-04-g012-2026-04-08-2426,6000,reduce_half15,6000,2026-04-24,2426
2026-05-18,2026-04-g020-2026-04-27-6488,455,reduce_half15,454,2026-05-15,6488
2026-07-14,2026-06-g011-2026-06-09-6197,932,reduce_half15,932,2026-07-13,6197
2026-08-28,2026-08-g013-2026-08-10-2615,3345,reduce_half15,3344,2026-08-27,2615
2026-09-07,2026-08-g004-2026-08-21-1815,2946,reduce_half15,2946,2026-09-04,1815
